[2025-10-08 22:52:23] local.INFO: ChatBerry Webhook Received: {"object":"whatsapp_business_account","entry":[{"id":"1275182881062952","changes":[{"value":{"messaging_product":"whatsapp","metadata":{"display_phone_number":"96590094353","phone_number_id":"699682719900962"},"statuses":[{"id":"wamid.HBgMOTY2NTQ2NDIxNzY2FQIAERgSMEY4Rjc1NkJCNzQ3MzREQTM5AA==","status":"delivered","timestamp":"1759963942","recipient_id":"966546421766","conversation":{"id":"Over 9 levels deep, aborting normalization","origin":"Over 9 levels deep, aborting normalization"},"pricing":{"billable":"Over 9 levels deep, aborting normalization","pricing_model":"Over 9 levels deep, aborting normalization","category":"Over 9 levels deep, aborting normalization","type":"Over 9 levels deep, aborting normalization"}}]},"field":"messages"}]}]} 
[2025-10-08 22:52:23] local.INFO: ChatBerry Webhook Received: {"object":"whatsapp_business_account","entry":[{"id":"1275182881062952","changes":[{"value":{"messaging_product":"whatsapp","metadata":{"display_phone_number":"96590094353","phone_number_id":"699682719900962"},"statuses":[{"id":"wamid.HBgMOTY2NTQ2NDIxNzY2FQIAERgSMEY4Rjc1NkJCNzQ3MzREQTM5AA==","status":"sent","timestamp":"1759963941","recipient_id":"966546421766","conversation":{"id":"Over 9 levels deep, aborting normalization","expiration_timestamp":"Over 9 levels deep, aborting normalization","origin":"Over 9 levels deep, aborting normalization"},"pricing":{"billable":"Over 9 levels deep, aborting normalization","pricing_model":"Over 9 levels deep, aborting normalization","category":"Over 9 levels deep, aborting normalization","type":"Over 9 levels deep, aborting normalization"}}]},"field":"messages"}]}]} 
[2025-10-08 22:52:27] local.INFO: ChatBerry Webhook Received: {"object":"whatsapp_business_account","entry":[{"id":"1275182881062952","changes":[{"value":{"messaging_product":"whatsapp","metadata":{"display_phone_number":"96590094353","phone_number_id":"699682719900962"},"contacts":[{"profile":{"name":"Over 9 levels deep, aborting normalization"},"wa_id":"966546421766"}],"messages":[{"context":{"from":"Over 9 levels deep, aborting normalization","id":"Over 9 levels deep, aborting normalization"},"from":"966546421766","id":"wamid.HBgMOTY2NTQ2NDIxNzY2FQIAEhgUM0Y2QjYwQ0ExODYxNUUwOEJENjgA","timestamp":"1759963945","type":"button","button":{"payload":"Over 9 levels deep, aborting normalization","text":"Over 9 levels deep, aborting normalization"}}]},"field":"messages"}]}]} 
[2025-10-08 22:54:27] local.INFO: Raw Webhook Data: {"object":"whatsapp_business_account","entry":[{"id":"1275182881062952","changes":[{"value":{"messaging_product":"whatsapp","metadata":{"display_phone_number":"96590094353","phone_number_id":"699682719900962"},"contacts":[{"profile":{"name":"Over 9 levels deep, aborting normalization"},"wa_id":"966546421766"}],"messages":[{"context":{"from":"Over 9 levels deep, aborting normalization","id":"Over 9 levels deep, aborting normalization"},"from":"966546421766","id":"wamid.HBgMOTY2NTQ2NDIxNzY2FQIAEhgUM0Y4NTI2NEY2MjhGQzg3QjRBQUEA","timestamp":"1759964065","type":"button","button":{"payload":"Over 9 levels deep, aborting normalization","text":"Over 9 levels deep, aborting normalization"}}]},"field":"messages"}]}]} 
[2025-10-08 22:54:27] local.INFO: Button Press Detected {"phone":"966546421766","button":"اعتذار"} 
[2025-10-08 22:54:27] local.INFO: Status Updated Successfully {"phone":"966546421766","status":"declined"} 
[2025-10-08 23:00:08] local.ERROR: Cannot redeclare App\Http\Controllers\EventContactController::handlewebhook() {"exception":"[object] (Symfony\\Component\\ErrorHandler\\Error\\FatalError(code: 0): Cannot redeclare App\\Http\\Controllers\\EventContactController::handlewebhook() at /home/linkatt/public_html/staging/WeddingAppDashboard/app/Http/Controllers/EventContactController.php:240)
[stacktrace]
#0 {main}
"} 
[2025-10-08 23:00:51] local.ERROR: Target class [WebhookController] does not exist. {"exception":"[object] (Illuminate\\Contracts\\Container\\BindingResolutionException(code: 0): Target class [WebhookController] does not exist. at /home/linkatt/public_html/staging/WeddingAppDashboard/vendor/laravel/framework/src/Illuminate/Container/Container.php:891)
[stacktrace]
#0 /home/linkatt/public_html/staging/WeddingAppDashboard/vendor/laravel/framework/src/Illuminate/Container/Container.php(770): Illuminate\\Container\\Container->build('WebhookControll...')
#1 /home/linkatt/public_html/staging/WeddingAppDashboard/vendor/laravel/framework/src/Illuminate/Foundation/Application.php(881): Illuminate\\Container\\Container->resolve('WebhookControll...', Array, true)
#2 /home/linkatt/public_html/staging/WeddingAppDashboard/vendor/laravel/framework/src/Illuminate/Container/Container.php(706): Illuminate\\Foundation\\Application->resolve('WebhookControll...', Array)
#3 /home/linkatt/public_html/staging/WeddingAppDashboard/vendor/laravel/framework/src/Illuminate/Foundation/Application.php(866): Illuminate\\Container\\Container->make('WebhookControll...', Array)
#4 /home/linkatt/public_html/staging/WeddingAppDashboard/vendor/laravel/framework/src/Illuminate/Routing/Route.php(274): Illuminate\\Foundation\\Application->make('WebhookControll...')
#5 /home/linkatt/public_html/staging/WeddingAppDashboard/vendor/laravel/framework/src/Illuminate/Routing/Route.php(260): Illuminate\\Routing\\Route->getController()
#6 /home/linkatt/public_html/staging/WeddingAppDashboard/vendor/laravel/framework/src/Illuminate/Routing/Route.php(205): Illuminate\\Routing\\Route->runController()
#7 /home/linkatt/public_html/staging/WeddingAppDashboard/vendor/laravel/framework/src/Illuminate/Routing/Router.php(798): Illuminate\\Routing\\Route->run()
#8 /home/linkatt/public_html/staging/WeddingAppDashboard/vendor/laravel/framework/src/Illuminate/Pipeline/Pipeline.php(141): Illuminate\\Routing\\Router->Illuminate\\Routing\\{closure}(Object(Illuminate\\Http\\Request))
#9 /home/linkatt/public_html/staging/WeddingAppDashboard/vendor/laravel/framework/src/Illuminate/Routing/Middleware/SubstituteBindings.php(50): Illuminate\\Pipeline\\Pipeline->Illuminate\\Pipeline\\{closure}(Object(Illuminate\\Http\\Request))
#10 /home/linkatt/public_html/staging/WeddingAppDashboard/vendor/laravel/framework/src/Illuminate/Pipeline/Pipeline.php(180): Illuminate\\Routing\\Middleware\\SubstituteBindings->handle(Object(Illuminate\\Http\\Request), Object(Closure))
#11 /home/linkatt/public_html/staging/WeddingAppDashboard/vendor/laravel/framework/src/Illuminate/Foundation/Http/Middleware/VerifyCsrfToken.php(78): Illuminate\\Pipeline\\Pipeline->Illuminate\\Pipeline\\{closure}(Object(Illuminate\\Http\\Request))
#12 /home/linkatt/public_html/staging/WeddingAppDashboard/vendor/laravel/framework/src/Illuminate/Pipeline/Pipeline.php(180): Illuminate\\Foundation\\Http\\Middleware\\VerifyCsrfToken->handle(Object(Illuminate\\Http\\Request), Object(Closure))
#13 /home/linkatt/public_html/staging/WeddingAppDashboard/vendor/laravel/framework/src/Illuminate/View/Middleware/ShareErrorsFromSession.php(49): Illuminate\\Pipeline\\Pipeline->Illuminate\\Pipeline\\{closure}(Object(Illuminate\\Http\\Request))
#14 /home/linkatt/public_html/staging/WeddingAppDashboard/vendor/laravel/framework/src/Illuminate/Pipeline/Pipeline.php(180): Illuminate\\View\\Middleware\\ShareErrorsFromSession->handle(Object(Illuminate\\Http\\Request), Object(Closure))
#15 /home/linkatt/public_html/staging/WeddingAppDashboard/vendor/laravel/framework/src/Illuminate/Session/Middleware/StartSession.php(121): Illuminate\\Pipeline\\Pipeline->Illuminate\\Pipeline\\{closure}(Object(Illuminate\\Http\\Request))
#16 /home/linkatt/public_html/staging/WeddingAppDashboard/vendor/laravel/framework/src/Illuminate/Session/Middleware/StartSession.php(64): Illuminate\\Session\\Middleware\\StartSession->handleStatefulRequest(Object(Illuminate\\Http\\Request), Object(Illuminate\\Session\\Store), Object(Closure))
#17 /home/linkatt/public_html/staging/WeddingAppDashboard/vendor/laravel/framework/src/Illuminate/Pipeline/Pipeline.php(180): Illuminate\\Session\\Middleware\\StartSession->handle(Object(Illuminate\\Http\\Request), Object(Closure))
#18 /home/linkatt/public_html/staging/WeddingAppDashboard/vendor/laravel/framework/src/Illuminate/Cookie/Middleware/AddQueuedCookiesToResponse.php(37): Illuminate\\Pipeline\\Pipeline->Illuminate\\Pipeline\\{closure}(Object(Illuminate\\Http\\Request))
#19 /home/linkatt/public_html/staging/WeddingAppDashboard/vendor/laravel/framework/src/Illuminate/Pipeline/Pipeline.php(180): Illuminate\\Cookie\\Middleware\\AddQueuedCookiesToResponse->handle(Object(Illuminate\\Http\\Request), Object(Closure))
#20 /home/linkatt/public_html/staging/WeddingAppDashboard/vendor/laravel/framework/src/Illuminate/Cookie/Middleware/EncryptCookies.php(67): Illuminate\\Pipeline\\Pipeline->Illuminate\\Pipeline\\{closure}(Object(Illuminate\\Http\\Request))
#21 /home/linkatt/public_html/staging/WeddingAppDashboard/vendor/laravel/framework/src/Illuminate/Pipeline/Pipeline.php(180): Illuminate\\Cookie\\Middleware\\EncryptCookies->handle(Object(Illuminate\\Http\\Request), Object(Closure))
#22 /home/linkatt/public_html/staging/WeddingAppDashboard/vendor/laravel/framework/src/Illuminate/Pipeline/Pipeline.php(116): Illuminate\\Pipeline\\Pipeline->Illuminate\\Pipeline\\{closure}(Object(Illuminate\\Http\\Request))
#23 /home/linkatt/public_html/staging/WeddingAppDashboard/vendor/laravel/framework/src/Illuminate/Routing/Router.php(799): Illuminate\\Pipeline\\Pipeline->then(Object(Closure))
#24 /home/linkatt/public_html/staging/WeddingAppDashboard/vendor/laravel/framework/src/Illuminate/Routing/Router.php(776): Illuminate\\Routing\\Router->runRouteWithinStack(Object(Illuminate\\Routing\\Route), Object(Illuminate\\Http\\Request))
#25 /home/linkatt/public_html/staging/WeddingAppDashboard/vendor/laravel/framework/src/Illuminate/Routing/Router.php(740): Illuminate\\Routing\\Router->runRoute(Object(Illuminate\\Http\\Request), Object(Illuminate\\Routing\\Route))
#26 /home/linkatt/public_html/staging/WeddingAppDashboard/vendor/laravel/framework/src/Illuminate/Routing/Router.php(729): Illuminate\\Routing\\Router->dispatchToRoute(Object(Illuminate\\Http\\Request))
#27 /home/linkatt/public_html/staging/WeddingAppDashboard/vendor/laravel/framework/src/Illuminate/Foundation/Http/Kernel.php(190): Illuminate\\Routing\\Router->dispatch(Object(Illuminate\\Http\\Request))
#28 /home/linkatt/public_html/staging/WeddingAppDashboard/vendor/laravel/framework/src/Illuminate/Pipeline/Pipeline.php(141): Illuminate\\Foundation\\Http\\Kernel->Illuminate\\Foundation\\Http\\{closure}(Object(Illuminate\\Http\\Request))
#29 /home/linkatt/public_html/staging/WeddingAppDashboard/vendor/laravel/framework/src/Illuminate/Foundation/Http/Middleware/TransformsRequest.php(21): Illuminate\\Pipeline\\Pipeline->Illuminate\\Pipeline\\{closure}(Object(Illuminate\\Http\\Request))
#30 /home/linkatt/public_html/staging/WeddingAppDashboard/vendor/laravel/framework/src/Illuminate/Foundation/Http/Middleware/ConvertEmptyStringsToNull.php(31): Illuminate\\Foundation\\Http\\Middleware\\TransformsRequest->handle(Object(Illuminate\\Http\\Request), Object(Closure))
#31 /home/linkatt/public_html/staging/WeddingAppDashboard/vendor/laravel/framework/src/Illuminate/Pipeline/Pipeline.php(180): Illuminate\\Foundation\\Http\\Middleware\\ConvertEmptyStringsToNull->handle(Object(Illuminate\\Http\\Request), Object(Closure))
#32 /home/linkatt/public_html/staging/WeddingAppDashboard/vendor/laravel/framework/src/Illuminate/Foundation/Http/Middleware/TransformsRequest.php(21): Illuminate\\Pipeline\\Pipeline->Illuminate\\Pipeline\\{closure}(Object(Illuminate\\Http\\Request))
#33 /home/linkatt/public_html/staging/WeddingAppDashboard/vendor/laravel/framework/src/Illuminate/Foundation/Http/Middleware/TrimStrings.php(40): Illuminate\\Foundation\\Http\\Middleware\\TransformsRequest->handle(Object(Illuminate\\Http\\Request), Object(Closure))
#34 /home/linkatt/public_html/staging/WeddingAppDashboard/vendor/laravel/framework/src/Illuminate/Pipeline/Pipeline.php(180): Illuminate\\Foundation\\Http\\Middleware\\TrimStrings->handle(Object(Illuminate\\Http\\Request), Object(Closure))
#35 /home/linkatt/public_html/staging/WeddingAppDashboard/vendor/laravel/framework/src/Illuminate/Foundation/Http/Middleware/ValidatePostSize.php(27): Illuminate\\Pipeline\\Pipeline->Illuminate\\Pipeline\\{closure}(Object(Illuminate\\Http\\Request))
#36 /home/linkatt/public_html/staging/WeddingAppDashboard/vendor/laravel/framework/src/Illuminate/Pipeline/Pipeline.php(180): Illuminate\\Foundation\\Http\\Middleware\\ValidatePostSize->handle(Object(Illuminate\\Http\\Request), Object(Closure))
#37 /home/linkatt/public_html/staging/WeddingAppDashboard/vendor/laravel/framework/src/Illuminate/Foundation/Http/Middleware/PreventRequestsDuringMaintenance.php(86): Illuminate\\Pipeline\\Pipeline->Illuminate\\Pipeline\\{closure}(Object(Illuminate\\Http\\Request))
#38 /home/linkatt/public_html/staging/WeddingAppDashboard/vendor/laravel/framework/src/Illuminate/Pipeline/Pipeline.php(180): Illuminate\\Foundation\\Http\\Middleware\\PreventRequestsDuringMaintenance->handle(Object(Illuminate\\Http\\Request), Object(Closure))
#39 /home/linkatt/public_html/staging/WeddingAppDashboard/vendor/laravel/framework/src/Illuminate/Http/Middleware/HandleCors.php(49): Illuminate\\Pipeline\\Pipeline->Illuminate\\Pipeline\\{closure}(Object(Illuminate\\Http\\Request))
#40 /home/linkatt/public_html/staging/WeddingAppDashboard/vendor/laravel/framework/src/Illuminate/Pipeline/Pipeline.php(180): Illuminate\\Http\\Middleware\\HandleCors->handle(Object(Illuminate\\Http\\Request), Object(Closure))
#41 /home/linkatt/public_html/staging/WeddingAppDashboard/vendor/laravel/framework/src/Illuminate/Http/Middleware/TrustProxies.php(39): Illuminate\\Pipeline\\Pipeline->Illuminate\\Pipeline\\{closure}(Object(Illuminate\\Http\\Request))
#42 /home/linkatt/public_html/staging/WeddingAppDashboard/vendor/laravel/framework/src/Illuminate/Pipeline/Pipeline.php(180): Illuminate\\Http\\Middleware\\TrustProxies->handle(Object(Illuminate\\Http\\Request), Object(Closure))
#43 /home/linkatt/public_html/staging/WeddingAppDashboard/vendor/laravel/framework/src/Illuminate/Pipeline/Pipeline.php(116): Illuminate\\Pipeline\\Pipeline->Illuminate\\Pipeline\\{closure}(Object(Illuminate\\Http\\Request))
#44 /home/linkatt/public_html/staging/WeddingAppDashboard/vendor/laravel/framework/src/Illuminate/Foundation/Http/Kernel.php(165): Illuminate\\Pipeline\\Pipeline->then(Object(Closure))
#45 /home/linkatt/public_html/staging/WeddingAppDashboard/vendor/laravel/framework/src/Illuminate/Foundation/Http/Kernel.php(134): Illuminate\\Foundation\\Http\\Kernel->sendRequestThroughRouter(Object(Illuminate\\Http\\Request))
#46 /home/linkatt/public_html/staging/WeddingAppDashboard/public/index.php(52): Illuminate\\Foundation\\Http\\Kernel->handle(Object(Illuminate\\Http\\Request))
#47 {main}

[previous exception] [object] (ReflectionException(code: -1): Class \"WebhookController\" does not exist at /home/linkatt/public_html/staging/WeddingAppDashboard/vendor/laravel/framework/src/Illuminate/Container/Container.php:889)
[stacktrace]
#0 /home/linkatt/public_html/staging/WeddingAppDashboard/vendor/laravel/framework/src/Illuminate/Container/Container.php(889): ReflectionClass->__construct('WebhookControll...')
#1 /home/linkatt/public_html/staging/WeddingAppDashboard/vendor/laravel/framework/src/Illuminate/Container/Container.php(770): Illuminate\\Container\\Container->build('WebhookControll...')
#2 /home/linkatt/public_html/staging/WeddingAppDashboard/vendor/laravel/framework/src/Illuminate/Foundation/Application.php(881): Illuminate\\Container\\Container->resolve('WebhookControll...', Array, true)
#3 /home/linkatt/public_html/staging/WeddingAppDashboard/vendor/laravel/framework/src/Illuminate/Container/Container.php(706): Illuminate\\Foundation\\Application->resolve('WebhookControll...', Array)
#4 /home/linkatt/public_html/staging/WeddingAppDashboard/vendor/laravel/framework/src/Illuminate/Foundation/Application.php(866): Illuminate\\Container\\Container->make('WebhookControll...', Array)
#5 /home/linkatt/public_html/staging/WeddingAppDashboard/vendor/laravel/framework/src/Illuminate/Routing/Route.php(274): Illuminate\\Foundation\\Application->make('WebhookControll...')
#6 /home/linkatt/public_html/staging/WeddingAppDashboard/vendor/laravel/framework/src/Illuminate/Routing/Route.php(260): Illuminate\\Routing\\Route->getController()
#7 /home/linkatt/public_html/staging/WeddingAppDashboard/vendor/laravel/framework/src/Illuminate/Routing/Route.php(205): Illuminate\\Routing\\Route->runController()
#8 /home/linkatt/public_html/staging/WeddingAppDashboard/vendor/laravel/framework/src/Illuminate/Routing/Router.php(798): Illuminate\\Routing\\Route->run()
#9 /home/linkatt/public_html/staging/WeddingAppDashboard/vendor/laravel/framework/src/Illuminate/Pipeline/Pipeline.php(141): Illuminate\\Routing\\Router->Illuminate\\Routing\\{closure}(Object(Illuminate\\Http\\Request))
#10 /home/linkatt/public_html/staging/WeddingAppDashboard/vendor/laravel/framework/src/Illuminate/Routing/Middleware/SubstituteBindings.php(50): Illuminate\\Pipeline\\Pipeline->Illuminate\\Pipeline\\{closure}(Object(Illuminate\\Http\\Request))
#11 /home/linkatt/public_html/staging/WeddingAppDashboard/vendor/laravel/framework/src/Illuminate/Pipeline/Pipeline.php(180): Illuminate\\Routing\\Middleware\\SubstituteBindings->handle(Object(Illuminate\\Http\\Request), Object(Closure))
#12 /home/linkatt/public_html/staging/WeddingAppDashboard/vendor/laravel/framework/src/Illuminate/Foundation/Http/Middleware/VerifyCsrfToken.php(78): Illuminate\\Pipeline\\Pipeline->Illuminate\\Pipeline\\{closure}(Object(Illuminate\\Http\\Request))
#13 /home/linkatt/public_html/staging/WeddingAppDashboard/vendor/laravel/framework/src/Illuminate/Pipeline/Pipeline.php(180): Illuminate\\Foundation\\Http\\Middleware\\VerifyCsrfToken->handle(Object(Illuminate\\Http\\Request), Object(Closure))
#14 /home/linkatt/public_html/staging/WeddingAppDashboard/vendor/laravel/framework/src/Illuminate/View/Middleware/ShareErrorsFromSession.php(49): Illuminate\\Pipeline\\Pipeline->Illuminate\\Pipeline\\{closure}(Object(Illuminate\\Http\\Request))
#15 /home/linkatt/public_html/staging/WeddingAppDashboard/vendor/laravel/framework/src/Illuminate/Pipeline/Pipeline.php(180): Illuminate\\View\\Middleware\\ShareErrorsFromSession->handle(Object(Illuminate\\Http\\Request), Object(Closure))
#16 /home/linkatt/public_html/staging/WeddingAppDashboard/vendor/laravel/framework/src/Illuminate/Session/Middleware/StartSession.php(121): Illuminate\\Pipeline\\Pipeline->Illuminate\\Pipeline\\{closure}(Object(Illuminate\\Http\\Request))
#17 /home/linkatt/public_html/staging/WeddingAppDashboard/vendor/laravel/framework/src/Illuminate/Session/Middleware/StartSession.php(64): Illuminate\\Session\\Middleware\\StartSession->handleStatefulRequest(Object(Illuminate\\Http\\Request), Object(Illuminate\\Session\\Store), Object(Closure))
#18 /home/linkatt/public_html/staging/WeddingAppDashboard/vendor/laravel/framework/src/Illuminate/Pipeline/Pipeline.php(180): Illuminate\\Session\\Middleware\\StartSession->handle(Object(Illuminate\\Http\\Request), Object(Closure))
#19 /home/linkatt/public_html/staging/WeddingAppDashboard/vendor/laravel/framework/src/Illuminate/Cookie/Middleware/AddQueuedCookiesToResponse.php(37): Illuminate\\Pipeline\\Pipeline->Illuminate\\Pipeline\\{closure}(Object(Illuminate\\Http\\Request))
#20 /home/linkatt/public_html/staging/WeddingAppDashboard/vendor/laravel/framework/src/Illuminate/Pipeline/Pipeline.php(180): Illuminate\\Cookie\\Middleware\\AddQueuedCookiesToResponse->handle(Object(Illuminate\\Http\\Request), Object(Closure))
#21 /home/linkatt/public_html/staging/WeddingAppDashboard/vendor/laravel/framework/src/Illuminate/Cookie/Middleware/EncryptCookies.php(67): Illuminate\\Pipeline\\Pipeline->Illuminate\\Pipeline\\{closure}(Object(Illuminate\\Http\\Request))
#22 /home/linkatt/public_html/staging/WeddingAppDashboard/vendor/laravel/framework/src/Illuminate/Pipeline/Pipeline.php(180): Illuminate\\Cookie\\Middleware\\EncryptCookies->handle(Object(Illuminate\\Http\\Request), Object(Closure))
#23 /home/linkatt/public_html/staging/WeddingAppDashboard/vendor/laravel/framework/src/Illuminate/Pipeline/Pipeline.php(116): Illuminate\\Pipeline\\Pipeline->Illuminate\\Pipeline\\{closure}(Object(Illuminate\\Http\\Request))
#24 /home/linkatt/public_html/staging/WeddingAppDashboard/vendor/laravel/framework/src/Illuminate/Routing/Router.php(799): Illuminate\\Pipeline\\Pipeline->then(Object(Closure))
#25 /home/linkatt/public_html/staging/WeddingAppDashboard/vendor/laravel/framework/src/Illuminate/Routing/Router.php(776): Illuminate\\Routing\\Router->runRouteWithinStack(Object(Illuminate\\Routing\\Route), Object(Illuminate\\Http\\Request))
#26 /home/linkatt/public_html/staging/WeddingAppDashboard/vendor/laravel/framework/src/Illuminate/Routing/Router.php(740): Illuminate\\Routing\\Router->runRoute(Object(Illuminate\\Http\\Request), Object(Illuminate\\Routing\\Route))
#27 /home/linkatt/public_html/staging/WeddingAppDashboard/vendor/laravel/framework/src/Illuminate/Routing/Router.php(729): Illuminate\\Routing\\Router->dispatchToRoute(Object(Illuminate\\Http\\Request))
#28 /home/linkatt/public_html/staging/WeddingAppDashboard/vendor/laravel/framework/src/Illuminate/Foundation/Http/Kernel.php(190): Illuminate\\Routing\\Router->dispatch(Object(Illuminate\\Http\\Request))
#29 /home/linkatt/public_html/staging/WeddingAppDashboard/vendor/laravel/framework/src/Illuminate/Pipeline/Pipeline.php(141): Illuminate\\Foundation\\Http\\Kernel->Illuminate\\Foundation\\Http\\{closure}(Object(Illuminate\\Http\\Request))
#30 /home/linkatt/public_html/staging/WeddingAppDashboard/vendor/laravel/framework/src/Illuminate/Foundation/Http/Middleware/TransformsRequest.php(21): Illuminate\\Pipeline\\Pipeline->Illuminate\\Pipeline\\{closure}(Object(Illuminate\\Http\\Request))
#31 /home/linkatt/public_html/staging/WeddingAppDashboard/vendor/laravel/framework/src/Illuminate/Foundation/Http/Middleware/ConvertEmptyStringsToNull.php(31): Illuminate\\Foundation\\Http\\Middleware\\TransformsRequest->handle(Object(Illuminate\\Http\\Request), Object(Closure))
#32 /home/linkatt/public_html/staging/WeddingAppDashboard/vendor/laravel/framework/src/Illuminate/Pipeline/Pipeline.php(180): Illuminate\\Foundation\\Http\\Middleware\\ConvertEmptyStringsToNull->handle(Object(Illuminate\\Http\\Request), Object(Closure))
#33 /home/linkatt/public_html/staging/WeddingAppDashboard/vendor/laravel/framework/src/Illuminate/Foundation/Http/Middleware/TransformsRequest.php(21): Illuminate\\Pipeline\\Pipeline->Illuminate\\Pipeline\\{closure}(Object(Illuminate\\Http\\Request))
#34 /home/linkatt/public_html/staging/WeddingAppDashboard/vendor/laravel/framework/src/Illuminate/Foundation/Http/Middleware/TrimStrings.php(40): Illuminate\\Foundation\\Http\\Middleware\\TransformsRequest->handle(Object(Illuminate\\Http\\Request), Object(Closure))
#35 /home/linkatt/public_html/staging/WeddingAppDashboard/vendor/laravel/framework/src/Illuminate/Pipeline/Pipeline.php(180): Illuminate\\Foundation\\Http\\Middleware\\TrimStrings->handle(Object(Illuminate\\Http\\Request), Object(Closure))
#36 /home/linkatt/public_html/staging/WeddingAppDashboard/vendor/laravel/framework/src/Illuminate/Foundation/Http/Middleware/ValidatePostSize.php(27): Illuminate\\Pipeline\\Pipeline->Illuminate\\Pipeline\\{closure}(Object(Illuminate\\Http\\Request))
#37 /home/linkatt/public_html/staging/WeddingAppDashboard/vendor/laravel/framework/src/Illuminate/Pipeline/Pipeline.php(180): Illuminate\\Foundation\\Http\\Middleware\\ValidatePostSize->handle(Object(Illuminate\\Http\\Request), Object(Closure))
#38 /home/linkatt/public_html/staging/WeddingAppDashboard/vendor/laravel/framework/src/Illuminate/Foundation/Http/Middleware/PreventRequestsDuringMaintenance.php(86): Illuminate\\Pipeline\\Pipeline->Illuminate\\Pipeline\\{closure}(Object(Illuminate\\Http\\Request))
#39 /home/linkatt/public_html/staging/WeddingAppDashboard/vendor/laravel/framework/src/Illuminate/Pipeline/Pipeline.php(180): Illuminate\\Foundation\\Http\\Middleware\\PreventRequestsDuringMaintenance->handle(Object(Illuminate\\Http\\Request), Object(Closure))
#40 /home/linkatt/public_html/staging/WeddingAppDashboard/vendor/laravel/framework/src/Illuminate/Http/Middleware/HandleCors.php(49): Illuminate\\Pipeline\\Pipeline->Illuminate\\Pipeline\\{closure}(Object(Illuminate\\Http\\Request))
#41 /home/linkatt/public_html/staging/WeddingAppDashboard/vendor/laravel/framework/src/Illuminate/Pipeline/Pipeline.php(180): Illuminate\\Http\\Middleware\\HandleCors->handle(Object(Illuminate\\Http\\Request), Object(Closure))
#42 /home/linkatt/public_html/staging/WeddingAppDashboard/vendor/laravel/framework/src/Illuminate/Http/Middleware/TrustProxies.php(39): Illuminate\\Pipeline\\Pipeline->Illuminate\\Pipeline\\{closure}(Object(Illuminate\\Http\\Request))
#43 /home/linkatt/public_html/staging/WeddingAppDashboard/vendor/laravel/framework/src/Illuminate/Pipeline/Pipeline.php(180): Illuminate\\Http\\Middleware\\TrustProxies->handle(Object(Illuminate\\Http\\Request), Object(Closure))
#44 /home/linkatt/public_html/staging/WeddingAppDashboard/vendor/laravel/framework/src/Illuminate/Pipeline/Pipeline.php(116): Illuminate\\Pipeline\\Pipeline->Illuminate\\Pipeline\\{closure}(Object(Illuminate\\Http\\Request))
#45 /home/linkatt/public_html/staging/WeddingAppDashboard/vendor/laravel/framework/src/Illuminate/Foundation/Http/Kernel.php(165): Illuminate\\Pipeline\\Pipeline->then(Object(Closure))
#46 /home/linkatt/public_html/staging/WeddingAppDashboard/vendor/laravel/framework/src/Illuminate/Foundation/Http/Kernel.php(134): Illuminate\\Foundation\\Http\\Kernel->sendRequestThroughRouter(Object(Illuminate\\Http\\Request))
#47 /home/linkatt/public_html/staging/WeddingAppDashboard/public/index.php(52): Illuminate\\Foundation\\Http\\Kernel->handle(Object(Illuminate\\Http\\Request))
#48 {main}
"} 
[2025-10-08 23:00:51] local.ERROR: Target class [WebhookController] does not exist. {"exception":"[object] (Illuminate\\Contracts\\Container\\BindingResolutionException(code: 0): Target class [WebhookController] does not exist. at /home/linkatt/public_html/staging/WeddingAppDashboard/vendor/laravel/framework/src/Illuminate/Container/Container.php:891)
[stacktrace]
#0 /home/linkatt/public_html/staging/WeddingAppDashboard/vendor/laravel/framework/src/Illuminate/Container/Container.php(770): Illuminate\\Container\\Container->build('WebhookControll...')
#1 /home/linkatt/public_html/staging/WeddingAppDashboard/vendor/laravel/framework/src/Illuminate/Foundation/Application.php(881): Illuminate\\Container\\Container->resolve('WebhookControll...', Array, true)
#2 /home/linkatt/public_html/staging/WeddingAppDashboard/vendor/laravel/framework/src/Illuminate/Container/Container.php(706): Illuminate\\Foundation\\Application->resolve('WebhookControll...', Array)
#3 /home/linkatt/public_html/staging/WeddingAppDashboard/vendor/laravel/framework/src/Illuminate/Foundation/Application.php(866): Illuminate\\Container\\Container->make('WebhookControll...', Array)
#4 /home/linkatt/public_html/staging/WeddingAppDashboard/vendor/laravel/framework/src/Illuminate/Routing/Route.php(274): Illuminate\\Foundation\\Application->make('WebhookControll...')
#5 /home/linkatt/public_html/staging/WeddingAppDashboard/vendor/laravel/framework/src/Illuminate/Routing/Route.php(260): Illuminate\\Routing\\Route->getController()
#6 /home/linkatt/public_html/staging/WeddingAppDashboard/vendor/laravel/framework/src/Illuminate/Routing/Route.php(205): Illuminate\\Routing\\Route->runController()
#7 /home/linkatt/public_html/staging/WeddingAppDashboard/vendor/laravel/framework/src/Illuminate/Routing/Router.php(798): Illuminate\\Routing\\Route->run()
#8 /home/linkatt/public_html/staging/WeddingAppDashboard/vendor/laravel/framework/src/Illuminate/Pipeline/Pipeline.php(141): Illuminate\\Routing\\Router->Illuminate\\Routing\\{closure}(Object(Illuminate\\Http\\Request))
#9 /home/linkatt/public_html/staging/WeddingAppDashboard/vendor/laravel/framework/src/Illuminate/Routing/Middleware/SubstituteBindings.php(50): Illuminate\\Pipeline\\Pipeline->Illuminate\\Pipeline\\{closure}(Object(Illuminate\\Http\\Request))
#10 /home/linkatt/public_html/staging/WeddingAppDashboard/vendor/laravel/framework/src/Illuminate/Pipeline/Pipeline.php(180): Illuminate\\Routing\\Middleware\\SubstituteBindings->handle(Object(Illuminate\\Http\\Request), Object(Closure))
#11 /home/linkatt/public_html/staging/WeddingAppDashboard/vendor/laravel/framework/src/Illuminate/Foundation/Http/Middleware/VerifyCsrfToken.php(78): Illuminate\\Pipeline\\Pipeline->Illuminate\\Pipeline\\{closure}(Object(Illuminate\\Http\\Request))
#12 /home/linkatt/public_html/staging/WeddingAppDashboard/vendor/laravel/framework/src/Illuminate/Pipeline/Pipeline.php(180): Illuminate\\Foundation\\Http\\Middleware\\VerifyCsrfToken->handle(Object(Illuminate\\Http\\Request), Object(Closure))
#13 /home/linkatt/public_html/staging/WeddingAppDashboard/vendor/laravel/framework/src/Illuminate/View/Middleware/ShareErrorsFromSession.php(49): Illuminate\\Pipeline\\Pipeline->Illuminate\\Pipeline\\{closure}(Object(Illuminate\\Http\\Request))
#14 /home/linkatt/public_html/staging/WeddingAppDashboard/vendor/laravel/framework/src/Illuminate/Pipeline/Pipeline.php(180): Illuminate\\View\\Middleware\\ShareErrorsFromSession->handle(Object(Illuminate\\Http\\Request), Object(Closure))
#15 /home/linkatt/public_html/staging/WeddingAppDashboard/vendor/laravel/framework/src/Illuminate/Session/Middleware/StartSession.php(121): Illuminate\\Pipeline\\Pipeline->Illuminate\\Pipeline\\{closure}(Object(Illuminate\\Http\\Request))
#16 /home/linkatt/public_html/staging/WeddingAppDashboard/vendor/laravel/framework/src/Illuminate/Session/Middleware/StartSession.php(64): Illuminate\\Session\\Middleware\\StartSession->handleStatefulRequest(Object(Illuminate\\Http\\Request), Object(Illuminate\\Session\\Store), Object(Closure))
#17 /home/linkatt/public_html/staging/WeddingAppDashboard/vendor/laravel/framework/src/Illuminate/Pipeline/Pipeline.php(180): Illuminate\\Session\\Middleware\\StartSession->handle(Object(Illuminate\\Http\\Request), Object(Closure))
#18 /home/linkatt/public_html/staging/WeddingAppDashboard/vendor/laravel/framework/src/Illuminate/Cookie/Middleware/AddQueuedCookiesToResponse.php(37): Illuminate\\Pipeline\\Pipeline->Illuminate\\Pipeline\\{closure}(Object(Illuminate\\Http\\Request))
#19 /home/linkatt/public_html/staging/WeddingAppDashboard/vendor/laravel/framework/src/Illuminate/Pipeline/Pipeline.php(180): Illuminate\\Cookie\\Middleware\\AddQueuedCookiesToResponse->handle(Object(Illuminate\\Http\\Request), Object(Closure))
#20 /home/linkatt/public_html/staging/WeddingAppDashboard/vendor/laravel/framework/src/Illuminate/Cookie/Middleware/EncryptCookies.php(67): Illuminate\\Pipeline\\Pipeline->Illuminate\\Pipeline\\{closure}(Object(Illuminate\\Http\\Request))
#21 /home/linkatt/public_html/staging/WeddingAppDashboard/vendor/laravel/framework/src/Illuminate/Pipeline/Pipeline.php(180): Illuminate\\Cookie\\Middleware\\EncryptCookies->handle(Object(Illuminate\\Http\\Request), Object(Closure))
#22 /home/linkatt/public_html/staging/WeddingAppDashboard/vendor/laravel/framework/src/Illuminate/Pipeline/Pipeline.php(116): Illuminate\\Pipeline\\Pipeline->Illuminate\\Pipeline\\{closure}(Object(Illuminate\\Http\\Request))
#23 /home/linkatt/public_html/staging/WeddingAppDashboard/vendor/laravel/framework/src/Illuminate/Routing/Router.php(799): Illuminate\\Pipeline\\Pipeline->then(Object(Closure))
#24 /home/linkatt/public_html/staging/WeddingAppDashboard/vendor/laravel/framework/src/Illuminate/Routing/Router.php(776): Illuminate\\Routing\\Router->runRouteWithinStack(Object(Illuminate\\Routing\\Route), Object(Illuminate\\Http\\Request))
#25 /home/linkatt/public_html/staging/WeddingAppDashboard/vendor/laravel/framework/src/Illuminate/Routing/Router.php(740): Illuminate\\Routing\\Router->runRoute(Object(Illuminate\\Http\\Request), Object(Illuminate\\Routing\\Route))
#26 /home/linkatt/public_html/staging/WeddingAppDashboard/vendor/laravel/framework/src/Illuminate/Routing/Router.php(729): Illuminate\\Routing\\Router->dispatchToRoute(Object(Illuminate\\Http\\Request))
#27 /home/linkatt/public_html/staging/WeddingAppDashboard/vendor/laravel/framework/src/Illuminate/Foundation/Http/Kernel.php(190): Illuminate\\Routing\\Router->dispatch(Object(Illuminate\\Http\\Request))
#28 /home/linkatt/public_html/staging/WeddingAppDashboard/vendor/laravel/framework/src/Illuminate/Pipeline/Pipeline.php(141): Illuminate\\Foundation\\Http\\Kernel->Illuminate\\Foundation\\Http\\{closure}(Object(Illuminate\\Http\\Request))
#29 /home/linkatt/public_html/staging/WeddingAppDashboard/vendor/laravel/framework/src/Illuminate/Foundation/Http/Middleware/TransformsRequest.php(21): Illuminate\\Pipeline\\Pipeline->Illuminate\\Pipeline\\{closure}(Object(Illuminate\\Http\\Request))
#30 /home/linkatt/public_html/staging/WeddingAppDashboard/vendor/laravel/framework/src/Illuminate/Foundation/Http/Middleware/ConvertEmptyStringsToNull.php(31): Illuminate\\Foundation\\Http\\Middleware\\TransformsRequest->handle(Object(Illuminate\\Http\\Request), Object(Closure))
#31 /home/linkatt/public_html/staging/WeddingAppDashboard/vendor/laravel/framework/src/Illuminate/Pipeline/Pipeline.php(180): Illuminate\\Foundation\\Http\\Middleware\\ConvertEmptyStringsToNull->handle(Object(Illuminate\\Http\\Request), Object(Closure))
#32 /home/linkatt/public_html/staging/WeddingAppDashboard/vendor/laravel/framework/src/Illuminate/Foundation/Http/Middleware/TransformsRequest.php(21): Illuminate\\Pipeline\\Pipeline->Illuminate\\Pipeline\\{closure}(Object(Illuminate\\Http\\Request))
#33 /home/linkatt/public_html/staging/WeddingAppDashboard/vendor/laravel/framework/src/Illuminate/Foundation/Http/Middleware/TrimStrings.php(40): Illuminate\\Foundation\\Http\\Middleware\\TransformsRequest->handle(Object(Illuminate\\Http\\Request), Object(Closure))
#34 /home/linkatt/public_html/staging/WeddingAppDashboard/vendor/laravel/framework/src/Illuminate/Pipeline/Pipeline.php(180): Illuminate\\Foundation\\Http\\Middleware\\TrimStrings->handle(Object(Illuminate\\Http\\Request), Object(Closure))
#35 /home/linkatt/public_html/staging/WeddingAppDashboard/vendor/laravel/framework/src/Illuminate/Foundation/Http/Middleware/ValidatePostSize.php(27): Illuminate\\Pipeline\\Pipeline->Illuminate\\Pipeline\\{closure}(Object(Illuminate\\Http\\Request))
#36 /home/linkatt/public_html/staging/WeddingAppDashboard/vendor/laravel/framework/src/Illuminate/Pipeline/Pipeline.php(180): Illuminate\\Foundation\\Http\\Middleware\\ValidatePostSize->handle(Object(Illuminate\\Http\\Request), Object(Closure))
#37 /home/linkatt/public_html/staging/WeddingAppDashboard/vendor/laravel/framework/src/Illuminate/Foundation/Http/Middleware/PreventRequestsDuringMaintenance.php(86): Illuminate\\Pipeline\\Pipeline->Illuminate\\Pipeline\\{closure}(Object(Illuminate\\Http\\Request))
#38 /home/linkatt/public_html/staging/WeddingAppDashboard/vendor/laravel/framework/src/Illuminate/Pipeline/Pipeline.php(180): Illuminate\\Foundation\\Http\\Middleware\\PreventRequestsDuringMaintenance->handle(Object(Illuminate\\Http\\Request), Object(Closure))
#39 /home/linkatt/public_html/staging/WeddingAppDashboard/vendor/laravel/framework/src/Illuminate/Http/Middleware/HandleCors.php(49): Illuminate\\Pipeline\\Pipeline->Illuminate\\Pipeline\\{closure}(Object(Illuminate\\Http\\Request))
#40 /home/linkatt/public_html/staging/WeddingAppDashboard/vendor/laravel/framework/src/Illuminate/Pipeline/Pipeline.php(180): Illuminate\\Http\\Middleware\\HandleCors->handle(Object(Illuminate\\Http\\Request), Object(Closure))
#41 /home/linkatt/public_html/staging/WeddingAppDashboard/vendor/laravel/framework/src/Illuminate/Http/Middleware/TrustProxies.php(39): Illuminate\\Pipeline\\Pipeline->Illuminate\\Pipeline\\{closure}(Object(Illuminate\\Http\\Request))
#42 /home/linkatt/public_html/staging/WeddingAppDashboard/vendor/laravel/framework/src/Illuminate/Pipeline/Pipeline.php(180): Illuminate\\Http\\Middleware\\TrustProxies->handle(Object(Illuminate\\Http\\Request), Object(Closure))
#43 /home/linkatt/public_html/staging/WeddingAppDashboard/vendor/laravel/framework/src/Illuminate/Pipeline/Pipeline.php(116): Illuminate\\Pipeline\\Pipeline->Illuminate\\Pipeline\\{closure}(Object(Illuminate\\Http\\Request))
#44 /home/linkatt/public_html/staging/WeddingAppDashboard/vendor/laravel/framework/src/Illuminate/Foundation/Http/Kernel.php(165): Illuminate\\Pipeline\\Pipeline->then(Object(Closure))
#45 /home/linkatt/public_html/staging/WeddingAppDashboard/vendor/laravel/framework/src/Illuminate/Foundation/Http/Kernel.php(134): Illuminate\\Foundation\\Http\\Kernel->sendRequestThroughRouter(Object(Illuminate\\Http\\Request))
#46 /home/linkatt/public_html/staging/WeddingAppDashboard/public/index.php(52): Illuminate\\Foundation\\Http\\Kernel->handle(Object(Illuminate\\Http\\Request))
#47 {main}

[previous exception] [object] (ReflectionException(code: -1): Class \"WebhookController\" does not exist at /home/linkatt/public_html/staging/WeddingAppDashboard/vendor/laravel/framework/src/Illuminate/Container/Container.php:889)
[stacktrace]
#0 /home/linkatt/public_html/staging/WeddingAppDashboard/vendor/laravel/framework/src/Illuminate/Container/Container.php(889): ReflectionClass->__construct('WebhookControll...')
#1 /home/linkatt/public_html/staging/WeddingAppDashboard/vendor/laravel/framework/src/Illuminate/Container/Container.php(770): Illuminate\\Container\\Container->build('WebhookControll...')
#2 /home/linkatt/public_html/staging/WeddingAppDashboard/vendor/laravel/framework/src/Illuminate/Foundation/Application.php(881): Illuminate\\Container\\Container->resolve('WebhookControll...', Array, true)
#3 /home/linkatt/public_html/staging/WeddingAppDashboard/vendor/laravel/framework/src/Illuminate/Container/Container.php(706): Illuminate\\Foundation\\Application->resolve('WebhookControll...', Array)
#4 /home/linkatt/public_html/staging/WeddingAppDashboard/vendor/laravel/framework/src/Illuminate/Foundation/Application.php(866): Illuminate\\Container\\Container->make('WebhookControll...', Array)
#5 /home/linkatt/public_html/staging/WeddingAppDashboard/vendor/laravel/framework/src/Illuminate/Routing/Route.php(274): Illuminate\\Foundation\\Application->make('WebhookControll...')
#6 /home/linkatt/public_html/staging/WeddingAppDashboard/vendor/laravel/framework/src/Illuminate/Routing/Route.php(260): Illuminate\\Routing\\Route->getController()
#7 /home/linkatt/public_html/staging/WeddingAppDashboard/vendor/laravel/framework/src/Illuminate/Routing/Route.php(205): Illuminate\\Routing\\Route->runController()
#8 /home/linkatt/public_html/staging/WeddingAppDashboard/vendor/laravel/framework/src/Illuminate/Routing/Router.php(798): Illuminate\\Routing\\Route->run()
#9 /home/linkatt/public_html/staging/WeddingAppDashboard/vendor/laravel/framework/src/Illuminate/Pipeline/Pipeline.php(141): Illuminate\\Routing\\Router->Illuminate\\Routing\\{closure}(Object(Illuminate\\Http\\Request))
#10 /home/linkatt/public_html/staging/WeddingAppDashboard/vendor/laravel/framework/src/Illuminate/Routing/Middleware/SubstituteBindings.php(50): Illuminate\\Pipeline\\Pipeline->Illuminate\\Pipeline\\{closure}(Object(Illuminate\\Http\\Request))
#11 /home/linkatt/public_html/staging/WeddingAppDashboard/vendor/laravel/framework/src/Illuminate/Pipeline/Pipeline.php(180): Illuminate\\Routing\\Middleware\\SubstituteBindings->handle(Object(Illuminate\\Http\\Request), Object(Closure))
#12 /home/linkatt/public_html/staging/WeddingAppDashboard/vendor/laravel/framework/src/Illuminate/Foundation/Http/Middleware/VerifyCsrfToken.php(78): Illuminate\\Pipeline\\Pipeline->Illuminate\\Pipeline\\{closure}(Object(Illuminate\\Http\\Request))
#13 /home/linkatt/public_html/staging/WeddingAppDashboard/vendor/laravel/framework/src/Illuminate/Pipeline/Pipeline.php(180): Illuminate\\Foundation\\Http\\Middleware\\VerifyCsrfToken->handle(Object(Illuminate\\Http\\Request), Object(Closure))
#14 /home/linkatt/public_html/staging/WeddingAppDashboard/vendor/laravel/framework/src/Illuminate/View/Middleware/ShareErrorsFromSession.php(49): Illuminate\\Pipeline\\Pipeline->Illuminate\\Pipeline\\{closure}(Object(Illuminate\\Http\\Request))
#15 /home/linkatt/public_html/staging/WeddingAppDashboard/vendor/laravel/framework/src/Illuminate/Pipeline/Pipeline.php(180): Illuminate\\View\\Middleware\\ShareErrorsFromSession->handle(Object(Illuminate\\Http\\Request), Object(Closure))
#16 /home/linkatt/public_html/staging/WeddingAppDashboard/vendor/laravel/framework/src/Illuminate/Session/Middleware/StartSession.php(121): Illuminate\\Pipeline\\Pipeline->Illuminate\\Pipeline\\{closure}(Object(Illuminate\\Http\\Request))
#17 /home/linkatt/public_html/staging/WeddingAppDashboard/vendor/laravel/framework/src/Illuminate/Session/Middleware/StartSession.php(64): Illuminate\\Session\\Middleware\\StartSession->handleStatefulRequest(Object(Illuminate\\Http\\Request), Object(Illuminate\\Session\\Store), Object(Closure))
#18 /home/linkatt/public_html/staging/WeddingAppDashboard/vendor/laravel/framework/src/Illuminate/Pipeline/Pipeline.php(180): Illuminate\\Session\\Middleware\\StartSession->handle(Object(Illuminate\\Http\\Request), Object(Closure))
#19 /home/linkatt/public_html/staging/WeddingAppDashboard/vendor/laravel/framework/src/Illuminate/Cookie/Middleware/AddQueuedCookiesToResponse.php(37): Illuminate\\Pipeline\\Pipeline->Illuminate\\Pipeline\\{closure}(Object(Illuminate\\Http\\Request))
#20 /home/linkatt/public_html/staging/WeddingAppDashboard/vendor/laravel/framework/src/Illuminate/Pipeline/Pipeline.php(180): Illuminate\\Cookie\\Middleware\\AddQueuedCookiesToResponse->handle(Object(Illuminate\\Http\\Request), Object(Closure))
#21 /home/linkatt/public_html/staging/WeddingAppDashboard/vendor/laravel/framework/src/Illuminate/Cookie/Middleware/EncryptCookies.php(67): Illuminate\\Pipeline\\Pipeline->Illuminate\\Pipeline\\{closure}(Object(Illuminate\\Http\\Request))
#22 /home/linkatt/public_html/staging/WeddingAppDashboard/vendor/laravel/framework/src/Illuminate/Pipeline/Pipeline.php(180): Illuminate\\Cookie\\Middleware\\EncryptCookies->handle(Object(Illuminate\\Http\\Request), Object(Closure))
#23 /home/linkatt/public_html/staging/WeddingAppDashboard/vendor/laravel/framework/src/Illuminate/Pipeline/Pipeline.php(116): Illuminate\\Pipeline\\Pipeline->Illuminate\\Pipeline\\{closure}(Object(Illuminate\\Http\\Request))
#24 /home/linkatt/public_html/staging/WeddingAppDashboard/vendor/laravel/framework/src/Illuminate/Routing/Router.php(799): Illuminate\\Pipeline\\Pipeline->then(Object(Closure))
#25 /home/linkatt/public_html/staging/WeddingAppDashboard/vendor/laravel/framework/src/Illuminate/Routing/Router.php(776): Illuminate\\Routing\\Router->runRouteWithinStack(Object(Illuminate\\Routing\\Route), Object(Illuminate\\Http\\Request))
#26 /home/linkatt/public_html/staging/WeddingAppDashboard/vendor/laravel/framework/src/Illuminate/Routing/Router.php(740): Illuminate\\Routing\\Router->runRoute(Object(Illuminate\\Http\\Request), Object(Illuminate\\Routing\\Route))
#27 /home/linkatt/public_html/staging/WeddingAppDashboard/vendor/laravel/framework/src/Illuminate/Routing/Router.php(729): Illuminate\\Routing\\Router->dispatchToRoute(Object(Illuminate\\Http\\Request))
#28 /home/linkatt/public_html/staging/WeddingAppDashboard/vendor/laravel/framework/src/Illuminate/Foundation/Http/Kernel.php(190): Illuminate\\Routing\\Router->dispatch(Object(Illuminate\\Http\\Request))
#29 /home/linkatt/public_html/staging/WeddingAppDashboard/vendor/laravel/framework/src/Illuminate/Pipeline/Pipeline.php(141): Illuminate\\Foundation\\Http\\Kernel->Illuminate\\Foundation\\Http\\{closure}(Object(Illuminate\\Http\\Request))
#30 /home/linkatt/public_html/staging/WeddingAppDashboard/vendor/laravel/framework/src/Illuminate/Foundation/Http/Middleware/TransformsRequest.php(21): Illuminate\\Pipeline\\Pipeline->Illuminate\\Pipeline\\{closure}(Object(Illuminate\\Http\\Request))
#31 /home/linkatt/public_html/staging/WeddingAppDashboard/vendor/laravel/framework/src/Illuminate/Foundation/Http/Middleware/ConvertEmptyStringsToNull.php(31): Illuminate\\Foundation\\Http\\Middleware\\TransformsRequest->handle(Object(Illuminate\\Http\\Request), Object(Closure))
#32 /home/linkatt/public_html/staging/WeddingAppDashboard/vendor/laravel/framework/src/Illuminate/Pipeline/Pipeline.php(180): Illuminate\\Foundation\\Http\\Middleware\\ConvertEmptyStringsToNull->handle(Object(Illuminate\\Http\\Request), Object(Closure))
#33 /home/linkatt/public_html/staging/WeddingAppDashboard/vendor/laravel/framework/src/Illuminate/Foundation/Http/Middleware/TransformsRequest.php(21): Illuminate\\Pipeline\\Pipeline->Illuminate\\Pipeline\\{closure}(Object(Illuminate\\Http\\Request))
#34 /home/linkatt/public_html/staging/WeddingAppDashboard/vendor/laravel/framework/src/Illuminate/Foundation/Http/Middleware/TrimStrings.php(40): Illuminate\\Foundation\\Http\\Middleware\\TransformsRequest->handle(Object(Illuminate\\Http\\Request), Object(Closure))
#35 /home/linkatt/public_html/staging/WeddingAppDashboard/vendor/laravel/framework/src/Illuminate/Pipeline/Pipeline.php(180): Illuminate\\Foundation\\Http\\Middleware\\TrimStrings->handle(Object(Illuminate\\Http\\Request), Object(Closure))
#36 /home/linkatt/public_html/staging/WeddingAppDashboard/vendor/laravel/framework/src/Illuminate/Foundation/Http/Middleware/ValidatePostSize.php(27): Illuminate\\Pipeline\\Pipeline->Illuminate\\Pipeline\\{closure}(Object(Illuminate\\Http\\Request))
#37 /home/linkatt/public_html/staging/WeddingAppDashboard/vendor/laravel/framework/src/Illuminate/Pipeline/Pipeline.php(180): Illuminate\\Foundation\\Http\\Middleware\\ValidatePostSize->handle(Object(Illuminate\\Http\\Request), Object(Closure))
#38 /home/linkatt/public_html/staging/WeddingAppDashboard/vendor/laravel/framework/src/Illuminate/Foundation/Http/Middleware/PreventRequestsDuringMaintenance.php(86): Illuminate\\Pipeline\\Pipeline->Illuminate\\Pipeline\\{closure}(Object(Illuminate\\Http\\Request))
#39 /home/linkatt/public_html/staging/WeddingAppDashboard/vendor/laravel/framework/src/Illuminate/Pipeline/Pipeline.php(180): Illuminate\\Foundation\\Http\\Middleware\\PreventRequestsDuringMaintenance->handle(Object(Illuminate\\Http\\Request), Object(Closure))
#40 /home/linkatt/public_html/staging/WeddingAppDashboard/vendor/laravel/framework/src/Illuminate/Http/Middleware/HandleCors.php(49): Illuminate\\Pipeline\\Pipeline->Illuminate\\Pipeline\\{closure}(Object(Illuminate\\Http\\Request))
#41 /home/linkatt/public_html/staging/WeddingAppDashboard/vendor/laravel/framework/src/Illuminate/Pipeline/Pipeline.php(180): Illuminate\\Http\\Middleware\\HandleCors->handle(Object(Illuminate\\Http\\Request), Object(Closure))
#42 /home/linkatt/public_html/staging/WeddingAppDashboard/vendor/laravel/framework/src/Illuminate/Http/Middleware/TrustProxies.php(39): Illuminate\\Pipeline\\Pipeline->Illuminate\\Pipeline\\{closure}(Object(Illuminate\\Http\\Request))
#43 /home/linkatt/public_html/staging/WeddingAppDashboard/vendor/laravel/framework/src/Illuminate/Pipeline/Pipeline.php(180): Illuminate\\Http\\Middleware\\TrustProxies->handle(Object(Illuminate\\Http\\Request), Object(Closure))
#44 /home/linkatt/public_html/staging/WeddingAppDashboard/vendor/laravel/framework/src/Illuminate/Pipeline/Pipeline.php(116): Illuminate\\Pipeline\\Pipeline->Illuminate\\Pipeline\\{closure}(Object(Illuminate\\Http\\Request))
#45 /home/linkatt/public_html/staging/WeddingAppDashboard/vendor/laravel/framework/src/Illuminate/Foundation/Http/Kernel.php(165): Illuminate\\Pipeline\\Pipeline->then(Object(Closure))
#46 /home/linkatt/public_html/staging/WeddingAppDashboard/vendor/laravel/framework/src/Illuminate/Foundation/Http/Kernel.php(134): Illuminate\\Foundation\\Http\\Kernel->sendRequestThroughRouter(Object(Illuminate\\Http\\Request))
#47 /home/linkatt/public_html/staging/WeddingAppDashboard/public/index.php(52): Illuminate\\Foundation\\Http\\Kernel->handle(Object(Illuminate\\Http\\Request))
#48 {main}
"} 
[2025-10-08 23:00:55] local.ERROR: Target class [WebhookController] does not exist. {"exception":"[object] (Illuminate\\Contracts\\Container\\BindingResolutionException(code: 0): Target class [WebhookController] does not exist. at /home/linkatt/public_html/staging/WeddingAppDashboard/vendor/laravel/framework/src/Illuminate/Container/Container.php:891)
[stacktrace]
#0 /home/linkatt/public_html/staging/WeddingAppDashboard/vendor/laravel/framework/src/Illuminate/Container/Container.php(770): Illuminate\\Container\\Container->build('WebhookControll...')
#1 /home/linkatt/public_html/staging/WeddingAppDashboard/vendor/laravel/framework/src/Illuminate/Foundation/Application.php(881): Illuminate\\Container\\Container->resolve('WebhookControll...', Array, true)
#2 /home/linkatt/public_html/staging/WeddingAppDashboard/vendor/laravel/framework/src/Illuminate/Container/Container.php(706): Illuminate\\Foundation\\Application->resolve('WebhookControll...', Array)
#3 /home/linkatt/public_html/staging/WeddingAppDashboard/vendor/laravel/framework/src/Illuminate/Foundation/Application.php(866): Illuminate\\Container\\Container->make('WebhookControll...', Array)
#4 /home/linkatt/public_html/staging/WeddingAppDashboard/vendor/laravel/framework/src/Illuminate/Routing/Route.php(274): Illuminate\\Foundation\\Application->make('WebhookControll...')
#5 /home/linkatt/public_html/staging/WeddingAppDashboard/vendor/laravel/framework/src/Illuminate/Routing/Route.php(260): Illuminate\\Routing\\Route->getController()
#6 /home/linkatt/public_html/staging/WeddingAppDashboard/vendor/laravel/framework/src/Illuminate/Routing/Route.php(205): Illuminate\\Routing\\Route->runController()
#7 /home/linkatt/public_html/staging/WeddingAppDashboard/vendor/laravel/framework/src/Illuminate/Routing/Router.php(798): Illuminate\\Routing\\Route->run()
#8 /home/linkatt/public_html/staging/WeddingAppDashboard/vendor/laravel/framework/src/Illuminate/Pipeline/Pipeline.php(141): Illuminate\\Routing\\Router->Illuminate\\Routing\\{closure}(Object(Illuminate\\Http\\Request))
#9 /home/linkatt/public_html/staging/WeddingAppDashboard/vendor/laravel/framework/src/Illuminate/Routing/Middleware/SubstituteBindings.php(50): Illuminate\\Pipeline\\Pipeline->Illuminate\\Pipeline\\{closure}(Object(Illuminate\\Http\\Request))
#10 /home/linkatt/public_html/staging/WeddingAppDashboard/vendor/laravel/framework/src/Illuminate/Pipeline/Pipeline.php(180): Illuminate\\Routing\\Middleware\\SubstituteBindings->handle(Object(Illuminate\\Http\\Request), Object(Closure))
#11 /home/linkatt/public_html/staging/WeddingAppDashboard/vendor/laravel/framework/src/Illuminate/Foundation/Http/Middleware/VerifyCsrfToken.php(78): Illuminate\\Pipeline\\Pipeline->Illuminate\\Pipeline\\{closure}(Object(Illuminate\\Http\\Request))
#12 /home/linkatt/public_html/staging/WeddingAppDashboard/vendor/laravel/framework/src/Illuminate/Pipeline/Pipeline.php(180): Illuminate\\Foundation\\Http\\Middleware\\VerifyCsrfToken->handle(Object(Illuminate\\Http\\Request), Object(Closure))
#13 /home/linkatt/public_html/staging/WeddingAppDashboard/vendor/laravel/framework/src/Illuminate/View/Middleware/ShareErrorsFromSession.php(49): Illuminate\\Pipeline\\Pipeline->Illuminate\\Pipeline\\{closure}(Object(Illuminate\\Http\\Request))
#14 /home/linkatt/public_html/staging/WeddingAppDashboard/vendor/laravel/framework/src/Illuminate/Pipeline/Pipeline.php(180): Illuminate\\View\\Middleware\\ShareErrorsFromSession->handle(Object(Illuminate\\Http\\Request), Object(Closure))
#15 /home/linkatt/public_html/staging/WeddingAppDashboard/vendor/laravel/framework/src/Illuminate/Session/Middleware/StartSession.php(121): Illuminate\\Pipeline\\Pipeline->Illuminate\\Pipeline\\{closure}(Object(Illuminate\\Http\\Request))
#16 /home/linkatt/public_html/staging/WeddingAppDashboard/vendor/laravel/framework/src/Illuminate/Session/Middleware/StartSession.php(64): Illuminate\\Session\\Middleware\\StartSession->handleStatefulRequest(Object(Illuminate\\Http\\Request), Object(Illuminate\\Session\\Store), Object(Closure))
#17 /home/linkatt/public_html/staging/WeddingAppDashboard/vendor/laravel/framework/src/Illuminate/Pipeline/Pipeline.php(180): Illuminate\\Session\\Middleware\\StartSession->handle(Object(Illuminate\\Http\\Request), Object(Closure))
#18 /home/linkatt/public_html/staging/WeddingAppDashboard/vendor/laravel/framework/src/Illuminate/Cookie/Middleware/AddQueuedCookiesToResponse.php(37): Illuminate\\Pipeline\\Pipeline->Illuminate\\Pipeline\\{closure}(Object(Illuminate\\Http\\Request))
#19 /home/linkatt/public_html/staging/WeddingAppDashboard/vendor/laravel/framework/src/Illuminate/Pipeline/Pipeline.php(180): Illuminate\\Cookie\\Middleware\\AddQueuedCookiesToResponse->handle(Object(Illuminate\\Http\\Request), Object(Closure))
#20 /home/linkatt/public_html/staging/WeddingAppDashboard/vendor/laravel/framework/src/Illuminate/Cookie/Middleware/EncryptCookies.php(67): Illuminate\\Pipeline\\Pipeline->Illuminate\\Pipeline\\{closure}(Object(Illuminate\\Http\\Request))
#21 /home/linkatt/public_html/staging/WeddingAppDashboard/vendor/laravel/framework/src/Illuminate/Pipeline/Pipeline.php(180): Illuminate\\Cookie\\Middleware\\EncryptCookies->handle(Object(Illuminate\\Http\\Request), Object(Closure))
#22 /home/linkatt/public_html/staging/WeddingAppDashboard/vendor/laravel/framework/src/Illuminate/Pipeline/Pipeline.php(116): Illuminate\\Pipeline\\Pipeline->Illuminate\\Pipeline\\{closure}(Object(Illuminate\\Http\\Request))
#23 /home/linkatt/public_html/staging/WeddingAppDashboard/vendor/laravel/framework/src/Illuminate/Routing/Router.php(799): Illuminate\\Pipeline\\Pipeline->then(Object(Closure))
#24 /home/linkatt/public_html/staging/WeddingAppDashboard/vendor/laravel/framework/src/Illuminate/Routing/Router.php(776): Illuminate\\Routing\\Router->runRouteWithinStack(Object(Illuminate\\Routing\\Route), Object(Illuminate\\Http\\Request))
#25 /home/linkatt/public_html/staging/WeddingAppDashboard/vendor/laravel/framework/src/Illuminate/Routing/Router.php(740): Illuminate\\Routing\\Router->runRoute(Object(Illuminate\\Http\\Request), Object(Illuminate\\Routing\\Route))
#26 /home/linkatt/public_html/staging/WeddingAppDashboard/vendor/laravel/framework/src/Illuminate/Routing/Router.php(729): Illuminate\\Routing\\Router->dispatchToRoute(Object(Illuminate\\Http\\Request))
#27 /home/linkatt/public_html/staging/WeddingAppDashboard/vendor/laravel/framework/src/Illuminate/Foundation/Http/Kernel.php(190): Illuminate\\Routing\\Router->dispatch(Object(Illuminate\\Http\\Request))
#28 /home/linkatt/public_html/staging/WeddingAppDashboard/vendor/laravel/framework/src/Illuminate/Pipeline/Pipeline.php(141): Illuminate\\Foundation\\Http\\Kernel->Illuminate\\Foundation\\Http\\{closure}(Object(Illuminate\\Http\\Request))
#29 /home/linkatt/public_html/staging/WeddingAppDashboard/vendor/laravel/framework/src/Illuminate/Foundation/Http/Middleware/TransformsRequest.php(21): Illuminate\\Pipeline\\Pipeline->Illuminate\\Pipeline\\{closure}(Object(Illuminate\\Http\\Request))
#30 /home/linkatt/public_html/staging/WeddingAppDashboard/vendor/laravel/framework/src/Illuminate/Foundation/Http/Middleware/ConvertEmptyStringsToNull.php(31): Illuminate\\Foundation\\Http\\Middleware\\TransformsRequest->handle(Object(Illuminate\\Http\\Request), Object(Closure))
#31 /home/linkatt/public_html/staging/WeddingAppDashboard/vendor/laravel/framework/src/Illuminate/Pipeline/Pipeline.php(180): Illuminate\\Foundation\\Http\\Middleware\\ConvertEmptyStringsToNull->handle(Object(Illuminate\\Http\\Request), Object(Closure))
#32 /home/linkatt/public_html/staging/WeddingAppDashboard/vendor/laravel/framework/src/Illuminate/Foundation/Http/Middleware/TransformsRequest.php(21): Illuminate\\Pipeline\\Pipeline->Illuminate\\Pipeline\\{closure}(Object(Illuminate\\Http\\Request))
#33 /home/linkatt/public_html/staging/WeddingAppDashboard/vendor/laravel/framework/src/Illuminate/Foundation/Http/Middleware/TrimStrings.php(40): Illuminate\\Foundation\\Http\\Middleware\\TransformsRequest->handle(Object(Illuminate\\Http\\Request), Object(Closure))
#34 /home/linkatt/public_html/staging/WeddingAppDashboard/vendor/laravel/framework/src/Illuminate/Pipeline/Pipeline.php(180): Illuminate\\Foundation\\Http\\Middleware\\TrimStrings->handle(Object(Illuminate\\Http\\Request), Object(Closure))
#35 /home/linkatt/public_html/staging/WeddingAppDashboard/vendor/laravel/framework/src/Illuminate/Foundation/Http/Middleware/ValidatePostSize.php(27): Illuminate\\Pipeline\\Pipeline->Illuminate\\Pipeline\\{closure}(Object(Illuminate\\Http\\Request))
#36 /home/linkatt/public_html/staging/WeddingAppDashboard/vendor/laravel/framework/src/Illuminate/Pipeline/Pipeline.php(180): Illuminate\\Foundation\\Http\\Middleware\\ValidatePostSize->handle(Object(Illuminate\\Http\\Request), Object(Closure))
#37 /home/linkatt/public_html/staging/WeddingAppDashboard/vendor/laravel/framework/src/Illuminate/Foundation/Http/Middleware/PreventRequestsDuringMaintenance.php(86): Illuminate\\Pipeline\\Pipeline->Illuminate\\Pipeline\\{closure}(Object(Illuminate\\Http\\Request))
#38 /home/linkatt/public_html/staging/WeddingAppDashboard/vendor/laravel/framework/src/Illuminate/Pipeline/Pipeline.php(180): Illuminate\\Foundation\\Http\\Middleware\\PreventRequestsDuringMaintenance->handle(Object(Illuminate\\Http\\Request), Object(Closure))
#39 /home/linkatt/public_html/staging/WeddingAppDashboard/vendor/laravel/framework/src/Illuminate/Http/Middleware/HandleCors.php(49): Illuminate\\Pipeline\\Pipeline->Illuminate\\Pipeline\\{closure}(Object(Illuminate\\Http\\Request))
#40 /home/linkatt/public_html/staging/WeddingAppDashboard/vendor/laravel/framework/src/Illuminate/Pipeline/Pipeline.php(180): Illuminate\\Http\\Middleware\\HandleCors->handle(Object(Illuminate\\Http\\Request), Object(Closure))
#41 /home/linkatt/public_html/staging/WeddingAppDashboard/vendor/laravel/framework/src/Illuminate/Http/Middleware/TrustProxies.php(39): Illuminate\\Pipeline\\Pipeline->Illuminate\\Pipeline\\{closure}(Object(Illuminate\\Http\\Request))
#42 /home/linkatt/public_html/staging/WeddingAppDashboard/vendor/laravel/framework/src/Illuminate/Pipeline/Pipeline.php(180): Illuminate\\Http\\Middleware\\TrustProxies->handle(Object(Illuminate\\Http\\Request), Object(Closure))
#43 /home/linkatt/public_html/staging/WeddingAppDashboard/vendor/laravel/framework/src/Illuminate/Pipeline/Pipeline.php(116): Illuminate\\Pipeline\\Pipeline->Illuminate\\Pipeline\\{closure}(Object(Illuminate\\Http\\Request))
#44 /home/linkatt/public_html/staging/WeddingAppDashboard/vendor/laravel/framework/src/Illuminate/Foundation/Http/Kernel.php(165): Illuminate\\Pipeline\\Pipeline->then(Object(Closure))
#45 /home/linkatt/public_html/staging/WeddingAppDashboard/vendor/laravel/framework/src/Illuminate/Foundation/Http/Kernel.php(134): Illuminate\\Foundation\\Http\\Kernel->sendRequestThroughRouter(Object(Illuminate\\Http\\Request))
#46 /home/linkatt/public_html/staging/WeddingAppDashboard/public/index.php(52): Illuminate\\Foundation\\Http\\Kernel->handle(Object(Illuminate\\Http\\Request))
#47 {main}

[previous exception] [object] (ReflectionException(code: -1): Class \"WebhookController\" does not exist at /home/linkatt/public_html/staging/WeddingAppDashboard/vendor/laravel/framework/src/Illuminate/Container/Container.php:889)
[stacktrace]
#0 /home/linkatt/public_html/staging/WeddingAppDashboard/vendor/laravel/framework/src/Illuminate/Container/Container.php(889): ReflectionClass->__construct('WebhookControll...')
#1 /home/linkatt/public_html/staging/WeddingAppDashboard/vendor/laravel/framework/src/Illuminate/Container/Container.php(770): Illuminate\\Container\\Container->build('WebhookControll...')
#2 /home/linkatt/public_html/staging/WeddingAppDashboard/vendor/laravel/framework/src/Illuminate/Foundation/Application.php(881): Illuminate\\Container\\Container->resolve('WebhookControll...', Array, true)
#3 /home/linkatt/public_html/staging/WeddingAppDashboard/vendor/laravel/framework/src/Illuminate/Container/Container.php(706): Illuminate\\Foundation\\Application->resolve('WebhookControll...', Array)
#4 /home/linkatt/public_html/staging/WeddingAppDashboard/vendor/laravel/framework/src/Illuminate/Foundation/Application.php(866): Illuminate\\Container\\Container->make('WebhookControll...', Array)
#5 /home/linkatt/public_html/staging/WeddingAppDashboard/vendor/laravel/framework/src/Illuminate/Routing/Route.php(274): Illuminate\\Foundation\\Application->make('WebhookControll...')
#6 /home/linkatt/public_html/staging/WeddingAppDashboard/vendor/laravel/framework/src/Illuminate/Routing/Route.php(260): Illuminate\\Routing\\Route->getController()
#7 /home/linkatt/public_html/staging/WeddingAppDashboard/vendor/laravel/framework/src/Illuminate/Routing/Route.php(205): Illuminate\\Routing\\Route->runController()
#8 /home/linkatt/public_html/staging/WeddingAppDashboard/vendor/laravel/framework/src/Illuminate/Routing/Router.php(798): Illuminate\\Routing\\Route->run()
#9 /home/linkatt/public_html/staging/WeddingAppDashboard/vendor/laravel/framework/src/Illuminate/Pipeline/Pipeline.php(141): Illuminate\\Routing\\Router->Illuminate\\Routing\\{closure}(Object(Illuminate\\Http\\Request))
#10 /home/linkatt/public_html/staging/WeddingAppDashboard/vendor/laravel/framework/src/Illuminate/Routing/Middleware/SubstituteBindings.php(50): Illuminate\\Pipeline\\Pipeline->Illuminate\\Pipeline\\{closure}(Object(Illuminate\\Http\\Request))
#11 /home/linkatt/public_html/staging/WeddingAppDashboard/vendor/laravel/framework/src/Illuminate/Pipeline/Pipeline.php(180): Illuminate\\Routing\\Middleware\\SubstituteBindings->handle(Object(Illuminate\\Http\\Request), Object(Closure))
#12 /home/linkatt/public_html/staging/WeddingAppDashboard/vendor/laravel/framework/src/Illuminate/Foundation/Http/Middleware/VerifyCsrfToken.php(78): Illuminate\\Pipeline\\Pipeline->Illuminate\\Pipeline\\{closure}(Object(Illuminate\\Http\\Request))
#13 /home/linkatt/public_html/staging/WeddingAppDashboard/vendor/laravel/framework/src/Illuminate/Pipeline/Pipeline.php(180): Illuminate\\Foundation\\Http\\Middleware\\VerifyCsrfToken->handle(Object(Illuminate\\Http\\Request), Object(Closure))
#14 /home/linkatt/public_html/staging/WeddingAppDashboard/vendor/laravel/framework/src/Illuminate/View/Middleware/ShareErrorsFromSession.php(49): Illuminate\\Pipeline\\Pipeline->Illuminate\\Pipeline\\{closure}(Object(Illuminate\\Http\\Request))
#15 /home/linkatt/public_html/staging/WeddingAppDashboard/vendor/laravel/framework/src/Illuminate/Pipeline/Pipeline.php(180): Illuminate\\View\\Middleware\\ShareErrorsFromSession->handle(Object(Illuminate\\Http\\Request), Object(Closure))
#16 /home/linkatt/public_html/staging/WeddingAppDashboard/vendor/laravel/framework/src/Illuminate/Session/Middleware/StartSession.php(121): Illuminate\\Pipeline\\Pipeline->Illuminate\\Pipeline\\{closure}(Object(Illuminate\\Http\\Request))
#17 /home/linkatt/public_html/staging/WeddingAppDashboard/vendor/laravel/framework/src/Illuminate/Session/Middleware/StartSession.php(64): Illuminate\\Session\\Middleware\\StartSession->handleStatefulRequest(Object(Illuminate\\Http\\Request), Object(Illuminate\\Session\\Store), Object(Closure))
#18 /home/linkatt/public_html/staging/WeddingAppDashboard/vendor/laravel/framework/src/Illuminate/Pipeline/Pipeline.php(180): Illuminate\\Session\\Middleware\\StartSession->handle(Object(Illuminate\\Http\\Request), Object(Closure))
#19 /home/linkatt/public_html/staging/WeddingAppDashboard/vendor/laravel/framework/src/Illuminate/Cookie/Middleware/AddQueuedCookiesToResponse.php(37): Illuminate\\Pipeline\\Pipeline->Illuminate\\Pipeline\\{closure}(Object(Illuminate\\Http\\Request))
#20 /home/linkatt/public_html/staging/WeddingAppDashboard/vendor/laravel/framework/src/Illuminate/Pipeline/Pipeline.php(180): Illuminate\\Cookie\\Middleware\\AddQueuedCookiesToResponse->handle(Object(Illuminate\\Http\\Request), Object(Closure))
#21 /home/linkatt/public_html/staging/WeddingAppDashboard/vendor/laravel/framework/src/Illuminate/Cookie/Middleware/EncryptCookies.php(67): Illuminate\\Pipeline\\Pipeline->Illuminate\\Pipeline\\{closure}(Object(Illuminate\\Http\\Request))
#22 /home/linkatt/public_html/staging/WeddingAppDashboard/vendor/laravel/framework/src/Illuminate/Pipeline/Pipeline.php(180): Illuminate\\Cookie\\Middleware\\EncryptCookies->handle(Object(Illuminate\\Http\\Request), Object(Closure))
#23 /home/linkatt/public_html/staging/WeddingAppDashboard/vendor/laravel/framework/src/Illuminate/Pipeline/Pipeline.php(116): Illuminate\\Pipeline\\Pipeline->Illuminate\\Pipeline\\{closure}(Object(Illuminate\\Http\\Request))
#24 /home/linkatt/public_html/staging/WeddingAppDashboard/vendor/laravel/framework/src/Illuminate/Routing/Router.php(799): Illuminate\\Pipeline\\Pipeline->then(Object(Closure))
#25 /home/linkatt/public_html/staging/WeddingAppDashboard/vendor/laravel/framework/src/Illuminate/Routing/Router.php(776): Illuminate\\Routing\\Router->runRouteWithinStack(Object(Illuminate\\Routing\\Route), Object(Illuminate\\Http\\Request))
#26 /home/linkatt/public_html/staging/WeddingAppDashboard/vendor/laravel/framework/src/Illuminate/Routing/Router.php(740): Illuminate\\Routing\\Router->runRoute(Object(Illuminate\\Http\\Request), Object(Illuminate\\Routing\\Route))
#27 /home/linkatt/public_html/staging/WeddingAppDashboard/vendor/laravel/framework/src/Illuminate/Routing/Router.php(729): Illuminate\\Routing\\Router->dispatchToRoute(Object(Illuminate\\Http\\Request))
#28 /home/linkatt/public_html/staging/WeddingAppDashboard/vendor/laravel/framework/src/Illuminate/Foundation/Http/Kernel.php(190): Illuminate\\Routing\\Router->dispatch(Object(Illuminate\\Http\\Request))
#29 /home/linkatt/public_html/staging/WeddingAppDashboard/vendor/laravel/framework/src/Illuminate/Pipeline/Pipeline.php(141): Illuminate\\Foundation\\Http\\Kernel->Illuminate\\Foundation\\Http\\{closure}(Object(Illuminate\\Http\\Request))
#30 /home/linkatt/public_html/staging/WeddingAppDashboard/vendor/laravel/framework/src/Illuminate/Foundation/Http/Middleware/TransformsRequest.php(21): Illuminate\\Pipeline\\Pipeline->Illuminate\\Pipeline\\{closure}(Object(Illuminate\\Http\\Request))
#31 /home/linkatt/public_html/staging/WeddingAppDashboard/vendor/laravel/framework/src/Illuminate/Foundation/Http/Middleware/ConvertEmptyStringsToNull.php(31): Illuminate\\Foundation\\Http\\Middleware\\TransformsRequest->handle(Object(Illuminate\\Http\\Request), Object(Closure))
#32 /home/linkatt/public_html/staging/WeddingAppDashboard/vendor/laravel/framework/src/Illuminate/Pipeline/Pipeline.php(180): Illuminate\\Foundation\\Http\\Middleware\\ConvertEmptyStringsToNull->handle(Object(Illuminate\\Http\\Request), Object(Closure))
#33 /home/linkatt/public_html/staging/WeddingAppDashboard/vendor/laravel/framework/src/Illuminate/Foundation/Http/Middleware/TransformsRequest.php(21): Illuminate\\Pipeline\\Pipeline->Illuminate\\Pipeline\\{closure}(Object(Illuminate\\Http\\Request))
#34 /home/linkatt/public_html/staging/WeddingAppDashboard/vendor/laravel/framework/src/Illuminate/Foundation/Http/Middleware/TrimStrings.php(40): Illuminate\\Foundation\\Http\\Middleware\\TransformsRequest->handle(Object(Illuminate\\Http\\Request), Object(Closure))
#35 /home/linkatt/public_html/staging/WeddingAppDashboard/vendor/laravel/framework/src/Illuminate/Pipeline/Pipeline.php(180): Illuminate\\Foundation\\Http\\Middleware\\TrimStrings->handle(Object(Illuminate\\Http\\Request), Object(Closure))
#36 /home/linkatt/public_html/staging/WeddingAppDashboard/vendor/laravel/framework/src/Illuminate/Foundation/Http/Middleware/ValidatePostSize.php(27): Illuminate\\Pipeline\\Pipeline->Illuminate\\Pipeline\\{closure}(Object(Illuminate\\Http\\Request))
#37 /home/linkatt/public_html/staging/WeddingAppDashboard/vendor/laravel/framework/src/Illuminate/Pipeline/Pipeline.php(180): Illuminate\\Foundation\\Http\\Middleware\\ValidatePostSize->handle(Object(Illuminate\\Http\\Request), Object(Closure))
#38 /home/linkatt/public_html/staging/WeddingAppDashboard/vendor/laravel/framework/src/Illuminate/Foundation/Http/Middleware/PreventRequestsDuringMaintenance.php(86): Illuminate\\Pipeline\\Pipeline->Illuminate\\Pipeline\\{closure}(Object(Illuminate\\Http\\Request))
#39 /home/linkatt/public_html/staging/WeddingAppDashboard/vendor/laravel/framework/src/Illuminate/Pipeline/Pipeline.php(180): Illuminate\\Foundation\\Http\\Middleware\\PreventRequestsDuringMaintenance->handle(Object(Illuminate\\Http\\Request), Object(Closure))
#40 /home/linkatt/public_html/staging/WeddingAppDashboard/vendor/laravel/framework/src/Illuminate/Http/Middleware/HandleCors.php(49): Illuminate\\Pipeline\\Pipeline->Illuminate\\Pipeline\\{closure}(Object(Illuminate\\Http\\Request))
#41 /home/linkatt/public_html/staging/WeddingAppDashboard/vendor/laravel/framework/src/Illuminate/Pipeline/Pipeline.php(180): Illuminate\\Http\\Middleware\\HandleCors->handle(Object(Illuminate\\Http\\Request), Object(Closure))
#42 /home/linkatt/public_html/staging/WeddingAppDashboard/vendor/laravel/framework/src/Illuminate/Http/Middleware/TrustProxies.php(39): Illuminate\\Pipeline\\Pipeline->Illuminate\\Pipeline\\{closure}(Object(Illuminate\\Http\\Request))
#43 /home/linkatt/public_html/staging/WeddingAppDashboard/vendor/laravel/framework/src/Illuminate/Pipeline/Pipeline.php(180): Illuminate\\Http\\Middleware\\TrustProxies->handle(Object(Illuminate\\Http\\Request), Object(Closure))
#44 /home/linkatt/public_html/staging/WeddingAppDashboard/vendor/laravel/framework/src/Illuminate/Pipeline/Pipeline.php(116): Illuminate\\Pipeline\\Pipeline->Illuminate\\Pipeline\\{closure}(Object(Illuminate\\Http\\Request))
#45 /home/linkatt/public_html/staging/WeddingAppDashboard/vendor/laravel/framework/src/Illuminate/Foundation/Http/Kernel.php(165): Illuminate\\Pipeline\\Pipeline->then(Object(Closure))
#46 /home/linkatt/public_html/staging/WeddingAppDashboard/vendor/laravel/framework/src/Illuminate/Foundation/Http/Kernel.php(134): Illuminate\\Foundation\\Http\\Kernel->sendRequestThroughRouter(Object(Illuminate\\Http\\Request))
#47 /home/linkatt/public_html/staging/WeddingAppDashboard/public/index.php(52): Illuminate\\Foundation\\Http\\Kernel->handle(Object(Illuminate\\Http\\Request))
#48 {main}
"} 
[2025-10-08 23:02:55] local.INFO: Raw Webhook Data: {"object":"whatsapp_business_account","entry":[{"id":"1275182881062952","changes":[{"value":{"messaging_product":"whatsapp","metadata":{"display_phone_number":"96590094353","phone_number_id":"699682719900962"},"statuses":[{"id":"wamid.HBgMOTY2NTQ2NDIxNzY2FQIAERgSQjY5NzhFMTU0NkNEMDRFMjQ3AA==","status":"sent","timestamp":"1759964573","recipient_id":"966546421766","conversation":{"id":"Over 9 levels deep, aborting normalization","expiration_timestamp":"Over 9 levels deep, aborting normalization","origin":"Over 9 levels deep, aborting normalization"},"pricing":{"billable":"Over 9 levels deep, aborting normalization","pricing_model":"Over 9 levels deep, aborting normalization","category":"Over 9 levels deep, aborting normalization","type":"Over 9 levels deep, aborting normalization"}}]},"field":"messages"}]}]} 
[2025-10-08 23:02:55] local.INFO: Raw Webhook Data: {"object":"whatsapp_business_account","entry":[{"id":"1275182881062952","changes":[{"value":{"messaging_product":"whatsapp","metadata":{"display_phone_number":"96590094353","phone_number_id":"699682719900962"},"statuses":[{"id":"wamid.HBgMOTY2NTQ2NDIxNzY2FQIAERgSQjY5NzhFMTU0NkNEMDRFMjQ3AA==","status":"delivered","timestamp":"1759964573","recipient_id":"966546421766","conversation":{"id":"Over 9 levels deep, aborting normalization","origin":"Over 9 levels deep, aborting normalization"},"pricing":{"billable":"Over 9 levels deep, aborting normalization","pricing_model":"Over 9 levels deep, aborting normalization","category":"Over 9 levels deep, aborting normalization","type":"Over 9 levels deep, aborting normalization"}}]},"field":"messages"}]}]} 
[2025-10-08 23:03:01] local.INFO: Raw Webhook Data: {"object":"whatsapp_business_account","entry":[{"id":"1275182881062952","changes":[{"value":{"messaging_product":"whatsapp","metadata":{"display_phone_number":"96590094353","phone_number_id":"699682719900962"},"contacts":[{"profile":{"name":"Over 9 levels deep, aborting normalization"},"wa_id":"966546421766"}],"messages":[{"context":{"from":"Over 9 levels deep, aborting normalization","id":"Over 9 levels deep, aborting normalization"},"from":"966546421766","id":"wamid.HBgMOTY2NTQ2NDIxNzY2FQIAEhgUM0Y2Q0Y0RjhDMjg4OTAzNEVFRjAA","timestamp":"1759964579","type":"button","button":{"payload":"Over 9 levels deep, aborting normalization","text":"Over 9 levels deep, aborting normalization"}}]},"field":"messages"}]}]} 
[2025-10-08 23:03:01] local.INFO: Button Press Detected {"phone":"966546421766","button":"حضور"} 
[2025-10-08 23:03:01] local.INFO: Status Updated Successfully {"phone":"966546421766","status":"accepted"} 
[2025-10-08 23:08:30] local.INFO: Raw Webhook Data: {"object":"whatsapp_business_account","entry":[{"id":"1275182881062952","changes":[{"value":{"messaging_product":"whatsapp","metadata":{"display_phone_number":"96590094353","phone_number_id":"699682719900962"},"contacts":[{"profile":{"name":"Over 9 levels deep, aborting normalization"},"wa_id":"966546421766"}],"messages":[{"context":{"from":"Over 9 levels deep, aborting normalization","id":"Over 9 levels deep, aborting normalization"},"from":"966546421766","id":"wamid.HBgMOTY2NTQ2NDIxNzY2FQIAEhgUM0YwMkUzMjM4M0QyRjBDNjFGNDkA","timestamp":"1759964908","type":"button","button":{"payload":"Over 9 levels deep, aborting normalization","text":"Over 9 levels deep, aborting normalization"}}]},"field":"messages"}]}]} 
[2025-10-08 23:08:30] local.INFO: Button Press Detected {"phone":"966546421766","button":"اعتذار"} 
[2025-10-08 23:08:30] local.INFO: Status Updated Successfully {"phone":"966546421766","status":"declined"} 
[2025-10-08 23:13:55] local.INFO: Raw Webhook Data: {"object":"whatsapp_business_account","entry":[{"id":"1275182881062952","changes":[{"value":{"messaging_product":"whatsapp","metadata":{"display_phone_number":"96590094353","phone_number_id":"699682719900962"},"statuses":[{"id":"wamid.HBgMOTY2NTQ2NDIxNzY2FQIAERgSMDAzMjlFM0VEOEY2MDIzN0VBAA==","status":"sent","timestamp":"1759965234","recipient_id":"966546421766","conversation":{"id":"Over 9 levels deep, aborting normalization","expiration_timestamp":"Over 9 levels deep, aborting normalization","origin":"Over 9 levels deep, aborting normalization"},"pricing":{"billable":"Over 9 levels deep, aborting normalization","pricing_model":"Over 9 levels deep, aborting normalization","category":"Over 9 levels deep, aborting normalization","type":"Over 9 levels deep, aborting normalization"}}]},"field":"messages"}]}]} 
[2025-10-08 23:13:55] local.INFO: Raw Webhook Data: {"object":"whatsapp_business_account","entry":[{"id":"1275182881062952","changes":[{"value":{"messaging_product":"whatsapp","metadata":{"display_phone_number":"96590094353","phone_number_id":"699682719900962"},"statuses":[{"id":"wamid.HBgMOTY2NTQ2NDIxNzY2FQIAERgSMDAzMjlFM0VEOEY2MDIzN0VBAA==","status":"delivered","timestamp":"1759965234","recipient_id":"966546421766","conversation":{"id":"Over 9 levels deep, aborting normalization","origin":"Over 9 levels deep, aborting normalization"},"pricing":{"billable":"Over 9 levels deep, aborting normalization","pricing_model":"Over 9 levels deep, aborting normalization","category":"Over 9 levels deep, aborting normalization","type":"Over 9 levels deep, aborting normalization"}}]},"field":"messages"}]}]} 
[2025-10-08 23:13:59] local.INFO: Raw Webhook Data: {"object":"whatsapp_business_account","entry":[{"id":"1275182881062952","changes":[{"value":{"messaging_product":"whatsapp","metadata":{"display_phone_number":"96590094353","phone_number_id":"699682719900962"},"contacts":[{"profile":{"name":"Over 9 levels deep, aborting normalization"},"wa_id":"966546421766"}],"messages":[{"context":{"from":"Over 9 levels deep, aborting normalization","id":"Over 9 levels deep, aborting normalization"},"from":"966546421766","id":"wamid.HBgMOTY2NTQ2NDIxNzY2FQIAEhgUM0ZDOTc5MDE2QTJCNDRBRjg2RTkA","timestamp":"1759965238","type":"button","button":{"payload":"Over 9 levels deep, aborting normalization","text":"Over 9 levels deep, aborting normalization"}}]},"field":"messages"}]}]} 
[2025-10-08 23:13:59] local.INFO: Button Press Detected {"phone":"966546421766","button":"حضور"} 
[2025-10-08 23:13:59] local.INFO: Status Updated Successfully {"phone":"966546421766","status":"accepted"} 
[2025-10-08 23:14:49] local.INFO: Raw Webhook Data: {"object":"whatsapp_business_account","entry":[{"id":"1275182881062952","changes":[{"value":{"messaging_product":"whatsapp","metadata":{"display_phone_number":"96590094353","phone_number_id":"699682719900962"},"contacts":[{"profile":{"name":"Over 9 levels deep, aborting normalization"},"wa_id":"966546421766"}],"messages":[{"context":{"from":"Over 9 levels deep, aborting normalization","id":"Over 9 levels deep, aborting normalization"},"from":"966546421766","id":"wamid.HBgMOTY2NTQ2NDIxNzY2FQIAEhgUM0ZFQ0Q0ODMxNjJEMjdFNDk0NEEA","timestamp":"1759965288","type":"button","button":{"payload":"Over 9 levels deep, aborting normalization","text":"Over 9 levels deep, aborting normalization"}}]},"field":"messages"}]}]} 
[2025-10-08 23:14:49] local.INFO: Button Press Detected {"phone":"966546421766","button":"اعتذار"} 
[2025-10-08 23:14:49] local.INFO: Status Updated Successfully {"phone":"966546421766","status":"declined"} 
[2025-10-08 23:15:15] local.INFO: Raw Webhook Data: {"object":"whatsapp_business_account","entry":[{"id":"1275182881062952","changes":[{"value":{"messaging_product":"whatsapp","metadata":{"display_phone_number":"96590094353","phone_number_id":"699682719900962"},"statuses":[{"id":"wamid.HBgMOTY2NTQ2NDIxNzY2FQIAERgSRDhGNEQwMUNDODQwMzcwOTM1AA==","status":"sent","timestamp":"1759965313","recipient_id":"966546421766","conversation":{"id":"Over 9 levels deep, aborting normalization","expiration_timestamp":"Over 9 levels deep, aborting normalization","origin":"Over 9 levels deep, aborting normalization"},"pricing":{"billable":"Over 9 levels deep, aborting normalization","pricing_model":"Over 9 levels deep, aborting normalization","category":"Over 9 levels deep, aborting normalization","type":"Over 9 levels deep, aborting normalization"}}]},"field":"messages"}]}]} 
[2025-10-08 23:15:15] local.INFO: Raw Webhook Data: {"object":"whatsapp_business_account","entry":[{"id":"1275182881062952","changes":[{"value":{"messaging_product":"whatsapp","metadata":{"display_phone_number":"96590094353","phone_number_id":"699682719900962"},"statuses":[{"id":"wamid.HBgMOTY2NTQ2NDIxNzY2FQIAERgSRDhGNEQwMUNDODQwMzcwOTM1AA==","status":"delivered","timestamp":"1759965313","recipient_id":"966546421766","conversation":{"id":"Over 9 levels deep, aborting normalization","origin":"Over 9 levels deep, aborting normalization"},"pricing":{"billable":"Over 9 levels deep, aborting normalization","pricing_model":"Over 9 levels deep, aborting normalization","category":"Over 9 levels deep, aborting normalization","type":"Over 9 levels deep, aborting normalization"}}]},"field":"messages"}]}]} 
[2025-10-08 23:15:30] local.INFO: Raw Webhook Data: {"object":"whatsapp_business_account","entry":[{"id":"1275182881062952","changes":[{"value":{"messaging_product":"whatsapp","metadata":{"display_phone_number":"96590094353","phone_number_id":"699682719900962"},"contacts":[{"profile":{"name":"Over 9 levels deep, aborting normalization"},"wa_id":"966546421766"}],"messages":[{"context":{"from":"Over 9 levels deep, aborting normalization","id":"Over 9 levels deep, aborting normalization"},"from":"966546421766","id":"wamid.HBgMOTY2NTQ2NDIxNzY2FQIAEhgUM0Y1Mjg2NEQ1QThBMEE3MDIwNTYA","timestamp":"1759965328","type":"button","button":{"payload":"Over 9 levels deep, aborting normalization","text":"Over 9 levels deep, aborting normalization"}}]},"field":"messages"}]}]} 
[2025-10-08 23:15:30] local.INFO: Button Press Detected {"phone":"966546421766","button":"حضور"} 
[2025-10-08 23:15:30] local.INFO: Status Updated Successfully {"phone":"966546421766","status":"accepted"} 
[2025-10-09 15:43:30] local.INFO: Raw Webhook Data: {"object":"whatsapp_business_account","entry":[{"id":"1275182881062952","changes":[{"value":{"messaging_product":"whatsapp","metadata":{"display_phone_number":"96590094353","phone_number_id":"699682719900962"},"statuses":[{"id":"wamid.HBgMMjAxMDk4NjE1NjkxFQIAERgSMDBDNDUxMTY5REUzRkJCQjgyAA==","status":"sent","timestamp":"1760024608","recipient_id":"201098615691","conversation":{"id":"Over 9 levels deep, aborting normalization","expiration_timestamp":"Over 9 levels deep, aborting normalization","origin":"Over 9 levels deep, aborting normalization"},"pricing":{"billable":"Over 9 levels deep, aborting normalization","pricing_model":"Over 9 levels deep, aborting normalization","category":"Over 9 levels deep, aborting normalization","type":"Over 9 levels deep, aborting normalization"}}]},"field":"messages"}]}]} 
[2025-10-09 15:43:32] local.INFO: Raw Webhook Data: {"object":"whatsapp_business_account","entry":[{"id":"1275182881062952","changes":[{"value":{"messaging_product":"whatsapp","metadata":{"display_phone_number":"96590094353","phone_number_id":"699682719900962"},"statuses":[{"id":"wamid.HBgMMjAxMTU4MTg1Nzk4FQIAERgSOEEwNUExRTQ2MjkwMEYwNkQ5AA==","status":"sent","timestamp":"1760024610","recipient_id":"201158185798","conversation":{"id":"Over 9 levels deep, aborting normalization","expiration_timestamp":"Over 9 levels deep, aborting normalization","origin":"Over 9 levels deep, aborting normalization"},"pricing":{"billable":"Over 9 levels deep, aborting normalization","pricing_model":"Over 9 levels deep, aborting normalization","category":"Over 9 levels deep, aborting normalization","type":"Over 9 levels deep, aborting normalization"}}]},"field":"messages"}]}]} 
[2025-10-09 15:43:32] local.INFO: Raw Webhook Data: {"object":"whatsapp_business_account","entry":[{"id":"1275182881062952","changes":[{"value":{"messaging_product":"whatsapp","metadata":{"display_phone_number":"96590094353","phone_number_id":"699682719900962"},"statuses":[{"id":"wamid.HBgMMjAxMTU4MTg1Nzk4FQIAERgSOEEwNUExRTQ2MjkwMEYwNkQ5AA==","status":"delivered","timestamp":"1760024610","recipient_id":"201158185798","conversation":{"id":"Over 9 levels deep, aborting normalization","origin":"Over 9 levels deep, aborting normalization"},"pricing":{"billable":"Over 9 levels deep, aborting normalization","pricing_model":"Over 9 levels deep, aborting normalization","category":"Over 9 levels deep, aborting normalization","type":"Over 9 levels deep, aborting normalization"}}]},"field":"messages"}]}]} 
[2025-10-09 15:43:32] local.INFO: Raw Webhook Data: {"object":"whatsapp_business_account","entry":[{"id":"1275182881062952","changes":[{"value":{"messaging_product":"whatsapp","metadata":{"display_phone_number":"96590094353","phone_number_id":"699682719900962"},"statuses":[{"id":"wamid.HBgMMjAxMDk4NjE1NjkxFQIAERgSMDBDNDUxMTY5REUzRkJCQjgyAA==","status":"delivered","timestamp":"1760024610","recipient_id":"201098615691","conversation":{"id":"Over 9 levels deep, aborting normalization","origin":"Over 9 levels deep, aborting normalization"},"pricing":{"billable":"Over 9 levels deep, aborting normalization","pricing_model":"Over 9 levels deep, aborting normalization","category":"Over 9 levels deep, aborting normalization","type":"Over 9 levels deep, aborting normalization"}}]},"field":"messages"}]}]} 
[2025-10-09 15:43:32] local.INFO: Raw Webhook Data: {"object":"whatsapp_business_account","entry":[{"id":"1275182881062952","changes":[{"value":{"messaging_product":"whatsapp","metadata":{"display_phone_number":"96590094353","phone_number_id":"699682719900962"},"statuses":[{"id":"wamid.HBgMMjAxMDk4NjE1NjkxFQIAERgSMDBDNDUxMTY5REUzRkJCQjgyAA==","status":"delivered","timestamp":"1760024609","recipient_id":"201098615691","conversation":{"id":"Over 9 levels deep, aborting normalization","origin":"Over 9 levels deep, aborting normalization"},"pricing":{"billable":"Over 9 levels deep, aborting normalization","pricing_model":"Over 9 levels deep, aborting normalization","category":"Over 9 levels deep, aborting normalization","type":"Over 9 levels deep, aborting normalization"}}]},"field":"messages"}]}]} 
[2025-10-09 15:43:36] local.INFO: Raw Webhook Data: {"object":"whatsapp_business_account","entry":[{"id":"1275182881062952","changes":[{"value":{"messaging_product":"whatsapp","metadata":{"display_phone_number":"96590094353","phone_number_id":"699682719900962"},"statuses":[{"id":"wamid.HBgMMjAxMTU4MTg1Nzk4FQIAERgSOEEwNUExRTQ2MjkwMEYwNkQ5AA==","status":"read","timestamp":"1760024614","recipient_id":"201158185798","conversation":{"id":"Over 9 levels deep, aborting normalization","origin":"Over 9 levels deep, aborting normalization"},"pricing":{"billable":"Over 9 levels deep, aborting normalization","pricing_model":"Over 9 levels deep, aborting normalization","category":"Over 9 levels deep, aborting normalization","type":"Over 9 levels deep, aborting normalization"}}]},"field":"messages"}]}]} 
[2025-10-09 15:43:49] local.INFO: Raw Webhook Data: {"object":"whatsapp_business_account","entry":[{"id":"1275182881062952","changes":[{"value":{"messaging_product":"whatsapp","metadata":{"display_phone_number":"96590094353","phone_number_id":"699682719900962"},"contacts":[{"profile":{"name":"Over 9 levels deep, aborting normalization"},"wa_id":"201158185798"}],"messages":[{"context":{"from":"Over 9 levels deep, aborting normalization","id":"Over 9 levels deep, aborting normalization"},"from":"201158185798","id":"wamid.HBgMMjAxMTU4MTg1Nzk4FQIAEhggQTU5ODBGRUQxMzc3MzM5RjQ0MDA3NTQwNUYyNjhCMzcA","timestamp":"1760024627","type":"button","button":{"payload":"Over 9 levels deep, aborting normalization","text":"Over 9 levels deep, aborting normalization"}}]},"field":"messages"}]}]} 
[2025-10-09 15:43:49] local.INFO: Button Press Detected {"phone":"201158185798","button":"حضور"} 
[2025-10-09 15:43:49] local.INFO: Status Updated Successfully {"phone":"201158185798","status":"accepted"} 
[2025-10-09 16:04:52] local.INFO: Raw Webhook Data: {"object":"whatsapp_business_account","entry":[{"id":"1275182881062952","changes":[{"value":{"messaging_product":"whatsapp","metadata":{"display_phone_number":"96590094353","phone_number_id":"699682719900962"},"contacts":[{"profile":{"name":"Over 9 levels deep, aborting normalization"},"wa_id":"201098615691"}],"messages":[{"context":{"from":"Over 9 levels deep, aborting normalization","id":"Over 9 levels deep, aborting normalization"},"from":"201098615691","id":"wamid.HBgMMjAxMDk4NjE1NjkxFQIAEhgWM0VCMEZENDVEQzFCMTUzNDJGNkVBMwA=","timestamp":"1760025882","type":"button","button":{"payload":"Over 9 levels deep, aborting normalization","text":"Over 9 levels deep, aborting normalization"}}]},"field":"messages"}]}]} 
[2025-10-09 16:04:52] local.INFO: Button Press Detected {"phone":"201098615691","button":"اعتذار"} 
[2025-10-09 16:04:52] local.INFO: Status Updated Successfully {"phone":"201098615691","status":"declined"} 
[2025-10-09 16:05:02] local.INFO: Raw Webhook Data: {"object":"whatsapp_business_account","entry":[{"id":"1275182881062952","changes":[{"value":{"messaging_product":"whatsapp","metadata":{"display_phone_number":"96590094353","phone_number_id":"699682719900962"},"statuses":[{"id":"wamid.HBgMMjAxMDk4NjE1NjkxFQIAERgSMDBDNDUxMTY5REUzRkJCQjgyAA==","status":"read","timestamp":"1760025895","recipient_id":"201098615691","conversation":{"id":"Over 9 levels deep, aborting normalization","origin":"Over 9 levels deep, aborting normalization"},"pricing":{"billable":"Over 9 levels deep, aborting normalization","pricing_model":"Over 9 levels deep, aborting normalization","category":"Over 9 levels deep, aborting normalization","type":"Over 9 levels deep, aborting normalization"}}]},"field":"messages"}]}]} 
[2025-10-11 19:59:09] local.INFO: Raw Webhook Data: {"object":"whatsapp_business_account","entry":[{"id":"1275182881062952","changes":[{"value":{"messaging_product":"whatsapp","metadata":{"display_phone_number":"96590094353","phone_number_id":"699682719900962"},"statuses":[{"id":"wamid.HBgMOTY2NTQ2NDIxNzY2FQIAERgSNjhGOUJDM0M4QThDOUFBODRCAA==","status":"sent","timestamp":"1760212747","recipient_id":"966546421766","conversation":{"id":"Over 9 levels deep, aborting normalization","expiration_timestamp":"Over 9 levels deep, aborting normalization","origin":"Over 9 levels deep, aborting normalization"},"pricing":{"billable":"Over 9 levels deep, aborting normalization","pricing_model":"Over 9 levels deep, aborting normalization","category":"Over 9 levels deep, aborting normalization","type":"Over 9 levels deep, aborting normalization"}}]},"field":"messages"}]}]} 
[2025-10-11 19:59:09] local.INFO: Raw Webhook Data: {"object":"whatsapp_business_account","entry":[{"id":"1275182881062952","changes":[{"value":{"messaging_product":"whatsapp","metadata":{"display_phone_number":"96590094353","phone_number_id":"699682719900962"},"statuses":[{"id":"wamid.HBgMOTY2NTQ2NDIxNzY2FQIAERgSNjhGOUJDM0M4QThDOUFBODRCAA==","status":"delivered","timestamp":"1760212748","recipient_id":"966546421766","conversation":{"id":"Over 9 levels deep, aborting normalization","origin":"Over 9 levels deep, aborting normalization"},"pricing":{"billable":"Over 9 levels deep, aborting normalization","pricing_model":"Over 9 levels deep, aborting normalization","category":"Over 9 levels deep, aborting normalization","type":"Over 9 levels deep, aborting normalization"}}]},"field":"messages"}]}]} 
[2025-10-11 19:59:16] local.INFO: Raw Webhook Data: {"object":"whatsapp_business_account","entry":[{"id":"1275182881062952","changes":[{"value":{"messaging_product":"whatsapp","metadata":{"display_phone_number":"96590094353","phone_number_id":"699682719900962"},"contacts":[{"profile":{"name":"Over 9 levels deep, aborting normalization"},"wa_id":"966546421766"}],"messages":[{"context":{"from":"Over 9 levels deep, aborting normalization","id":"Over 9 levels deep, aborting normalization"},"from":"966546421766","id":"wamid.HBgMOTY2NTQ2NDIxNzY2FQIAEhgUM0ZBQzE1NDJFNjMxRDAxMDFFMzQA","timestamp":"1760212754","type":"button","button":{"payload":"Over 9 levels deep, aborting normalization","text":"Over 9 levels deep, aborting normalization"}}]},"field":"messages"}]}]} 
[2025-10-11 19:59:16] local.INFO: Button Press Detected {"phone":"966546421766","button":"حضور"} 
[2025-10-11 19:59:16] local.INFO: Status Updated Successfully {"phone":"966546421766","status":"accepted"} 
[2025-10-11 19:59:16] local.ERROR: Failed to send attendance options: Client error: `POST https://app.chatberry.net/api/wpbox/sendlistmessage` resulted in a `404 Not Found` response:
{
    "message": "The route api/wpbox/sendlistmessage could not be found.",
    "exception": "Symfony\\Component\\HttpKe (truncated...)
  
[2025-10-11 20:02:25] local.INFO: Raw Webhook Data: {"token":"rQxIz25nWvilLGs0xr6NYofEmbs3h77uH9lp5WFNd855b55d","phone":"966546421766","message":"Do you like our service as list","header":"Hello there","footer":"Thanks","action":{"button":"Choose an option","sections":[{"title":"Feedback Options","rows":[{"id":"positive_feedback","title":"Yes, I love it!","description":"I'm happy with the service."},{"id":"neutral_feedback","title":"It's okay","description":"The service is fine, but could be better."}]},{"title":"More Help","rows":[{"id":"need_support","title":"I need help","description":"I'd like to speak with support."},{"id":"feature_request","title":"Suggest a feature","description":"I have an idea for improvement."}]}]}} 
[2025-10-13 12:20:50] local.INFO: Raw Webhook Data: {"object":"whatsapp_business_account","entry":[{"id":"1275182881062952","changes":[{"value":{"messaging_product":"whatsapp","metadata":{"display_phone_number":"96590094353","phone_number_id":"699682719900962"},"statuses":[{"id":"wamid.HBgMOTY2NTQ2NDIxNzY2FQIAERgSQzMwOTJBNTFEQkQyMUNDQTg0AA==","status":"failed","timestamp":"1760358049","recipient_id":"966546421766","errors":["Over 9 levels deep, aborting normalization"]}]},"field":"messages"}]}]} 
[2025-11-24 01:21:58] local.ERROR: Attempt to read property "edit_role" on null {"view":{"view":"/home/linkatt/public_html/staging/WeddingAppDashboard/resources/views/admin/LandingPage/hero-sections/index.blade.php","data":{"errors":"<pre class=sf-dump id=sf-dump-856202556 data-indent-pad=\"  \"><span class=sf-dump-note>Illuminate\\Support\\ViewErrorBag</span> {<a class=sf-dump-ref>#1529</a><samp data-depth=1 class=sf-dump-expanded>
  #<span class=sf-dump-protected title=\"Protected property\">bags</span>: []
</samp>}
</pre><script>Sfdump(\"sf-dump-856202556\", {\"maxDepth\":3,\"maxStringLength\":160})</script>
","heroSections":"<pre class=sf-dump id=sf-dump-1631334838 data-indent-pad=\"  \"><span class=sf-dump-note>Illuminate\\Database\\Eloquent\\Collection</span> {<a class=sf-dump-ref>#1550</a><samp data-depth=1 class=sf-dump-expanded>
  #<span class=sf-dump-protected title=\"Protected property\">items</span>: <span class=sf-dump-note>array:1</span> [<samp data-depth=2 class=sf-dump-compact>
    <span class=sf-dump-index>0</span> => <span class=sf-dump-note title=\"App\\Models\\Herosection
\"><span class=\"sf-dump-ellipsis sf-dump-ellipsis-note\">App\\Models</span><span class=\"sf-dump-ellipsis sf-dump-ellipsis-note\">\\</span>Herosection</span> {<a class=sf-dump-ref>#1552</a><samp data-depth=3 class=sf-dump-compact>
      #<span class=sf-dump-protected title=\"Protected property\">connection</span>: \"<span class=sf-dump-str title=\"5 characters\">mysql</span>\"
      #<span class=sf-dump-protected title=\"Protected property\">table</span>: \"<span class=sf-dump-str title=\"12 characters\">herosections</span>\"
      #<span class=sf-dump-protected title=\"Protected property\">primaryKey</span>: \"<span class=sf-dump-str title=\"2 characters\">id</span>\"
      #<span class=sf-dump-protected title=\"Protected property\">keyType</span>: \"<span class=sf-dump-str title=\"3 characters\">int</span>\"
      +<span class=sf-dump-public title=\"Public property\">incrementing</span>: <span class=sf-dump-const>true</span>
      #<span class=sf-dump-protected title=\"Protected property\">with</span>: []
      #<span class=sf-dump-protected title=\"Protected property\">withCount</span>: []
      +<span class=sf-dump-public title=\"Public property\">preventsLazyLoading</span>: <span class=sf-dump-const>false</span>
      #<span class=sf-dump-protected title=\"Protected property\">perPage</span>: <span class=sf-dump-num>15</span>
      +<span class=sf-dump-public title=\"Public property\">exists</span>: <span class=sf-dump-const>true</span>
      +<span class=sf-dump-public title=\"Public property\">wasRecentlyCreated</span>: <span class=sf-dump-const>false</span>
      #<span class=sf-dump-protected title=\"Protected property\">escapeWhenCastingToString</span>: <span class=sf-dump-const>false</span>
      #<span class=sf-dump-protected title=\"Protected property\">attributes</span>: <span class=sf-dump-note>array:9</span> [ &#8230;9]
      #<span class=sf-dump-protected title=\"Protected property\">original</span>: <span class=sf-dump-note>array:9</span> [ &#8230;9]
      #<span class=sf-dump-protected title=\"Protected property\">changes</span>: []
      #<span class=sf-dump-protected title=\"Protected property\">casts</span>: []
      #<span class=sf-dump-protected title=\"Protected property\">classCastCache</span>: []
      #<span class=sf-dump-protected title=\"Protected property\">attributeCastCache</span>: []
      #<span class=sf-dump-protected title=\"Protected property\">dates</span>: []
      #<span class=sf-dump-protected title=\"Protected property\">dateFormat</span>: <span class=sf-dump-const>null</span>
      #<span class=sf-dump-protected title=\"Protected property\">appends</span>: []
      #<span class=sf-dump-protected title=\"Protected property\">dispatchesEvents</span>: []
      #<span class=sf-dump-protected title=\"Protected property\">observables</span>: []
      #<span class=sf-dump-protected title=\"Protected property\">relations</span>: []
      #<span class=sf-dump-protected title=\"Protected property\">touches</span>: []
      +<span class=sf-dump-public title=\"Public property\">timestamps</span>: <span class=sf-dump-const>true</span>
      #<span class=sf-dump-protected title=\"Protected property\">hidden</span>: []
      #<span class=sf-dump-protected title=\"Protected property\">visible</span>: []
      #<span class=sf-dump-protected title=\"Protected property\">fillable</span>: <span class=sf-dump-note>array:6</span> [ &#8230;6]
      #<span class=sf-dump-protected title=\"Protected property\">guarded</span>: <span class=sf-dump-note>array:1</span> [ &#8230;1]
    </samp>}
  </samp>]
  #<span class=sf-dump-protected title=\"Protected property\">escapeWhenCastingToString</span>: <span class=sf-dump-const>false</span>
</samp>}
</pre><script>Sfdump(\"sf-dump-1631334838\", {\"maxDepth\":3,\"maxStringLength\":160})</script>
"}},"exception":"[object] (Spatie\\LaravelIgnition\\Exceptions\\ViewException(code: 0): Attempt to read property \"edit_role\" on null at /home/linkatt/public_html/staging/WeddingAppDashboard/resources/views/admin/LandingPage/hero-sections/index.blade.php:65)
[stacktrace]
#0 /home/linkatt/public_html/staging/WeddingAppDashboard/vendor/laravel/framework/src/Illuminate/Foundation/Bootstrap/HandleExceptions.php(272): Illuminate\\Foundation\\Bootstrap\\HandleExceptions->handleError(2, 'Attempt to read...', '/home/linkatt/p...', 65)
#1 /home/linkatt/public_html/staging/WeddingAppDashboard/resources/views/admin/LandingPage/hero-sections/index.blade.php(65): Illuminate\\Foundation\\Bootstrap\\HandleExceptions->Illuminate\\Foundation\\Bootstrap\\{closure}(2, 'Attempt to read...', '/home/linkatt/p...', 65)
#2 /home/linkatt/public_html/staging/WeddingAppDashboard/vendor/laravel/framework/src/Illuminate/Filesystem/Filesystem.php(109): require('/home/linkatt/p...')
#3 /home/linkatt/public_html/staging/WeddingAppDashboard/vendor/laravel/framework/src/Illuminate/Filesystem/Filesystem.php(110): Illuminate\\Filesystem\\Filesystem::Illuminate\\Filesystem\\{closure}()
#4 /home/linkatt/public_html/staging/WeddingAppDashboard/vendor/laravel/framework/src/Illuminate/View/Engines/PhpEngine.php(58): Illuminate\\Filesystem\\Filesystem->getRequire('/home/linkatt/p...', Array)
#5 /home/linkatt/public_html/staging/WeddingAppDashboard/vendor/laravel/framework/src/Illuminate/View/Engines/CompilerEngine.php(70): Illuminate\\View\\Engines\\PhpEngine->evaluatePath('/home/linkatt/p...', Array)
#6 /home/linkatt/public_html/staging/WeddingAppDashboard/vendor/laravel/framework/src/Illuminate/View/View.php(195): Illuminate\\View\\Engines\\CompilerEngine->get('/home/linkatt/p...', Array)
#7 /home/linkatt/public_html/staging/WeddingAppDashboard/vendor/laravel/framework/src/Illuminate/View/View.php(178): Illuminate\\View\\View->getContents()
#8 /home/linkatt/public_html/staging/WeddingAppDashboard/vendor/laravel/framework/src/Illuminate/View/View.php(147): Illuminate\\View\\View->renderContents()
#9 /home/linkatt/public_html/staging/WeddingAppDashboard/vendor/laravel/framework/src/Illuminate/Http/Response.php(69): Illuminate\\View\\View->render()
#10 /home/linkatt/public_html/staging/WeddingAppDashboard/vendor/laravel/framework/src/Illuminate/Http/Response.php(35): Illuminate\\Http\\Response->setContent(Object(Illuminate\\View\\View))
#11 /home/linkatt/public_html/staging/WeddingAppDashboard/vendor/laravel/framework/src/Illuminate/Routing/Router.php(906): Illuminate\\Http\\Response->__construct(Object(Illuminate\\View\\View), 200, Array)
#12 /home/linkatt/public_html/staging/WeddingAppDashboard/vendor/laravel/framework/src/Illuminate/Routing/Router.php(875): Illuminate\\Routing\\Router::toResponse(Object(Illuminate\\Http\\Request), Object(Illuminate\\View\\View))
#13 /home/linkatt/public_html/staging/WeddingAppDashboard/vendor/laravel/framework/src/Illuminate/Routing/Router.php(798): Illuminate\\Routing\\Router->prepareResponse(Object(Illuminate\\Http\\Request), Object(Illuminate\\View\\View))
#14 /home/linkatt/public_html/staging/WeddingAppDashboard/vendor/laravel/framework/src/Illuminate/Pipeline/Pipeline.php(141): Illuminate\\Routing\\Router->Illuminate\\Routing\\{closure}(Object(Illuminate\\Http\\Request))
#15 /home/linkatt/public_html/staging/WeddingAppDashboard/vendor/laravel/framework/src/Illuminate/Routing/Middleware/SubstituteBindings.php(50): Illuminate\\Pipeline\\Pipeline->Illuminate\\Pipeline\\{closure}(Object(Illuminate\\Http\\Request))
#16 /home/linkatt/public_html/staging/WeddingAppDashboard/vendor/laravel/framework/src/Illuminate/Pipeline/Pipeline.php(180): Illuminate\\Routing\\Middleware\\SubstituteBindings->handle(Object(Illuminate\\Http\\Request), Object(Closure))
#17 /home/linkatt/public_html/staging/WeddingAppDashboard/vendor/laravel/framework/src/Illuminate/Foundation/Http/Middleware/VerifyCsrfToken.php(78): Illuminate\\Pipeline\\Pipeline->Illuminate\\Pipeline\\{closure}(Object(Illuminate\\Http\\Request))
#18 /home/linkatt/public_html/staging/WeddingAppDashboard/vendor/laravel/framework/src/Illuminate/Pipeline/Pipeline.php(180): Illuminate\\Foundation\\Http\\Middleware\\VerifyCsrfToken->handle(Object(Illuminate\\Http\\Request), Object(Closure))
#19 /home/linkatt/public_html/staging/WeddingAppDashboard/vendor/laravel/framework/src/Illuminate/View/Middleware/ShareErrorsFromSession.php(49): Illuminate\\Pipeline\\Pipeline->Illuminate\\Pipeline\\{closure}(Object(Illuminate\\Http\\Request))
#20 /home/linkatt/public_html/staging/WeddingAppDashboard/vendor/laravel/framework/src/Illuminate/Pipeline/Pipeline.php(180): Illuminate\\View\\Middleware\\ShareErrorsFromSession->handle(Object(Illuminate\\Http\\Request), Object(Closure))
#21 /home/linkatt/public_html/staging/WeddingAppDashboard/vendor/laravel/framework/src/Illuminate/Session/Middleware/StartSession.php(121): Illuminate\\Pipeline\\Pipeline->Illuminate\\Pipeline\\{closure}(Object(Illuminate\\Http\\Request))
#22 /home/linkatt/public_html/staging/WeddingAppDashboard/vendor/laravel/framework/src/Illuminate/Session/Middleware/StartSession.php(64): Illuminate\\Session\\Middleware\\StartSession->handleStatefulRequest(Object(Illuminate\\Http\\Request), Object(Illuminate\\Session\\Store), Object(Closure))
#23 /home/linkatt/public_html/staging/WeddingAppDashboard/vendor/laravel/framework/src/Illuminate/Pipeline/Pipeline.php(180): Illuminate\\Session\\Middleware\\StartSession->handle(Object(Illuminate\\Http\\Request), Object(Closure))
#24 /home/linkatt/public_html/staging/WeddingAppDashboard/vendor/laravel/framework/src/Illuminate/Cookie/Middleware/AddQueuedCookiesToResponse.php(37): Illuminate\\Pipeline\\Pipeline->Illuminate\\Pipeline\\{closure}(Object(Illuminate\\Http\\Request))
#25 /home/linkatt/public_html/staging/WeddingAppDashboard/vendor/laravel/framework/src/Illuminate/Pipeline/Pipeline.php(180): Illuminate\\Cookie\\Middleware\\AddQueuedCookiesToResponse->handle(Object(Illuminate\\Http\\Request), Object(Closure))
#26 /home/linkatt/public_html/staging/WeddingAppDashboard/vendor/laravel/framework/src/Illuminate/Cookie/Middleware/EncryptCookies.php(67): Illuminate\\Pipeline\\Pipeline->Illuminate\\Pipeline\\{closure}(Object(Illuminate\\Http\\Request))
#27 /home/linkatt/public_html/staging/WeddingAppDashboard/vendor/laravel/framework/src/Illuminate/Pipeline/Pipeline.php(180): Illuminate\\Cookie\\Middleware\\EncryptCookies->handle(Object(Illuminate\\Http\\Request), Object(Closure))
#28 /home/linkatt/public_html/staging/WeddingAppDashboard/vendor/laravel/framework/src/Illuminate/Pipeline/Pipeline.php(116): Illuminate\\Pipeline\\Pipeline->Illuminate\\Pipeline\\{closure}(Object(Illuminate\\Http\\Request))
#29 /home/linkatt/public_html/staging/WeddingAppDashboard/vendor/laravel/framework/src/Illuminate/Routing/Router.php(799): Illuminate\\Pipeline\\Pipeline->then(Object(Closure))
#30 /home/linkatt/public_html/staging/WeddingAppDashboard/vendor/laravel/framework/src/Illuminate/Routing/Router.php(776): Illuminate\\Routing\\Router->runRouteWithinStack(Object(Illuminate\\Routing\\Route), Object(Illuminate\\Http\\Request))
#31 /home/linkatt/public_html/staging/WeddingAppDashboard/vendor/laravel/framework/src/Illuminate/Routing/Router.php(740): Illuminate\\Routing\\Router->runRoute(Object(Illuminate\\Http\\Request), Object(Illuminate\\Routing\\Route))
#32 /home/linkatt/public_html/staging/WeddingAppDashboard/vendor/laravel/framework/src/Illuminate/Routing/Router.php(729): Illuminate\\Routing\\Router->dispatchToRoute(Object(Illuminate\\Http\\Request))
#33 /home/linkatt/public_html/staging/WeddingAppDashboard/vendor/laravel/framework/src/Illuminate/Foundation/Http/Kernel.php(190): Illuminate\\Routing\\Router->dispatch(Object(Illuminate\\Http\\Request))
#34 /home/linkatt/public_html/staging/WeddingAppDashboard/vendor/laravel/framework/src/Illuminate/Pipeline/Pipeline.php(141): Illuminate\\Foundation\\Http\\Kernel->Illuminate\\Foundation\\Http\\{closure}(Object(Illuminate\\Http\\Request))
#35 /home/linkatt/public_html/staging/WeddingAppDashboard/vendor/laravel/framework/src/Illuminate/Foundation/Http/Middleware/TransformsRequest.php(21): Illuminate\\Pipeline\\Pipeline->Illuminate\\Pipeline\\{closure}(Object(Illuminate\\Http\\Request))
#36 /home/linkatt/public_html/staging/WeddingAppDashboard/vendor/laravel/framework/src/Illuminate/Foundation/Http/Middleware/ConvertEmptyStringsToNull.php(31): Illuminate\\Foundation\\Http\\Middleware\\TransformsRequest->handle(Object(Illuminate\\Http\\Request), Object(Closure))
#37 /home/linkatt/public_html/staging/WeddingAppDashboard/vendor/laravel/framework/src/Illuminate/Pipeline/Pipeline.php(180): Illuminate\\Foundation\\Http\\Middleware\\ConvertEmptyStringsToNull->handle(Object(Illuminate\\Http\\Request), Object(Closure))
#38 /home/linkatt/public_html/staging/WeddingAppDashboard/vendor/laravel/framework/src/Illuminate/Foundation/Http/Middleware/TransformsRequest.php(21): Illuminate\\Pipeline\\Pipeline->Illuminate\\Pipeline\\{closure}(Object(Illuminate\\Http\\Request))
#39 /home/linkatt/public_html/staging/WeddingAppDashboard/vendor/laravel/framework/src/Illuminate/Foundation/Http/Middleware/TrimStrings.php(40): Illuminate\\Foundation\\Http\\Middleware\\TransformsRequest->handle(Object(Illuminate\\Http\\Request), Object(Closure))
#40 /home/linkatt/public_html/staging/WeddingAppDashboard/vendor/laravel/framework/src/Illuminate/Pipeline/Pipeline.php(180): Illuminate\\Foundation\\Http\\Middleware\\TrimStrings->handle(Object(Illuminate\\Http\\Request), Object(Closure))
#41 /home/linkatt/public_html/staging/WeddingAppDashboard/vendor/laravel/framework/src/Illuminate/Foundation/Http/Middleware/ValidatePostSize.php(27): Illuminate\\Pipeline\\Pipeline->Illuminate\\Pipeline\\{closure}(Object(Illuminate\\Http\\Request))
#42 /home/linkatt/public_html/staging/WeddingAppDashboard/vendor/laravel/framework/src/Illuminate/Pipeline/Pipeline.php(180): Illuminate\\Foundation\\Http\\Middleware\\ValidatePostSize->handle(Object(Illuminate\\Http\\Request), Object(Closure))
#43 /home/linkatt/public_html/staging/WeddingAppDashboard/vendor/laravel/framework/src/Illuminate/Foundation/Http/Middleware/PreventRequestsDuringMaintenance.php(86): Illuminate\\Pipeline\\Pipeline->Illuminate\\Pipeline\\{closure}(Object(Illuminate\\Http\\Request))
#44 /home/linkatt/public_html/staging/WeddingAppDashboard/vendor/laravel/framework/src/Illuminate/Pipeline/Pipeline.php(180): Illuminate\\Foundation\\Http\\Middleware\\PreventRequestsDuringMaintenance->handle(Object(Illuminate\\Http\\Request), Object(Closure))
#45 /home/linkatt/public_html/staging/WeddingAppDashboard/vendor/laravel/framework/src/Illuminate/Http/Middleware/HandleCors.php(49): Illuminate\\Pipeline\\Pipeline->Illuminate\\Pipeline\\{closure}(Object(Illuminate\\Http\\Request))
#46 /home/linkatt/public_html/staging/WeddingAppDashboard/vendor/laravel/framework/src/Illuminate/Pipeline/Pipeline.php(180): Illuminate\\Http\\Middleware\\HandleCors->handle(Object(Illuminate\\Http\\Request), Object(Closure))
#47 /home/linkatt/public_html/staging/WeddingAppDashboard/vendor/laravel/framework/src/Illuminate/Http/Middleware/TrustProxies.php(39): Illuminate\\Pipeline\\Pipeline->Illuminate\\Pipeline\\{closure}(Object(Illuminate\\Http\\Request))
#48 /home/linkatt/public_html/staging/WeddingAppDashboard/vendor/laravel/framework/src/Illuminate/Pipeline/Pipeline.php(180): Illuminate\\Http\\Middleware\\TrustProxies->handle(Object(Illuminate\\Http\\Request), Object(Closure))
#49 /home/linkatt/public_html/staging/WeddingAppDashboard/vendor/laravel/framework/src/Illuminate/Pipeline/Pipeline.php(116): Illuminate\\Pipeline\\Pipeline->Illuminate\\Pipeline\\{closure}(Object(Illuminate\\Http\\Request))
#50 /home/linkatt/public_html/staging/WeddingAppDashboard/vendor/laravel/framework/src/Illuminate/Foundation/Http/Kernel.php(165): Illuminate\\Pipeline\\Pipeline->then(Object(Closure))
#51 /home/linkatt/public_html/staging/WeddingAppDashboard/vendor/laravel/framework/src/Illuminate/Foundation/Http/Kernel.php(134): Illuminate\\Foundation\\Http\\Kernel->sendRequestThroughRouter(Object(Illuminate\\Http\\Request))
#52 /home/linkatt/public_html/staging/WeddingAppDashboard/public/index.php(52): Illuminate\\Foundation\\Http\\Kernel->handle(Object(Illuminate\\Http\\Request))
#53 {main}

[previous exception] [object] (ErrorException(code: 0): Attempt to read property \"edit_role\" on null at /home/linkatt/public_html/staging/WeddingAppDashboard/storage/framework/views/2748ea09cda6688bb448592309bbb2702c2306f0.php:65)
[stacktrace]
#0 /home/linkatt/public_html/staging/WeddingAppDashboard/vendor/laravel/framework/src/Illuminate/Foundation/Bootstrap/HandleExceptions.php(272): Illuminate\\Foundation\\Bootstrap\\HandleExceptions->handleError(2, 'Attempt to read...', '/home/linkatt/p...', 65)
#1 /home/linkatt/public_html/staging/WeddingAppDashboard/storage/framework/views/2748ea09cda6688bb448592309bbb2702c2306f0.php(65): Illuminate\\Foundation\\Bootstrap\\HandleExceptions->Illuminate\\Foundation\\Bootstrap\\{closure}(2, 'Attempt to read...', '/home/linkatt/p...', 65)
#2 /home/linkatt/public_html/staging/WeddingAppDashboard/vendor/laravel/framework/src/Illuminate/Filesystem/Filesystem.php(109): require('/home/linkatt/p...')
#3 /home/linkatt/public_html/staging/WeddingAppDashboard/vendor/laravel/framework/src/Illuminate/Filesystem/Filesystem.php(110): Illuminate\\Filesystem\\Filesystem::Illuminate\\Filesystem\\{closure}()
#4 /home/linkatt/public_html/staging/WeddingAppDashboard/vendor/laravel/framework/src/Illuminate/View/Engines/PhpEngine.php(58): Illuminate\\Filesystem\\Filesystem->getRequire('/home/linkatt/p...', Array)
#5 /home/linkatt/public_html/staging/WeddingAppDashboard/vendor/laravel/framework/src/Illuminate/View/Engines/CompilerEngine.php(70): Illuminate\\View\\Engines\\PhpEngine->evaluatePath('/home/linkatt/p...', Array)
#6 /home/linkatt/public_html/staging/WeddingAppDashboard/vendor/laravel/framework/src/Illuminate/View/View.php(195): Illuminate\\View\\Engines\\CompilerEngine->get('/home/linkatt/p...', Array)
#7 /home/linkatt/public_html/staging/WeddingAppDashboard/vendor/laravel/framework/src/Illuminate/View/View.php(178): Illuminate\\View\\View->getContents()
#8 /home/linkatt/public_html/staging/WeddingAppDashboard/vendor/laravel/framework/src/Illuminate/View/View.php(147): Illuminate\\View\\View->renderContents()
#9 /home/linkatt/public_html/staging/WeddingAppDashboard/vendor/laravel/framework/src/Illuminate/Http/Response.php(69): Illuminate\\View\\View->render()
#10 /home/linkatt/public_html/staging/WeddingAppDashboard/vendor/laravel/framework/src/Illuminate/Http/Response.php(35): Illuminate\\Http\\Response->setContent(Object(Illuminate\\View\\View))
#11 /home/linkatt/public_html/staging/WeddingAppDashboard/vendor/laravel/framework/src/Illuminate/Routing/Router.php(906): Illuminate\\Http\\Response->__construct(Object(Illuminate\\View\\View), 200, Array)
#12 /home/linkatt/public_html/staging/WeddingAppDashboard/vendor/laravel/framework/src/Illuminate/Routing/Router.php(875): Illuminate\\Routing\\Router::toResponse(Object(Illuminate\\Http\\Request), Object(Illuminate\\View\\View))
#13 /home/linkatt/public_html/staging/WeddingAppDashboard/vendor/laravel/framework/src/Illuminate/Routing/Router.php(798): Illuminate\\Routing\\Router->prepareResponse(Object(Illuminate\\Http\\Request), Object(Illuminate\\View\\View))
#14 /home/linkatt/public_html/staging/WeddingAppDashboard/vendor/laravel/framework/src/Illuminate/Pipeline/Pipeline.php(141): Illuminate\\Routing\\Router->Illuminate\\Routing\\{closure}(Object(Illuminate\\Http\\Request))
#15 /home/linkatt/public_html/staging/WeddingAppDashboard/vendor/laravel/framework/src/Illuminate/Routing/Middleware/SubstituteBindings.php(50): Illuminate\\Pipeline\\Pipeline->Illuminate\\Pipeline\\{closure}(Object(Illuminate\\Http\\Request))
#16 /home/linkatt/public_html/staging/WeddingAppDashboard/vendor/laravel/framework/src/Illuminate/Pipeline/Pipeline.php(180): Illuminate\\Routing\\Middleware\\SubstituteBindings->handle(Object(Illuminate\\Http\\Request), Object(Closure))
#17 /home/linkatt/public_html/staging/WeddingAppDashboard/vendor/laravel/framework/src/Illuminate/Foundation/Http/Middleware/VerifyCsrfToken.php(78): Illuminate\\Pipeline\\Pipeline->Illuminate\\Pipeline\\{closure}(Object(Illuminate\\Http\\Request))
#18 /home/linkatt/public_html/staging/WeddingAppDashboard/vendor/laravel/framework/src/Illuminate/Pipeline/Pipeline.php(180): Illuminate\\Foundation\\Http\\Middleware\\VerifyCsrfToken->handle(Object(Illuminate\\Http\\Request), Object(Closure))
#19 /home/linkatt/public_html/staging/WeddingAppDashboard/vendor/laravel/framework/src/Illuminate/View/Middleware/ShareErrorsFromSession.php(49): Illuminate\\Pipeline\\Pipeline->Illuminate\\Pipeline\\{closure}(Object(Illuminate\\Http\\Request))
#20 /home/linkatt/public_html/staging/WeddingAppDashboard/vendor/laravel/framework/src/Illuminate/Pipeline/Pipeline.php(180): Illuminate\\View\\Middleware\\ShareErrorsFromSession->handle(Object(Illuminate\\Http\\Request), Object(Closure))
#21 /home/linkatt/public_html/staging/WeddingAppDashboard/vendor/laravel/framework/src/Illuminate/Session/Middleware/StartSession.php(121): Illuminate\\Pipeline\\Pipeline->Illuminate\\Pipeline\\{closure}(Object(Illuminate\\Http\\Request))
#22 /home/linkatt/public_html/staging/WeddingAppDashboard/vendor/laravel/framework/src/Illuminate/Session/Middleware/StartSession.php(64): Illuminate\\Session\\Middleware\\StartSession->handleStatefulRequest(Object(Illuminate\\Http\\Request), Object(Illuminate\\Session\\Store), Object(Closure))
#23 /home/linkatt/public_html/staging/WeddingAppDashboard/vendor/laravel/framework/src/Illuminate/Pipeline/Pipeline.php(180): Illuminate\\Session\\Middleware\\StartSession->handle(Object(Illuminate\\Http\\Request), Object(Closure))
#24 /home/linkatt/public_html/staging/WeddingAppDashboard/vendor/laravel/framework/src/Illuminate/Cookie/Middleware/AddQueuedCookiesToResponse.php(37): Illuminate\\Pipeline\\Pipeline->Illuminate\\Pipeline\\{closure}(Object(Illuminate\\Http\\Request))
#25 /home/linkatt/public_html/staging/WeddingAppDashboard/vendor/laravel/framework/src/Illuminate/Pipeline/Pipeline.php(180): Illuminate\\Cookie\\Middleware\\AddQueuedCookiesToResponse->handle(Object(Illuminate\\Http\\Request), Object(Closure))
#26 /home/linkatt/public_html/staging/WeddingAppDashboard/vendor/laravel/framework/src/Illuminate/Cookie/Middleware/EncryptCookies.php(67): Illuminate\\Pipeline\\Pipeline->Illuminate\\Pipeline\\{closure}(Object(Illuminate\\Http\\Request))
#27 /home/linkatt/public_html/staging/WeddingAppDashboard/vendor/laravel/framework/src/Illuminate/Pipeline/Pipeline.php(180): Illuminate\\Cookie\\Middleware\\EncryptCookies->handle(Object(Illuminate\\Http\\Request), Object(Closure))
#28 /home/linkatt/public_html/staging/WeddingAppDashboard/vendor/laravel/framework/src/Illuminate/Pipeline/Pipeline.php(116): Illuminate\\Pipeline\\Pipeline->Illuminate\\Pipeline\\{closure}(Object(Illuminate\\Http\\Request))
#29 /home/linkatt/public_html/staging/WeddingAppDashboard/vendor/laravel/framework/src/Illuminate/Routing/Router.php(799): Illuminate\\Pipeline\\Pipeline->then(Object(Closure))
#30 /home/linkatt/public_html/staging/WeddingAppDashboard/vendor/laravel/framework/src/Illuminate/Routing/Router.php(776): Illuminate\\Routing\\Router->runRouteWithinStack(Object(Illuminate\\Routing\\Route), Object(Illuminate\\Http\\Request))
#31 /home/linkatt/public_html/staging/WeddingAppDashboard/vendor/laravel/framework/src/Illuminate/Routing/Router.php(740): Illuminate\\Routing\\Router->runRoute(Object(Illuminate\\Http\\Request), Object(Illuminate\\Routing\\Route))
#32 /home/linkatt/public_html/staging/WeddingAppDashboard/vendor/laravel/framework/src/Illuminate/Routing/Router.php(729): Illuminate\\Routing\\Router->dispatchToRoute(Object(Illuminate\\Http\\Request))
#33 /home/linkatt/public_html/staging/WeddingAppDashboard/vendor/laravel/framework/src/Illuminate/Foundation/Http/Kernel.php(190): Illuminate\\Routing\\Router->dispatch(Object(Illuminate\\Http\\Request))
#34 /home/linkatt/public_html/staging/WeddingAppDashboard/vendor/laravel/framework/src/Illuminate/Pipeline/Pipeline.php(141): Illuminate\\Foundation\\Http\\Kernel->Illuminate\\Foundation\\Http\\{closure}(Object(Illuminate\\Http\\Request))
#35 /home/linkatt/public_html/staging/WeddingAppDashboard/vendor/laravel/framework/src/Illuminate/Foundation/Http/Middleware/TransformsRequest.php(21): Illuminate\\Pipeline\\Pipeline->Illuminate\\Pipeline\\{closure}(Object(Illuminate\\Http\\Request))
#36 /home/linkatt/public_html/staging/WeddingAppDashboard/vendor/laravel/framework/src/Illuminate/Foundation/Http/Middleware/ConvertEmptyStringsToNull.php(31): Illuminate\\Foundation\\Http\\Middleware\\TransformsRequest->handle(Object(Illuminate\\Http\\Request), Object(Closure))
#37 /home/linkatt/public_html/staging/WeddingAppDashboard/vendor/laravel/framework/src/Illuminate/Pipeline/Pipeline.php(180): Illuminate\\Foundation\\Http\\Middleware\\ConvertEmptyStringsToNull->handle(Object(Illuminate\\Http\\Request), Object(Closure))
#38 /home/linkatt/public_html/staging/WeddingAppDashboard/vendor/laravel/framework/src/Illuminate/Foundation/Http/Middleware/TransformsRequest.php(21): Illuminate\\Pipeline\\Pipeline->Illuminate\\Pipeline\\{closure}(Object(Illuminate\\Http\\Request))
#39 /home/linkatt/public_html/staging/WeddingAppDashboard/vendor/laravel/framework/src/Illuminate/Foundation/Http/Middleware/TrimStrings.php(40): Illuminate\\Foundation\\Http\\Middleware\\TransformsRequest->handle(Object(Illuminate\\Http\\Request), Object(Closure))
#40 /home/linkatt/public_html/staging/WeddingAppDashboard/vendor/laravel/framework/src/Illuminate/Pipeline/Pipeline.php(180): Illuminate\\Foundation\\Http\\Middleware\\TrimStrings->handle(Object(Illuminate\\Http\\Request), Object(Closure))
#41 /home/linkatt/public_html/staging/WeddingAppDashboard/vendor/laravel/framework/src/Illuminate/Foundation/Http/Middleware/ValidatePostSize.php(27): Illuminate\\Pipeline\\Pipeline->Illuminate\\Pipeline\\{closure}(Object(Illuminate\\Http\\Request))
#42 /home/linkatt/public_html/staging/WeddingAppDashboard/vendor/laravel/framework/src/Illuminate/Pipeline/Pipeline.php(180): Illuminate\\Foundation\\Http\\Middleware\\ValidatePostSize->handle(Object(Illuminate\\Http\\Request), Object(Closure))
#43 /home/linkatt/public_html/staging/WeddingAppDashboard/vendor/laravel/framework/src/Illuminate/Foundation/Http/Middleware/PreventRequestsDuringMaintenance.php(86): Illuminate\\Pipeline\\Pipeline->Illuminate\\Pipeline\\{closure}(Object(Illuminate\\Http\\Request))
#44 /home/linkatt/public_html/staging/WeddingAppDashboard/vendor/laravel/framework/src/Illuminate/Pipeline/Pipeline.php(180): Illuminate\\Foundation\\Http\\Middleware\\PreventRequestsDuringMaintenance->handle(Object(Illuminate\\Http\\Request), Object(Closure))
#45 /home/linkatt/public_html/staging/WeddingAppDashboard/vendor/laravel/framework/src/Illuminate/Http/Middleware/HandleCors.php(49): Illuminate\\Pipeline\\Pipeline->Illuminate\\Pipeline\\{closure}(Object(Illuminate\\Http\\Request))
#46 /home/linkatt/public_html/staging/WeddingAppDashboard/vendor/laravel/framework/src/Illuminate/Pipeline/Pipeline.php(180): Illuminate\\Http\\Middleware\\HandleCors->handle(Object(Illuminate\\Http\\Request), Object(Closure))
#47 /home/linkatt/public_html/staging/WeddingAppDashboard/vendor/laravel/framework/src/Illuminate/Http/Middleware/TrustProxies.php(39): Illuminate\\Pipeline\\Pipeline->Illuminate\\Pipeline\\{closure}(Object(Illuminate\\Http\\Request))
#48 /home/linkatt/public_html/staging/WeddingAppDashboard/vendor/laravel/framework/src/Illuminate/Pipeline/Pipeline.php(180): Illuminate\\Http\\Middleware\\TrustProxies->handle(Object(Illuminate\\Http\\Request), Object(Closure))
#49 /home/linkatt/public_html/staging/WeddingAppDashboard/vendor/laravel/framework/src/Illuminate/Pipeline/Pipeline.php(116): Illuminate\\Pipeline\\Pipeline->Illuminate\\Pipeline\\{closure}(Object(Illuminate\\Http\\Request))
#50 /home/linkatt/public_html/staging/WeddingAppDashboard/vendor/laravel/framework/src/Illuminate/Foundation/Http/Kernel.php(165): Illuminate\\Pipeline\\Pipeline->then(Object(Closure))
#51 /home/linkatt/public_html/staging/WeddingAppDashboard/vendor/laravel/framework/src/Illuminate/Foundation/Http/Kernel.php(134): Illuminate\\Foundation\\Http\\Kernel->sendRequestThroughRouter(Object(Illuminate\\Http\\Request))
#52 /home/linkatt/public_html/staging/WeddingAppDashboard/public/index.php(52): Illuminate\\Foundation\\Http\\Kernel->handle(Object(Illuminate\\Http\\Request))
#53 {main}
"} 
[2025-12-02 08:53:00] local.INFO: Raw Webhook Data: {"object":"whatsapp_business_account","entry":[{"id":"1275182881062952","changes":[{"value":{"messaging_product":"whatsapp","metadata":{"display_phone_number":"96590094353","phone_number_id":"699682719900962"},"contacts":[{"profile":{"name":"Over 9 levels deep, aborting normalization"},"wa_id":"96590070671"}],"messages":[{"from":"96590070671","id":"wamid.HBgLOTY1OTAwNzA2NzEVAgASGBYzRUIwNzI2MTQ1RDQxNEJEM0VDNjczAA==","timestamp":"1764665576","text":{"body":"Over 9 levels deep, aborting normalization"},"type":"text"}]},"field":"messages"}]}]} 
[2025-12-02 09:05:27] local.INFO: Raw Webhook Data: {"object":"whatsapp_business_account","entry":[{"id":"1275182881062952","changes":[{"value":{"messaging_product":"whatsapp","metadata":{"display_phone_number":"96590094353","phone_number_id":"699682719900962"},"statuses":[{"id":"wamid.HBgLOTY1OTAwNzA2NzEVAgARGBJBRTAzQjcxNkE4MDIxMEI0ODQA","status":"sent","timestamp":"1764666326","recipient_id":"96590070671","conversation":{"id":"Over 9 levels deep, aborting normalization","expiration_timestamp":"Over 9 levels deep, aborting normalization","origin":"Over 9 levels deep, aborting normalization"},"pricing":{"billable":"Over 9 levels deep, aborting normalization","pricing_model":"Over 9 levels deep, aborting normalization","category":"Over 9 levels deep, aborting normalization","type":"Over 9 levels deep, aborting normalization"}}]},"field":"messages"}]}]} 
[2025-12-02 09:05:29] local.INFO: Raw Webhook Data: {"object":"whatsapp_business_account","entry":[{"id":"1275182881062952","changes":[{"value":{"messaging_product":"whatsapp","metadata":{"display_phone_number":"96590094353","phone_number_id":"699682719900962"},"statuses":[{"id":"wamid.HBgLOTY1OTAwNzA2NzEVAgARGBJBRTAzQjcxNkE4MDIxMEI0ODQA","status":"delivered","timestamp":"1764666326","recipient_id":"96590070671","conversation":{"id":"Over 9 levels deep, aborting normalization","origin":"Over 9 levels deep, aborting normalization"},"pricing":{"billable":"Over 9 levels deep, aborting normalization","pricing_model":"Over 9 levels deep, aborting normalization","category":"Over 9 levels deep, aborting normalization","type":"Over 9 levels deep, aborting normalization"}}]},"field":"messages"}]}]} 
[2025-12-02 09:05:45] local.INFO: Raw Webhook Data: {"object":"whatsapp_business_account","entry":[{"id":"1275182881062952","changes":[{"value":{"messaging_product":"whatsapp","metadata":{"display_phone_number":"96590094353","phone_number_id":"699682719900962"},"statuses":[{"id":"wamid.HBgLOTY1OTAwNzA2NzEVAgARGBJBRTAzQjcxNkE4MDIxMEI0ODQA","status":"delivered","timestamp":"1764666343","recipient_id":"96590070671","conversation":{"id":"Over 9 levels deep, aborting normalization","origin":"Over 9 levels deep, aborting normalization"},"pricing":{"billable":"Over 9 levels deep, aborting normalization","pricing_model":"Over 9 levels deep, aborting normalization","category":"Over 9 levels deep, aborting normalization","type":"Over 9 levels deep, aborting normalization"}}]},"field":"messages"}]}]} 
[2025-12-02 09:05:50] local.INFO: Raw Webhook Data: {"object":"whatsapp_business_account","entry":[{"id":"1275182881062952","changes":[{"value":{"messaging_product":"whatsapp","metadata":{"display_phone_number":"96590094353","phone_number_id":"699682719900962"},"statuses":[{"id":"wamid.HBgLOTY1OTAwNzA2NzEVAgARGBJBRTAzQjcxNkE4MDIxMEI0ODQA","status":"read","timestamp":"1764666349","recipient_id":"96590070671","conversation":{"id":"Over 9 levels deep, aborting normalization","origin":"Over 9 levels deep, aborting normalization"},"pricing":{"billable":"Over 9 levels deep, aborting normalization","pricing_model":"Over 9 levels deep, aborting normalization","category":"Over 9 levels deep, aborting normalization","type":"Over 9 levels deep, aborting normalization"}}]},"field":"messages"}]}]} 
[2025-12-02 09:05:52] local.INFO: Raw Webhook Data: {"object":"whatsapp_business_account","entry":[{"id":"1275182881062952","changes":[{"value":{"messaging_product":"whatsapp","metadata":{"display_phone_number":"96590094353","phone_number_id":"699682719900962"},"contacts":[{"profile":{"name":"Over 9 levels deep, aborting normalization"},"wa_id":"96590070671"}],"messages":[{"from":"96590070671","id":"wamid.HBgLOTY1OTAwNzA2NzEVAgASGBYzRUIwQTYzRjM5QzQzRjY2NEY1MEZBAA==","timestamp":"1764666350","text":{"body":"Over 9 levels deep, aborting normalization"},"type":"text"}]},"field":"messages"}]}]} 
[2025-12-04 17:48:48] local.INFO: Raw Webhook Data: {"object":"whatsapp_business_account","entry":[{"id":"1275182881062952","changes":[{"value":{"messaging_product":"whatsapp","metadata":{"display_phone_number":"96590094353","phone_number_id":"699682719900962"},"statuses":[{"id":"wamid.HBgLOTY1OTAwNzA2NzEVAgARGBJBRTAzQjcxNkE4MDIxMEI0ODQA","status":"read","timestamp":"1764870526","recipient_id":"96590070671","conversation":{"id":"Over 9 levels deep, aborting normalization","origin":"Over 9 levels deep, aborting normalization"},"pricing":{"billable":"Over 9 levels deep, aborting normalization","pricing_model":"Over 9 levels deep, aborting normalization","category":"Over 9 levels deep, aborting normalization","type":"Over 9 levels deep, aborting normalization"}}]},"field":"messages"}]}]} 
[2025-12-16 20:18:01] local.INFO: Raw Webhook Data: {"object":"whatsapp_business_account","entry":[{"id":"1275182881062952","changes":[{"value":{"messaging_product":"whatsapp","metadata":{"display_phone_number":"96590094353","phone_number_id":"699682719900962"},"statuses":[{"id":"wamid.HBgMOTY2NTQ2NDIxNzY2FQIAERgSQjQ5ODNDMTU3NTU2QTUzMEE2AA==","status":"delivered","timestamp":"1765916279","recipient_id":"966546421766","conversation":{"id":"Over 9 levels deep, aborting normalization","origin":"Over 9 levels deep, aborting normalization"},"pricing":{"billable":"Over 9 levels deep, aborting normalization","pricing_model":"Over 9 levels deep, aborting normalization","category":"Over 9 levels deep, aborting normalization","type":"Over 9 levels deep, aborting normalization"}}]},"field":"messages"}]}]} 
[2025-12-16 20:18:01] local.INFO: Raw Webhook Data: {"object":"whatsapp_business_account","entry":[{"id":"1275182881062952","changes":[{"value":{"messaging_product":"whatsapp","metadata":{"display_phone_number":"96590094353","phone_number_id":"699682719900962"},"statuses":[{"id":"wamid.HBgMOTY2NTQ2NDIxNzY2FQIAERgSQjQ5ODNDMTU3NTU2QTUzMEE2AA==","status":"sent","timestamp":"1765916279","recipient_id":"966546421766","conversation":{"id":"Over 9 levels deep, aborting normalization","expiration_timestamp":"Over 9 levels deep, aborting normalization","origin":"Over 9 levels deep, aborting normalization"},"pricing":{"billable":"Over 9 levels deep, aborting normalization","pricing_model":"Over 9 levels deep, aborting normalization","category":"Over 9 levels deep, aborting normalization","type":"Over 9 levels deep, aborting normalization"}}]},"field":"messages"}]}]} 
[2026-01-19 19:14:31] local.INFO: Raw Webhook Data: {"object":"whatsapp_business_account","entry":[{"id":"1275182881062952","changes":[{"value":{"messaging_product":"whatsapp","metadata":{"display_phone_number":"96590094353","phone_number_id":"699682719900962"},"statuses":[{"id":"wamid.HBgMOTY2NTQ2NDIxNzY2FQIAERgSRTA5REM4NDNBM0E2ODQ2Q0Y0AA==","status":"sent","timestamp":"1768850069","recipient_id":"966546421766","conversation":{"id":"Over 9 levels deep, aborting normalization","expiration_timestamp":"Over 9 levels deep, aborting normalization","origin":"Over 9 levels deep, aborting normalization"},"pricing":{"billable":"Over 9 levels deep, aborting normalization","pricing_model":"Over 9 levels deep, aborting normalization","category":"Over 9 levels deep, aborting normalization","type":"Over 9 levels deep, aborting normalization"}}]},"field":"messages"}]}]} 
[2026-01-19 19:14:31] local.INFO: Raw Webhook Data: {"object":"whatsapp_business_account","entry":[{"id":"1275182881062952","changes":[{"value":{"messaging_product":"whatsapp","metadata":{"display_phone_number":"96590094353","phone_number_id":"699682719900962"},"statuses":[{"id":"wamid.HBgMOTY2NTQ2NDIxNzY2FQIAERgSRTA5REM4NDNBM0E2ODQ2Q0Y0AA==","status":"delivered","timestamp":"1768850070","recipient_id":"966546421766","conversation":{"id":"Over 9 levels deep, aborting normalization","origin":"Over 9 levels deep, aborting normalization"},"pricing":{"billable":"Over 9 levels deep, aborting normalization","pricing_model":"Over 9 levels deep, aborting normalization","category":"Over 9 levels deep, aborting normalization","type":"Over 9 levels deep, aborting normalization"}}]},"field":"messages"}]}]} 
[2026-01-19 19:14:32] local.INFO: Raw Webhook Data: {"object":"whatsapp_business_account","entry":[{"id":"1275182881062952","changes":[{"value":{"messaging_product":"whatsapp","metadata":{"display_phone_number":"96590094353","phone_number_id":"699682719900962"},"statuses":[{"id":"wamid.HBgMOTY2NTQ2NDIxNzY2FQIAERgSRTA5REM4NDNBM0E2ODQ2Q0Y0AA==","status":"delivered","timestamp":"1768850070","recipient_id":"966546421766","conversation":{"id":"Over 9 levels deep, aborting normalization","origin":"Over 9 levels deep, aborting normalization"},"pricing":{"billable":"Over 9 levels deep, aborting normalization","pricing_model":"Over 9 levels deep, aborting normalization","category":"Over 9 levels deep, aborting normalization","type":"Over 9 levels deep, aborting normalization"}}]},"field":"messages"}]}]} 
[2026-01-19 19:15:55] local.INFO: Raw Webhook Data: {"object":"whatsapp_business_account","entry":[{"id":"1275182881062952","changes":[{"value":{"messaging_product":"whatsapp","metadata":{"display_phone_number":"96590094353","phone_number_id":"699682719900962"},"contacts":[{"profile":{"name":"Over 9 levels deep, aborting normalization"},"wa_id":"966546421766"}],"messages":[{"context":{"from":"Over 9 levels deep, aborting normalization","id":"Over 9 levels deep, aborting normalization"},"from":"966546421766","id":"wamid.HBgMOTY2NTQ2NDIxNzY2FQIAEhgUMkEzOTg2MjJGNzQ3QTQzMDYwNTgA","timestamp":"1768850154","type":"button","button":{"payload":"Over 9 levels deep, aborting normalization","text":"Over 9 levels deep, aborting normalization"}}]},"field":"messages"}]}]} 
[2026-01-19 19:15:55] local.INFO: Button Press Detected {"phone":"966546421766","button":"حضور"} 
[2026-01-19 19:15:55] local.INFO: Status Updated Successfully {"phone":"966546421766","status":"accepted"} 
[2026-01-19 19:15:58] local.INFO: Attendance List Message Sent {"phone":"966546421766","response":{"status":"success","message_id":1397281,"message_wamid":"wamid.HBgMOTY2NTQ2NDIxNzY2FQIAERgSMjA5NzdGMTMyNjU2QjdGMUYwAA=="}} 
[2026-01-19 19:15:58] local.INFO: Raw Webhook Data: {"object":"whatsapp_business_account","entry":[{"id":"1275182881062952","changes":[{"value":{"messaging_product":"whatsapp","metadata":{"display_phone_number":"96590094353","phone_number_id":"699682719900962"},"statuses":[{"id":"wamid.HBgMOTY2NTQ2NDIxNzY2FQIAERgSMjA5NzdGMTMyNjU2QjdGMUYwAA==","status":"sent","timestamp":"1768850157","recipient_id":"966546421766","conversation":{"id":"Over 9 levels deep, aborting normalization","expiration_timestamp":"Over 9 levels deep, aborting normalization","origin":"Over 9 levels deep, aborting normalization"},"pricing":{"billable":"Over 9 levels deep, aborting normalization","pricing_model":"Over 9 levels deep, aborting normalization","category":"Over 9 levels deep, aborting normalization","type":"Over 9 levels deep, aborting normalization"}}]},"field":"messages"}]}]} 
[2026-01-19 19:15:58] local.INFO: Raw Webhook Data: {"object":"whatsapp_business_account","entry":[{"id":"1275182881062952","changes":[{"value":{"messaging_product":"whatsapp","metadata":{"display_phone_number":"96590094353","phone_number_id":"699682719900962"},"statuses":[{"id":"wamid.HBgMOTY2NTQ2NDIxNzY2FQIAERgSMjA5NzdGMTMyNjU2QjdGMUYwAA==","status":"delivered","timestamp":"1768850157","recipient_id":"966546421766","conversation":{"id":"Over 9 levels deep, aborting normalization","origin":"Over 9 levels deep, aborting normalization"},"pricing":{"billable":"Over 9 levels deep, aborting normalization","pricing_model":"Over 9 levels deep, aborting normalization","category":"Over 9 levels deep, aborting normalization","type":"Over 9 levels deep, aborting normalization"}}]},"field":"messages"}]}]} 
[2026-01-19 19:17:56] local.INFO: Raw Webhook Data: {"object":"whatsapp_business_account","entry":[{"id":"1275182881062952","changes":[{"value":{"messaging_product":"whatsapp","metadata":{"display_phone_number":"96590094353","phone_number_id":"699682719900962"},"statuses":[{"id":"wamid.HBgMOTY2NTQ2NDIxNzY2FQIAERgSMjA5NzdGMTMyNjU2QjdGMUYwAA==","status":"delivered","timestamp":"1768850275","recipient_id":"966546421766","conversation":{"id":"Over 9 levels deep, aborting normalization","origin":"Over 9 levels deep, aborting normalization"},"pricing":{"billable":"Over 9 levels deep, aborting normalization","pricing_model":"Over 9 levels deep, aborting normalization","category":"Over 9 levels deep, aborting normalization","type":"Over 9 levels deep, aborting normalization"}}]},"field":"messages"}]}]} 
[2026-01-21 08:18:55] local.ERROR: Attempt to read property "create_role" on null {"view":{"view":"/home/linkatt/public_html/staging/WeddingAppDashboard/resources/views/admin/events/event.blade.php","data":{"errors":"<pre class=sf-dump id=sf-dump-2102355784 data-indent-pad=\"  \"><span class=sf-dump-note>Illuminate\\Support\\ViewErrorBag</span> {<a class=sf-dump-ref>#1500</a><samp data-depth=1 class=sf-dump-expanded>
  #<span class=sf-dump-protected title=\"Protected property\">bags</span>: []
</samp>}
</pre><script>Sfdump(\"sf-dump-2102355784\", {\"maxDepth\":3,\"maxStringLength\":160})</script>
","event":"<pre class=sf-dump id=sf-dump-1058288681 data-indent-pad=\"  \"><span class=sf-dump-note>App\\Models\\Event</span> {<a class=sf-dump-ref>#27549</a><samp data-depth=1 class=sf-dump-expanded>
  #<span class=sf-dump-protected title=\"Protected property\">connection</span>: \"<span class=sf-dump-str title=\"5 characters\">mysql</span>\"
  #<span class=sf-dump-protected title=\"Protected property\">table</span>: \"<span class=sf-dump-str title=\"6 characters\">events</span>\"
  #<span class=sf-dump-protected title=\"Protected property\">primaryKey</span>: \"<span class=sf-dump-str title=\"2 characters\">id</span>\"
  #<span class=sf-dump-protected title=\"Protected property\">keyType</span>: \"<span class=sf-dump-str title=\"3 characters\">int</span>\"
  +<span class=sf-dump-public title=\"Public property\">incrementing</span>: <span class=sf-dump-const>true</span>
  #<span class=sf-dump-protected title=\"Protected property\">with</span>: []
  #<span class=sf-dump-protected title=\"Protected property\">withCount</span>: []
  +<span class=sf-dump-public title=\"Public property\">preventsLazyLoading</span>: <span class=sf-dump-const>false</span>
  #<span class=sf-dump-protected title=\"Protected property\">perPage</span>: <span class=sf-dump-num>15</span>
  +<span class=sf-dump-public title=\"Public property\">exists</span>: <span class=sf-dump-const>true</span>
  +<span class=sf-dump-public title=\"Public property\">wasRecentlyCreated</span>: <span class=sf-dump-const>false</span>
  #<span class=sf-dump-protected title=\"Protected property\">escapeWhenCastingToString</span>: <span class=sf-dump-const>false</span>
  #<span class=sf-dump-protected title=\"Protected property\">attributes</span>: <span class=sf-dump-note>array:21</span> [<samp data-depth=2 class=sf-dump-compact>
    \"<span class=sf-dump-key>id</span>\" => <span class=sf-dump-num>3</span>
    \"<span class=sf-dump-key>name</span>\" => \"<span class=sf-dump-str title=\"11 characters\">wedding f&amp;m</span>\"
    \"<span class=sf-dump-key>description</span>\" => \"<span class=sf-dump-str title=\"5 characters\">ccccw</span>\"
    \"<span class=sf-dump-key>thumbnail_image</span>\" => \"<span class=sf-dump-str title=\"51 characters\">events/jKoOt7zttEBfmojTR9nz5wv5rR4rtyQ30YluxyEF.jpg</span>\"
    \"<span class=sf-dump-key>date</span>\" => \"<span class=sf-dump-str title=\"10 characters\">2025-02-27</span>\"
    \"<span class=sf-dump-key>time</span>\" => \"<span class=sf-dump-str title=\"8 characters\">09:00:00</span>\"
    \"<span class=sf-dump-key>location</span>\" => \"<span class=sf-dump-str title=\"5 characters\">Egypt</span>\"
    \"<span class=sf-dump-key>maps</span>\" => \"<span class=sf-dump-str title=\"4 characters\">cewc</span>\"
    \"<span class=sf-dump-key>lat</span>\" => <span class=sf-dump-const>null</span>
    \"<span class=sf-dump-key>long</span>\" => <span class=sf-dump-const>null</span>
    \"<span class=sf-dump-key>category_id</span>\" => \"<span class=sf-dump-str>2</span>\"
    \"<span class=sf-dump-key>type</span>\" => <span class=sf-dump-const>null</span>
    \"<span class=sf-dump-key>user_id</span>\" => \"<span class=sf-dump-str>2</span>\"
    \"<span class=sf-dump-key>qr_code</span>\" => <span class=sf-dump-const>null</span>
    \"<span class=sf-dump-key>status</span>\" => \"<span class=sf-dump-str title=\"9 characters\">published</span>\"
    \"<span class=sf-dump-key>confirmed</span>\" => <span class=sf-dump-const>null</span>
    \"<span class=sf-dump-key>canceled</span>\" => <span class=sf-dump-const>null</span>
    \"<span class=sf-dump-key>failed</span>\" => <span class=sf-dump-const>null</span>
    \"<span class=sf-dump-key>scanned</span>\" => \"<span class=sf-dump-str>1</span>\"
    \"<span class=sf-dump-key>created_at</span>\" => \"<span class=sf-dump-str title=\"19 characters\">2025-02-12 12:46:29</span>\"
    \"<span class=sf-dump-key>updated_at</span>\" => \"<span class=sf-dump-str title=\"19 characters\">2025-06-05 15:37:10</span>\"
  </samp>]
  #<span class=sf-dump-protected title=\"Protected property\">original</span>: <span class=sf-dump-note>array:21</span> [<samp data-depth=2 class=sf-dump-compact>
    \"<span class=sf-dump-key>id</span>\" => <span class=sf-dump-num>3</span>
    \"<span class=sf-dump-key>name</span>\" => \"<span class=sf-dump-str title=\"11 characters\">wedding f&amp;m</span>\"
    \"<span class=sf-dump-key>description</span>\" => \"<span class=sf-dump-str title=\"5 characters\">ccccw</span>\"
    \"<span class=sf-dump-key>thumbnail_image</span>\" => \"<span class=sf-dump-str title=\"51 characters\">events/jKoOt7zttEBfmojTR9nz5wv5rR4rtyQ30YluxyEF.jpg</span>\"
    \"<span class=sf-dump-key>date</span>\" => \"<span class=sf-dump-str title=\"10 characters\">2025-02-27</span>\"
    \"<span class=sf-dump-key>time</span>\" => \"<span class=sf-dump-str title=\"8 characters\">09:00:00</span>\"
    \"<span class=sf-dump-key>location</span>\" => \"<span class=sf-dump-str title=\"5 characters\">Egypt</span>\"
    \"<span class=sf-dump-key>maps</span>\" => \"<span class=sf-dump-str title=\"4 characters\">cewc</span>\"
    \"<span class=sf-dump-key>lat</span>\" => <span class=sf-dump-const>null</span>
    \"<span class=sf-dump-key>long</span>\" => <span class=sf-dump-const>null</span>
    \"<span class=sf-dump-key>category_id</span>\" => \"<span class=sf-dump-str>2</span>\"
    \"<span class=sf-dump-key>type</span>\" => <span class=sf-dump-const>null</span>
    \"<span class=sf-dump-key>user_id</span>\" => \"<span class=sf-dump-str>2</span>\"
    \"<span class=sf-dump-key>qr_code</span>\" => <span class=sf-dump-const>null</span>
    \"<span class=sf-dump-key>status</span>\" => \"<span class=sf-dump-str title=\"9 characters\">published</span>\"
    \"<span class=sf-dump-key>confirmed</span>\" => <span class=sf-dump-const>null</span>
    \"<span class=sf-dump-key>canceled</span>\" => <span class=sf-dump-const>null</span>
    \"<span class=sf-dump-key>failed</span>\" => <span class=sf-dump-const>null</span>
    \"<span class=sf-dump-key>scanned</span>\" => \"<span class=sf-dump-str>1</span>\"
    \"<span class=sf-dump-key>created_at</span>\" => \"<span class=sf-dump-str title=\"19 characters\">2025-02-12 12:46:29</span>\"
    \"<span class=sf-dump-key>updated_at</span>\" => \"<span class=sf-dump-str title=\"19 characters\">2025-06-05 15:37:10</span>\"
  </samp>]
  #<span class=sf-dump-protected title=\"Protected property\">changes</span>: []
  #<span class=sf-dump-protected title=\"Protected property\">casts</span>: []
  #<span class=sf-dump-protected title=\"Protected property\">classCastCache</span>: []
  #<span class=sf-dump-protected title=\"Protected property\">attributeCastCache</span>: []
  #<span class=sf-dump-protected title=\"Protected property\">dates</span>: []
  #<span class=sf-dump-protected title=\"Protected property\">dateFormat</span>: <span class=sf-dump-const>null</span>
  #<span class=sf-dump-protected title=\"Protected property\">appends</span>: []
  #<span class=sf-dump-protected title=\"Protected property\">dispatchesEvents</span>: []
  #<span class=sf-dump-protected title=\"Protected property\">observables</span>: []
  #<span class=sf-dump-protected title=\"Protected property\">relations</span>: <span class=sf-dump-note>array:2</span> [<samp data-depth=2 class=sf-dump-compact>
    \"<span class=sf-dump-key>category</span>\" => <span class=sf-dump-note title=\"App\\Models\\Category
\"><span class=\"sf-dump-ellipsis sf-dump-ellipsis-note\">App\\Models</span><span class=\"sf-dump-ellipsis sf-dump-ellipsis-note\">\\</span>Category</span> {<a class=sf-dump-ref>#27543</a><samp data-depth=3 class=sf-dump-compact>
      #<span class=sf-dump-protected title=\"Protected property\">connection</span>: \"<span class=sf-dump-str title=\"5 characters\">mysql</span>\"
      #<span class=sf-dump-protected title=\"Protected property\">table</span>: \"<span class=sf-dump-str title=\"10 characters\">categories</span>\"
      #<span class=sf-dump-protected title=\"Protected property\">primaryKey</span>: \"<span class=sf-dump-str title=\"2 characters\">id</span>\"
      #<span class=sf-dump-protected title=\"Protected property\">keyType</span>: \"<span class=sf-dump-str title=\"3 characters\">int</span>\"
      +<span class=sf-dump-public title=\"Public property\">incrementing</span>: <span class=sf-dump-const>true</span>
      #<span class=sf-dump-protected title=\"Protected property\">with</span>: []
      #<span class=sf-dump-protected title=\"Protected property\">withCount</span>: []
      +<span class=sf-dump-public title=\"Public property\">preventsLazyLoading</span>: <span class=sf-dump-const>false</span>
      #<span class=sf-dump-protected title=\"Protected property\">perPage</span>: <span class=sf-dump-num>15</span>
      +<span class=sf-dump-public title=\"Public property\">exists</span>: <span class=sf-dump-const>true</span>
      +<span class=sf-dump-public title=\"Public property\">wasRecentlyCreated</span>: <span class=sf-dump-const>false</span>
      #<span class=sf-dump-protected title=\"Protected property\">escapeWhenCastingToString</span>: <span class=sf-dump-const>false</span>
      #<span class=sf-dump-protected title=\"Protected property\">attributes</span>: <span class=sf-dump-note>array:5</span> [ &#8230;5]
      #<span class=sf-dump-protected title=\"Protected property\">original</span>: <span class=sf-dump-note>array:5</span> [ &#8230;5]
      #<span class=sf-dump-protected title=\"Protected property\">changes</span>: []
      #<span class=sf-dump-protected title=\"Protected property\">casts</span>: []
      #<span class=sf-dump-protected title=\"Protected property\">classCastCache</span>: []
      #<span class=sf-dump-protected title=\"Protected property\">attributeCastCache</span>: []
      #<span class=sf-dump-protected title=\"Protected property\">dates</span>: []
      #<span class=sf-dump-protected title=\"Protected property\">dateFormat</span>: <span class=sf-dump-const>null</span>
      #<span class=sf-dump-protected title=\"Protected property\">appends</span>: []
      #<span class=sf-dump-protected title=\"Protected property\">dispatchesEvents</span>: []
      #<span class=sf-dump-protected title=\"Protected property\">observables</span>: []
      #<span class=sf-dump-protected title=\"Protected property\">relations</span>: []
      #<span class=sf-dump-protected title=\"Protected property\">touches</span>: []
      +<span class=sf-dump-public title=\"Public property\">timestamps</span>: <span class=sf-dump-const>true</span>
      #<span class=sf-dump-protected title=\"Protected property\">hidden</span>: []
      #<span class=sf-dump-protected title=\"Protected property\">visible</span>: []
      #<span class=sf-dump-protected title=\"Protected property\">fillable</span>: <span class=sf-dump-note>array:2</span> [ &#8230;2]
      #<span class=sf-dump-protected title=\"Protected property\">guarded</span>: <span class=sf-dump-note>array:1</span> [ &#8230;1]
    </samp>}
    \"<span class=sf-dump-key>user</span>\" => <span class=sf-dump-note title=\"App\\Models\\User
\"><span class=\"sf-dump-ellipsis sf-dump-ellipsis-note\">App\\Models</span><span class=\"sf-dump-ellipsis sf-dump-ellipsis-note\">\\</span>User</span> {<a class=sf-dump-ref>#27538</a><samp data-depth=3 class=sf-dump-compact>
      #<span class=sf-dump-protected title=\"Protected property\">connection</span>: \"<span class=sf-dump-str title=\"5 characters\">mysql</span>\"
      #<span class=sf-dump-protected title=\"Protected property\">table</span>: \"<span class=sf-dump-str title=\"5 characters\">users</span>\"
      #<span class=sf-dump-protected title=\"Protected property\">primaryKey</span>: \"<span class=sf-dump-str title=\"2 characters\">id</span>\"
      #<span class=sf-dump-protected title=\"Protected property\">keyType</span>: \"<span class=sf-dump-str title=\"3 characters\">int</span>\"
      +<span class=sf-dump-public title=\"Public property\">incrementing</span>: <span class=sf-dump-const>true</span>
      #<span class=sf-dump-protected title=\"Protected property\">with</span>: []
      #<span class=sf-dump-protected title=\"Protected property\">withCount</span>: []
      +<span class=sf-dump-public title=\"Public property\">preventsLazyLoading</span>: <span class=sf-dump-const>false</span>
      #<span class=sf-dump-protected title=\"Protected property\">perPage</span>: <span class=sf-dump-num>15</span>
      +<span class=sf-dump-public title=\"Public property\">exists</span>: <span class=sf-dump-const>true</span>
      +<span class=sf-dump-public title=\"Public property\">wasRecentlyCreated</span>: <span class=sf-dump-const>false</span>
      #<span class=sf-dump-protected title=\"Protected property\">escapeWhenCastingToString</span>: <span class=sf-dump-const>false</span>
      #<span class=sf-dump-protected title=\"Protected property\">attributes</span>: <span class=sf-dump-note>array:22</span> [ &#8230;22]
      #<span class=sf-dump-protected title=\"Protected property\">original</span>: <span class=sf-dump-note>array:22</span> [ &#8230;22]
      #<span class=sf-dump-protected title=\"Protected property\">changes</span>: []
      #<span class=sf-dump-protected title=\"Protected property\">casts</span>: <span class=sf-dump-note>array:4</span> [ &#8230;4]
      #<span class=sf-dump-protected title=\"Protected property\">classCastCache</span>: []
      #<span class=sf-dump-protected title=\"Protected property\">attributeCastCache</span>: []
      #<span class=sf-dump-protected title=\"Protected property\">dates</span>: []
      #<span class=sf-dump-protected title=\"Protected property\">dateFormat</span>: <span class=sf-dump-const>null</span>
      #<span class=sf-dump-protected title=\"Protected property\">appends</span>: []
      #<span class=sf-dump-protected title=\"Protected property\">dispatchesEvents</span>: []
      #<span class=sf-dump-protected title=\"Protected property\">observables</span>: []
      #<span class=sf-dump-protected title=\"Protected property\">relations</span>: []
      #<span class=sf-dump-protected title=\"Protected property\">touches</span>: []
      +<span class=sf-dump-public title=\"Public property\">timestamps</span>: <span class=sf-dump-const>true</span>
      #<span class=sf-dump-protected title=\"Protected property\">hidden</span>: <span class=sf-dump-note>array:4</span> [ &#8230;4]
      #<span class=sf-dump-protected title=\"Protected property\">visible</span>: []
      #<span class=sf-dump-protected title=\"Protected property\">fillable</span>: <span class=sf-dump-note>array:14</span> [ &#8230;14]
      #<span class=sf-dump-protected title=\"Protected property\">guarded</span>: <span class=sf-dump-note>array:1</span> [ &#8230;1]
      #<span class=sf-dump-protected title=\"Protected property\">rememberTokenName</span>: \"<span class=sf-dump-str title=\"14 characters\">remember_token</span>\"
      #<span class=sf-dump-protected title=\"Protected property\">accessToken</span>: <span class=sf-dump-const>null</span>
    </samp>}
  </samp>]
  #<span class=sf-dump-protected title=\"Protected property\">touches</span>: []
  +<span class=sf-dump-public title=\"Public property\">timestamps</span>: <span class=sf-dump-const>true</span>
  #<span class=sf-dump-protected title=\"Protected property\">hidden</span>: []
  #<span class=sf-dump-protected title=\"Protected property\">visible</span>: []
  #<span class=sf-dump-protected title=\"Protected property\">fillable</span>: <span class=sf-dump-note>array:15</span> [<samp data-depth=2 class=sf-dump-compact>
    <span class=sf-dump-index>0</span> => \"<span class=sf-dump-str title=\"4 characters\">name</span>\"
    <span class=sf-dump-index>1</span> => \"<span class=sf-dump-str title=\"11 characters\">description</span>\"
    <span class=sf-dump-index>2</span> => \"<span class=sf-dump-str title=\"15 characters\">thumbnail_image</span>\"
    <span class=sf-dump-index>3</span> => \"<span class=sf-dump-str title=\"4 characters\">date</span>\"
    <span class=sf-dump-index>4</span> => \"<span class=sf-dump-str title=\"4 characters\">time</span>\"
    <span class=sf-dump-index>5</span> => \"<span class=sf-dump-str title=\"8 characters\">location</span>\"
    <span class=sf-dump-index>6</span> => \"<span class=sf-dump-str title=\"4 characters\">maps</span>\"
    <span class=sf-dump-index>7</span> => \"<span class=sf-dump-str title=\"11 characters\">category_id</span>\"
    <span class=sf-dump-index>8</span> => \"<span class=sf-dump-str title=\"7 characters\">qr_code</span>\"
    <span class=sf-dump-index>9</span> => \"<span class=sf-dump-str title=\"6 characters\">status</span>\"
    <span class=sf-dump-index>10</span> => \"<span class=sf-dump-str title=\"9 characters\">confirmed</span>\"
    <span class=sf-dump-index>11</span> => \"<span class=sf-dump-str title=\"8 characters\">canceled</span>\"
    <span class=sf-dump-index>12</span> => \"<span class=sf-dump-str title=\"6 characters\">failed</span>\"
    <span class=sf-dump-index>13</span> => \"<span class=sf-dump-str title=\"7 characters\">scanned</span>\"
    <span class=sf-dump-index>14</span> => \"<span class=sf-dump-str title=\"7 characters\">user_id</span>\"
  </samp>]
  #<span class=sf-dump-protected title=\"Protected property\">guarded</span>: <span class=sf-dump-note>array:1</span> [<samp data-depth=2 class=sf-dump-compact>
    <span class=sf-dump-index>0</span> => \"<span class=sf-dump-str>*</span>\"
  </samp>]
</samp>}
</pre><script>Sfdump(\"sf-dump-1058288681\", {\"maxDepth\":3,\"maxStringLength\":160})</script>
","contacts":"<pre class=sf-dump id=sf-dump-1740541689 data-indent-pad=\"  \"><span class=sf-dump-note>Illuminate\\Database\\Eloquent\\Collection</span> {<a class=sf-dump-ref>#1527</a><samp data-depth=1 class=sf-dump-expanded>
  #<span class=sf-dump-protected title=\"Protected property\">items</span>: <span class=sf-dump-note>array:1</span> [<samp data-depth=2 class=sf-dump-compact>
    <span class=sf-dump-index>0</span> => <span class=sf-dump-note title=\"App\\Models\\Contact
\"><span class=\"sf-dump-ellipsis sf-dump-ellipsis-note\">App\\Models</span><span class=\"sf-dump-ellipsis sf-dump-ellipsis-note\">\\</span>Contact</span> {<a class=sf-dump-ref>#1525</a><samp data-depth=3 class=sf-dump-compact>
      #<span class=sf-dump-protected title=\"Protected property\">connection</span>: \"<span class=sf-dump-str title=\"5 characters\">mysql</span>\"
      #<span class=sf-dump-protected title=\"Protected property\">table</span>: \"<span class=sf-dump-str title=\"8 characters\">contacts</span>\"
      #<span class=sf-dump-protected title=\"Protected property\">primaryKey</span>: \"<span class=sf-dump-str title=\"2 characters\">id</span>\"
      #<span class=sf-dump-protected title=\"Protected property\">keyType</span>: \"<span class=sf-dump-str title=\"3 characters\">int</span>\"
      +<span class=sf-dump-public title=\"Public property\">incrementing</span>: <span class=sf-dump-const>true</span>
      #<span class=sf-dump-protected title=\"Protected property\">with</span>: []
      #<span class=sf-dump-protected title=\"Protected property\">withCount</span>: []
      +<span class=sf-dump-public title=\"Public property\">preventsLazyLoading</span>: <span class=sf-dump-const>false</span>
      #<span class=sf-dump-protected title=\"Protected property\">perPage</span>: <span class=sf-dump-num>15</span>
      +<span class=sf-dump-public title=\"Public property\">exists</span>: <span class=sf-dump-const>true</span>
      +<span class=sf-dump-public title=\"Public property\">wasRecentlyCreated</span>: <span class=sf-dump-const>false</span>
      #<span class=sf-dump-protected title=\"Protected property\">escapeWhenCastingToString</span>: <span class=sf-dump-const>false</span>
      #<span class=sf-dump-protected title=\"Protected property\">attributes</span>: <span class=sf-dump-note>array:14</span> [ &#8230;14]
      #<span class=sf-dump-protected title=\"Protected property\">original</span>: <span class=sf-dump-note>array:14</span> [ &#8230;14]
      #<span class=sf-dump-protected title=\"Protected property\">changes</span>: []
      #<span class=sf-dump-protected title=\"Protected property\">casts</span>: []
      #<span class=sf-dump-protected title=\"Protected property\">classCastCache</span>: []
      #<span class=sf-dump-protected title=\"Protected property\">attributeCastCache</span>: []
      #<span class=sf-dump-protected title=\"Protected property\">dates</span>: []
      #<span class=sf-dump-protected title=\"Protected property\">dateFormat</span>: <span class=sf-dump-const>null</span>
      #<span class=sf-dump-protected title=\"Protected property\">appends</span>: []
      #<span class=sf-dump-protected title=\"Protected property\">dispatchesEvents</span>: []
      #<span class=sf-dump-protected title=\"Protected property\">observables</span>: []
      #<span class=sf-dump-protected title=\"Protected property\">relations</span>: <span class=sf-dump-note>array:1</span> [ &#8230;1]
      #<span class=sf-dump-protected title=\"Protected property\">touches</span>: []
      +<span class=sf-dump-public title=\"Public property\">timestamps</span>: <span class=sf-dump-const>true</span>
      #<span class=sf-dump-protected title=\"Protected property\">hidden</span>: []
      #<span class=sf-dump-protected title=\"Protected property\">visible</span>: []
      #<span class=sf-dump-protected title=\"Protected property\">fillable</span>: <span class=sf-dump-note>array:8</span> [ &#8230;8]
      #<span class=sf-dump-protected title=\"Protected property\">guarded</span>: <span class=sf-dump-note>array:1</span> [ &#8230;1]
    </samp>}
  </samp>]
  #<span class=sf-dump-protected title=\"Protected property\">escapeWhenCastingToString</span>: <span class=sf-dump-const>false</span>
</samp>}
</pre><script>Sfdump(\"sf-dump-1740541689\", {\"maxDepth\":3,\"maxStringLength\":160})</script>
","qrCode":"<pre class=sf-dump id=sf-dump-558411907 data-indent-pad=\"  \"><span class=sf-dump-note>Illuminate\\Support\\HtmlString</span> {<a class=sf-dump-ref>#1563</a><samp data-depth=1 class=sf-dump-expanded>
  #<span class=sf-dump-protected title=\"Protected property\">html</span>: \"\"\"
    <span class=sf-dump-str title=\"170903 characters\">&lt;?xml version=&quot;1.0&quot; encoding=&quot;UTF-8&quot;?&gt;<span class=\"sf-dump-default sf-dump-ns\">\\n</span></span>
    <span class=sf-dump-str title=\"170903 characters\">&lt;svg xmlns=&quot;http://www.w3.org/2000/svg&quot; version=&quot;1.1&quot; width=&quot;100&quot; height=&quot;100&quot; viewBox=&quot;0 0 100 100&quot;&gt;&lt;rect x=&quot;0&quot; y=&quot;0&quot; width=&quot;100&quot; height=&quot;100&quot; fill=&quot;#ffffff&quot;/&gt;&lt;g transform=&quot;scale(0.565)&quot;&gt;&lt;g transform=&quot;translate(0,0)&quot;&gt;&lt;path fill-rule=&quot;evenodd&quot; d=&quot;M9 0L9 1L8 1L8 2L9 2L9 3L8 3L8 4L9 4L9 3L10 3L10 2L11 2L11 1L14 1L14 2L16 2L16 3L15 3L15 5L14 5L14 4L12 4L12 3L11 3L11 4L12 4L12 7L13 7L13 8L12 8L12 9L13 9L13 11L11 11L11 10L10 10L10 11L9 11L9 8L6 8L6 9L5 9L5 8L0 8L0 10L2 10L2 12L1 12L1 11L0 11L0 12L1 12L1 13L2 13L2 15L1 15L1 14L0 14L0 15L1 15L1 18L0 18L0 19L1 19L1 18L3 18L3 20L2 20L2 22L3 22L3 20L4 20L4 26L3 26L3 27L5 27L5 22L6 22L6 23L8 23L8 25L7 25L7 24L6 24L6 25L7 25L7 26L6 26L6 27L7 27L7 28L4 28L4 29L3 29L3 31L4 31L4 32L3 32L3 33L2 33L2 34L0 34L0 36L1 36L1 35L2 35L2 36L3 36L3 35L4 35L4 33L8 33L8 34L6 34L6 35L5 35L5 37L7 37L7 38L6 38L6 39L5 39L5 40L4 40L4 39L3 39L3 38L4 38L4 37L3 37L3 38L2 38L2 40L3 40L3 41L5 41L5 42L6 42L6 43L7 43L7 44L6 44L6 45L7 45L7 46L6 46L6 47L7 47L7 48L5 48L5 49L4 49L4 48L3 48L3 47L5 47L5 45L4 45L4 42L3 42L3 43L1 43L1 40L0 40L0 43L1 43L1 44L0 44L0 48L2 48L2 49L4 49L4 50L3 50L3 52L4 52L4 55L3 55L3 56L4 56L4 58L3 58L3 57L2 57L2 56L1 56L1 57L0 57L0 61L2 61L2 63L1 63L1 62L0 62L0 63L1 63L1 64L0 64L0 71L2 71L2 72L0 72L0 73L1 73L1 75L0 75L0 82L2 82L2 81L3 81L3 83L2 83L2 84L4 84L4 85L3 85L3 86L2 86L2 85L1 85L1 83L0 83L0 85L1 85L1 86L0 86L0 88L1 88L1 87L4 87L4 89L3 89L3 88L2 88L2 89L1 89L1 90L2 90L2 91L1 91L1 92L0 92L0 94L1 94L1 92L3 92L3 93L2 93L2 94L3 94L3 93L4 93L4 96L3 96L3 99L2 99L2 97L1 97L1 98L0 98L0 103L3 103L3 99L5 99L5 97L7 97L7 98L6 98L6 99L7 99L7 100L6 100L6 101L5 101L5 100L4 100L4 103L5 103L5 102L6 102L6 103L7 103L7 104L5 104L5 105L4 105L4 104L0 104L0 105L4 105L4 106L3 106L3 107L5 107L5 108L6 108L6 109L4 109L4 108L2 108L2 106L1 106L1 109L0 109L0 110L1 110L1 111L0 111L0 113L1 113L1 114L0 114L0 116L2 116L2 117L0 117L0 120L1 120L1 121L2 121L2 122L1 122L1 123L0 123L0 125L2 125L2 126L3 126L3 127L5 127L5 126L6 126L6 127L7 127L7 128L6 128L6 129L5 129L5 128L2 128L2 131L1 131L1 130L0 130L0 131L1 131L1 133L0 133L0 134L1 134L1 135L2 135L2 136L0 136L0 138L1 138L1 137L2 137L2 138L3 138L3 139L4 139L4 138L3 138L3 137L5 137L5 140L2 140L2 141L1 141L1 139L0 139L0 145L1 145L1 146L0 146L0 149L1 149L1 147L2 147L2 145L3 145L3 147L4 147L4 146L5 146L5 145L7 145L7 146L6 146L6 147L5 147L5 148L4 148L4 152L3 152L3 150L1 150L1 151L2 151L2 152L1 152L1 153L0 153L0 154L1 154L1 153L3 153L3 154L5 154L5 153L7 153L7 154L6 154L6 155L7 155L7 156L6 156L6 157L5 157L5 155L2 155L2 156L1 156L1 155L0 155L0 156L1 156L1 157L0 157L0 158L2 158L2 159L1 159L1 160L0 160L0 161L1 161L1 162L0 162L0 164L1 164L1 162L2 162L2 160L3 160L3 165L2 165L2 166L1 166L1 165L0 165L0 167L3 167L3 169L4 169L4 167L3 167L3 166L4 166L4 162L5 162L5 163L7 163L7 164L5 164L5 165L9 165L9 166L10 166L10 167L9 167L9 168L8 168L8 166L5 166L5 167L7 167L7 168L5 168L5 169L8 169L8 171L11 171L11 172L8 172L8 177L9 177L9 175L10 175L10 173L11 173L11 172L12 172L12 170L11 170L11 169L10 169L10 167L11 167L11 168L12 168L12 169L14 169L14 170L15 170L15 169L14 169L14 168L12 168L12 167L15 167L15 166L12 166L12 165L13 165L13 164L12 164L12 163L11 163L11 162L10 162L10 161L9 161L9 160L8 160L8 158L9 158L9 159L10 159L10 160L11 160L11 161L16 161L16 162L14 162L14 163L16 163L16 162L17 162L17 160L15 160L15 159L16 159L16 158L20 158L20 155L21 155L21 156L22 156L22 158L21 158L21 159L20 159L20 160L19 160L19 159L18 159L18 160L19 160L19 161L18 161L18 162L19 162L19 161L20 161L20 160L21 160L21 162L22 162L22 163L20 163L20 164L16 164L16 168L17 168L17 169L20 169L20 167L21 167L21 166L22 166L22 165L20 165L20 164L22 164L22 163L23 163L23 164L24 164L24 165L23 165L23 167L24 167L24 169L25 169L25 170L26 170L26 171L27 171L27 172L28 172L28 173L29 173L29 176L28 176L28 175L27 175L27 177L29 177L29 176L30 176L30 177L32 177L32 176L33 176L33 175L32 175L32 174L34 174L34 173L33 173L33 171L34 171L34 172L35 172L35 170L34 170L34 167L33 167L33 166L35 166L35 168L36 168L36 166L35 166L35 165L36 165L36 164L35 164L35 163L34 163L34 162L36 162L36 163L37 163L37 161L38 161L38 162L39 162L39 163L40 163L40 164L39 164L39 165L38 165L38 164L37 164L37 166L38 166L38 167L37 167L37 170L36 170L36 171L37 171L37 172L36 172L36 174L35 174L35 175L36 175L36 176L37 176L37 177L38 177L38 175L39 175L39 177L40 177L40 176L41 176L41 177L43 177L43 176L45 176L45 175L46 175L46 176L47 176L47 175L48 175L48 174L50 174L50 175L49 175L49 176L48 176L48 177L50 177L50 175L51 175L51 177L52 177L52 176L56 176L56 177L58 177L58 176L57 176L57 175L56 175L56 174L59 174L59 173L60 173L60 174L61 174L61 175L59 175L59 176L61 176L61 177L62 177L62 175L63 175L63 176L64 176L64 177L65 177L65 176L66 176L66 177L67 177L67 176L68 176L68 177L70 177L70 176L69 176L69 175L68 175L68 173L69 173L69 174L70 174L70 175L72 175L72 176L71 176L71 177L72 177L72 176L74 176L74 175L75 175L75 174L76 174L76 173L77 173L77 172L78 172L78 173L81 173L81 175L80 175L80 174L78 174L78 177L79 177L79 176L80 176L80 177L82 177L82 176L83 176L83 177L84 177L84 176L85 176L85 174L82 174L82 172L83 172L83 173L86 173L86 175L88 175L88 176L91 176L91 177L95 177L95 176L94 176L94 175L93 175L93 176L92 176L92 174L90 174L90 173L89 173L89 171L90 171L90 172L91 172L91 173L92 173L92 172L91 172L91 171L92 171L92 170L94 170L94 169L92 169L92 168L91 168L91 165L92 165L92 166L93 166L93 165L94 165L94 166L95 166L95 165L96 165L96 164L97 164L97 165L99 165L99 166L98 166L98 167L97 167L97 166L96 166L96 167L95 167L95 169L96 169L96 168L97 168L97 170L96 170L96 173L97 173L97 174L96 174L96 177L99 177L99 176L97 176L97 175L98 175L98 174L99 174L99 175L100 175L100 174L102 174L102 176L103 176L103 177L107 177L107 176L108 176L108 177L110 177L110 176L109 176L109 175L110 175L110 174L111 174L111 175L113 175L113 174L114 174L114 175L115 175L115 174L116 174L116 175L117 175L117 177L123 177L123 175L125 175L125 177L128 177L128 176L126 176L126 175L127 175L127 174L128 174L128 175L129 175L129 176L130 176L130 177L135 177L135 176L136 176L136 175L139 175L139 176L141 176L141 175L142 175L142 176L143 176L143 174L142 174L142 173L146 173L146 172L147 172L147 174L146 174L146 175L144 175L144 177L146 177L146 176L149 176L149 177L150 177L150 176L151 176L151 175L152 175L152 176L153 176L153 175L154 175L154 176L156 176L156 177L158 177L158 176L159 176L159 177L160 177L160 176L161 176L161 177L163 177L163 176L162 176L162 175L161 175L161 174L160 174L160 175L159 175L159 174L158 174L158 175L157 175L157 174L156 174L156 175L155 175L155 174L154 174L154 172L153 172L153 170L152 170L152 169L151 169L151 168L149 168L149 167L148 167L148 166L151 166L151 167L152 167L152 168L153 168L153 167L156 167L156 166L157 166L157 168L156 168L156 169L155 169L155 170L154 170L154 171L156 171L156 170L158 170L158 171L157 171L157 172L155 172L155 173L158 173L158 171L159 171L159 173L160 173L160 172L161 172L161 173L162 173L162 174L163 174L163 175L164 175L164 176L165 176L165 175L168 175L168 176L167 176L167 177L169 177L169 175L168 175L168 174L164 174L164 172L165 172L165 173L166 173L166 172L165 172L165 171L164 171L164 172L162 172L162 171L161 171L161 170L164 170L164 168L165 168L165 167L166 167L166 168L167 168L167 169L168 169L168 170L166 170L166 171L168 171L168 173L173 173L173 174L172 174L172 175L171 175L171 174L170 174L170 175L171 175L171 177L172 177L172 176L173 176L173 177L174 177L174 176L175 176L175 177L176 177L176 176L177 176L177 175L174 175L174 174L176 174L176 173L175 173L175 172L174 172L174 171L173 171L173 169L174 169L174 170L175 170L175 171L176 171L176 172L177 172L177 170L176 170L176 169L175 169L175 168L174 168L174 167L173 167L173 166L175 166L175 165L176 165L176 167L177 167L177 165L176 165L176 164L175 164L175 163L176 163L176 161L175 161L175 160L174 160L174 159L173 159L173 157L172 157L172 158L171 158L171 157L169 157L169 156L170 156L170 155L171 155L171 156L172 156L172 155L173 155L173 156L174 156L174 155L173 155L173 154L175 154L175 151L174 151L174 150L175 150L175 148L174 148L174 147L173 147L173 145L174 145L174 146L175 146L175 147L176 147L176 148L177 148L177 146L176 146L176 144L177 144L177 143L174 143L174 142L177 142L177 141L175 141L175 139L176 139L176 140L177 140L177 138L176 138L176 137L175 137L175 136L174 136L174 135L173 135L173 136L172 136L172 137L171 137L171 136L170 136L170 137L171 137L171 139L172 139L172 138L173 138L173 139L174 139L174 140L170 140L170 139L167 139L167 138L168 138L168 137L169 137L169 135L170 135L170 134L173 134L173 133L174 133L174 134L175 134L175 133L176 133L176 135L177 135L177 133L176 133L176 132L177 132L177 130L176 130L176 129L175 129L175 128L174 128L174 127L173 127L173 128L172 128L172 129L171 129L171 128L170 128L170 129L169 129L169 127L168 127L168 128L167 128L167 126L169 126L169 125L167 125L167 126L166 126L166 124L165 124L165 122L164 122L164 121L163 121L163 119L164 119L164 120L165 120L165 119L166 119L166 120L167 120L167 122L166 122L166 123L167 123L167 122L168 122L168 121L169 121L169 123L168 123L168 124L169 124L169 123L170 123L170 122L175 122L175 124L173 124L173 123L171 123L171 124L170 124L170 125L171 125L171 127L172 127L172 125L174 125L174 126L175 126L175 127L176 127L176 128L177 128L177 126L176 126L176 125L175 125L175 124L177 124L177 123L176 123L176 122L177 122L177 121L176 121L176 120L177 120L177 119L176 119L176 118L175 118L175 116L174 116L174 115L173 115L173 113L174 113L174 114L175 114L175 115L176 115L176 116L177 116L177 114L176 114L176 113L175 113L175 112L177 112L177 111L175 111L175 112L173 112L173 110L175 110L175 109L176 109L176 110L177 110L177 109L176 109L176 108L177 108L177 107L176 107L176 106L175 106L175 104L174 104L174 103L172 103L172 104L171 104L171 103L170 103L170 104L169 104L169 103L167 103L167 102L166 102L166 101L168 101L168 100L169 100L169 102L170 102L170 101L171 101L171 102L172 102L172 101L173 101L173 100L174 100L174 99L173 99L173 100L172 100L172 98L171 98L171 97L172 97L172 96L171 96L171 95L170 95L170 96L169 96L169 95L168 95L168 96L167 96L167 95L166 95L166 93L164 93L164 92L165 92L165 91L166 91L166 92L167 92L167 93L169 93L169 94L170 94L170 93L171 93L171 94L172 94L172 93L174 93L174 94L175 94L175 95L176 95L176 96L174 96L174 95L173 95L173 98L175 98L175 99L176 99L176 100L177 100L177 98L176 98L176 96L177 96L177 95L176 95L176 94L175 94L175 92L174 92L174 91L172 91L172 92L171 92L171 91L170 91L170 92L169 92L169 91L167 91L167 90L166 90L166 89L165 89L165 91L164 91L164 90L163 90L163 88L162 88L162 87L159 87L159 86L158 86L158 87L157 87L157 88L156 88L156 89L155 89L155 90L154 90L154 89L153 89L153 90L152 90L152 88L153 88L153 87L154 87L154 88L155 88L155 87L156 87L156 86L157 86L157 85L158 85L158 84L156 84L156 83L155 83L155 82L153 82L153 83L152 83L152 84L153 84L153 87L152 87L152 85L151 85L151 84L150 84L150 83L149 83L149 82L148 82L148 83L147 83L147 82L146 82L146 80L147 80L147 81L148 81L148 79L149 79L149 80L150 80L150 82L151 82L151 79L152 79L152 80L153 80L153 79L154 79L154 80L155 80L155 79L156 79L156 78L157 78L157 79L159 79L159 81L160 81L160 80L161 80L161 81L162 81L162 82L163 82L163 83L164 83L164 84L162 84L162 83L159 83L159 82L158 82L158 81L157 81L157 80L156 80L156 81L157 81L157 82L158 82L158 83L159 83L159 84L161 84L161 86L163 86L163 87L164 87L164 88L165 88L165 87L166 87L166 86L164 86L164 84L165 84L165 85L166 85L166 84L165 84L165 83L166 83L166 82L165 82L165 83L164 83L164 80L165 80L165 79L166 79L166 80L167 80L167 82L168 82L168 83L167 83L167 86L168 86L168 87L167 87L167 88L168 88L168 89L169 89L169 90L170 90L170 89L174 89L174 90L175 90L175 91L176 91L176 92L177 92L177 90L176 90L176 89L174 89L174 88L175 88L175 87L176 87L176 88L177 88L177 86L176 86L176 85L175 85L175 84L174 84L174 83L171 83L171 82L170 82L170 83L169 83L169 82L168 82L168 81L169 81L169 80L170 80L170 79L171 79L171 78L172 78L172 76L173 76L173 74L172 74L172 75L171 75L171 74L168 74L168 75L169 75L169 78L166 78L166 77L168 77L168 76L165 76L165 74L164 74L164 72L166 72L166 71L167 71L167 73L168 73L168 72L169 72L169 71L170 71L170 73L172 73L172 72L173 72L173 73L174 73L174 74L175 74L175 75L174 75L174 78L175 78L175 80L174 80L174 79L172 79L172 80L173 80L173 81L174 81L174 82L175 82L175 83L176 83L176 84L177 84L177 82L176 82L176 81L175 81L175 80L177 80L177 79L176 79L176 77L177 77L177 75L176 75L176 74L175 74L175 73L174 73L174 72L175 72L175 71L176 71L176 72L177 72L177 70L176 70L176 68L175 68L175 67L176 67L176 66L175 66L175 65L176 65L176 64L177 64L177 63L176 63L176 62L177 62L177 61L176 61L176 62L175 62L175 60L174 60L174 59L173 59L173 57L174 57L174 58L175 58L175 59L176 59L176 60L177 60L177 58L176 58L176 57L175 57L175 56L177 56L177 55L173 55L173 54L175 54L175 53L176 53L176 54L177 54L177 53L176 53L176 52L175 52L175 51L177 51L177 49L176 49L176 50L175 50L175 48L177 48L177 47L175 47L175 48L174 48L174 47L173 47L173 45L174 45L174 46L175 46L175 45L176 45L176 44L177 44L177 43L176 43L176 42L175 42L175 40L174 40L174 39L173 39L173 37L174 37L174 38L175 38L175 39L176 39L176 40L177 40L177 38L176 38L176 37L175 37L175 36L174 36L174 35L173 35L173 33L174 33L174 34L175 34L175 35L176 35L176 36L177 36L177 34L176 34L176 32L177 32L177 29L176 29L176 30L175 30L175 28L174 28L174 27L173 27L173 28L168 28L168 32L167 32L167 30L166 30L166 29L164 29L164 30L163 30L163 28L162 28L162 27L161 27L161 26L160 26L160 27L159 27L159 26L158 26L158 27L157 27L157 28L156 28L156 29L155 29L155 30L154 30L154 29L153 29L153 30L152 30L152 29L151 29L151 28L150 28L150 27L149 27L149 26L148 26L148 27L147 27L147 26L146 26L146 24L147 24L147 25L148 25L148 24L149 24L149 25L150 25L150 26L151 26L151 27L152 27L152 28L153 28L153 27L154 27L154 28L155 28L155 27L156 27L156 26L157 26L157 24L156 24L156 25L155 25L155 26L154 26L154 25L153 25L153 26L152 26L152 24L153 24L153 23L154 23L154 24L155 24L155 23L156 23L156 22L157 22L157 20L155 20L155 22L154 22L154 19L158 19L158 21L159 21L159 23L158 23L158 25L160 25L160 24L162 24L162 26L163 26L163 27L164 27L164 28L165 28L165 27L166 27L166 28L167 28L167 26L166 26L166 25L167 25L167 22L164 22L164 21L159 21L159 20L160 20L160 19L162 19L162 18L163 18L163 19L164 19L164 20L165 20L165 21L167 21L167 20L168 20L168 19L169 19L169 20L170 20L170 19L172 19L172 18L173 18L173 19L174 19L174 20L175 20L175 21L173 21L173 20L172 20L172 21L171 21L171 24L170 24L170 25L169 25L169 24L168 24L168 26L169 26L169 27L170 27L170 26L171 26L171 27L172 27L172 26L173 26L173 25L172 25L172 22L175 22L175 21L176 21L176 23L177 23L177 21L176 21L176 20L177 20L177 18L176 18L176 17L175 17L175 16L174 16L174 15L173 15L173 16L172 16L172 17L171 17L171 16L170 16L170 14L173 14L173 13L171 13L171 12L170 12L170 13L168 13L168 14L166 14L166 13L165 13L165 15L164 15L164 16L162 16L162 15L161 15L161 14L160 14L160 15L159 15L159 14L157 14L157 13L158 13L158 12L159 12L159 13L160 13L160 12L161 12L161 13L162 13L162 14L164 14L164 13L163 13L163 12L161 12L161 11L160 11L160 8L161 8L161 6L160 6L160 3L161 3L161 4L162 4L162 7L163 7L163 6L164 6L164 8L165 8L165 10L164 10L164 9L161 9L161 10L163 10L163 11L164 11L164 12L165 12L165 11L166 11L166 12L168 12L168 11L170 11L170 10L171 10L171 11L172 11L172 12L174 12L174 14L175 14L175 15L176 15L176 16L177 16L177 14L176 14L176 13L175 13L175 12L177 12L177 11L176 11L176 10L177 10L177 9L176 9L176 8L175 8L175 9L174 9L174 8L173 8L173 9L172 9L172 8L171 8L171 9L170 9L170 8L169 8L169 9L168 9L168 10L166 10L166 9L167 9L167 8L168 8L168 7L169 7L169 5L168 5L168 7L167 7L167 5L164 5L164 4L163 4L163 3L162 3L162 2L161 2L161 1L160 1L160 2L159 2L159 1L154 1L154 0L153 0L153 2L150 2L150 5L151 5L151 6L150 6L150 7L149 7L149 5L148 5L148 7L147 7L147 5L146 5L146 7L145 7L145 3L142 3L142 2L141 2L141 4L138 4L138 3L135 3L135 2L134 2L134 3L133 3L133 2L132 2L132 3L131 3L131 2L130 2L130 1L129 1L129 0L126 0L126 2L125 2L125 0L124 0L124 1L123 1L123 2L122 2L122 0L121 0L121 2L120 2L120 3L119 3L119 4L120 4L120 5L119 5L119 6L118 6L118 8L119 8L119 6L120 6L120 9L117 9L117 5L118 5L118 4L117 4L117 3L118 3L118 2L117 2L117 3L114 3L114 4L112 4L112 3L113 3L113 2L112 2L112 3L110 3L110 4L109 4L109 3L107 3L107 6L106 6L106 5L105 5L105 4L106 4L106 3L105 3L105 2L104 2L104 3L103 3L103 1L102 1L102 0L100 0L100 1L99 1L99 2L100 2L100 1L101 1L101 2L102 2L102 3L103 3L103 4L102 4L102 7L101 7L101 6L100 6L100 5L101 5L101 3L100 3L100 4L99 4L99 3L98 3L98 2L97 2L97 1L96 1L96 0L95 0L95 1L94 1L94 2L95 2L95 1L96 1L96 2L97 2L97 3L98 3L98 4L97 4L97 5L95 5L95 6L94 6L94 5L93 5L93 4L96 4L96 3L93 3L93 2L92 2L92 1L93 1L93 0L92 0L92 1L91 1L91 0L89 0L89 1L88 1L88 0L87 0L87 1L86 1L86 0L82 0L82 1L83 1L83 2L84 2L84 3L83 3L83 4L82 4L82 2L81 2L81 1L80 1L80 2L78 2L78 1L77 1L77 3L76 3L76 0L74 0L74 1L73 1L73 0L72 0L72 1L71 1L71 0L70 0L70 1L71 1L71 3L72 3L72 2L73 2L73 3L74 3L74 2L75 2L75 4L72 4L72 5L73 5L73 6L72 6L72 7L73 7L73 9L72 9L72 8L71 8L71 9L70 9L70 8L69 8L69 5L71 5L71 4L69 4L69 2L68 2L68 1L67 1L67 2L66 2L66 1L63 1L63 0L62 0L62 2L60 2L60 3L59 3L59 2L58 2L58 1L56 1L56 0L54 0L54 1L55 1L55 2L56 2L56 3L58 3L58 4L56 4L56 5L55 5L55 3L54 3L54 2L51 2L51 1L50 1L50 2L49 2L49 3L48 3L48 5L46 5L46 4L45 4L45 5L46 5L46 7L45 7L45 6L44 6L44 4L43 4L43 2L44 2L44 3L45 3L45 2L46 2L46 3L47 3L47 2L48 2L48 1L49 1L49 0L47 0L47 1L46 1L46 0L45 0L45 1L44 1L44 0L42 0L42 1L40 1L40 2L39 2L39 1L37 1L37 2L36 2L36 4L34 4L34 3L33 3L33 1L35 1L35 0L33 0L33 1L32 1L32 0L31 0L31 2L32 2L32 3L29 3L29 2L30 2L30 1L29 1L29 0L28 0L28 1L29 1L29 2L28 2L28 4L26 4L26 3L27 3L27 1L24 1L24 0L23 0L23 1L22 1L22 0L21 0L21 1L18 1L18 2L17 2L17 1L15 1L15 0L11 0L11 1L10 1L10 0ZM59 0L59 1L60 1L60 0ZM104 0L104 1L105 1L105 0ZM106 0L106 1L107 1L107 0ZM109 0L109 1L108 1L108 2L110 2L110 0ZM111 0L111 1L114 1L114 0ZM119 0L119 1L120 1L120 0ZM131 0L131 1L132 1L132 0ZM137 0L137 1L136 1L136 2L137 2L137 1L138 1L138 2L139 2L139 3L140 3L140 2L139 2L139 1L140 1L140 0ZM142 0L142 1L143 1L143 0ZM150 0L150 1L151 1L151 0ZM162 0L162 1L163 1L163 0ZM165 0L165 1L166 1L166 2L164 2L164 3L165 3L165 4L166 4L166 3L167 3L167 4L169 4L169 3L167 3L167 0ZM9 1L9 2L10 2L10 1ZM23 1L23 3L22 3L22 2L20 2L20 3L21 3L21 5L20 5L20 6L19 6L19 5L15 5L15 7L14 7L14 6L13 6L13 7L14 7L14 8L13 8L13 9L14 9L14 10L15 10L15 9L17 9L17 10L16 10L16 11L14 11L14 12L12 12L12 13L13 13L13 14L12 14L12 16L11 16L11 13L10 13L10 12L9 12L9 11L8 11L8 12L7 12L7 11L6 11L6 10L8 10L8 9L6 9L6 10L5 10L5 9L4 9L4 10L5 10L5 11L3 11L3 13L4 13L4 14L3 14L3 15L5 15L5 17L4 17L4 16L3 16L3 18L5 18L5 17L6 17L6 18L7 18L7 19L6 19L6 20L5 20L5 19L4 19L4 20L5 20L5 21L6 21L6 22L7 22L7 21L8 21L8 20L9 20L9 19L10 19L10 21L11 21L11 22L12 22L12 24L13 24L13 22L14 22L14 25L13 25L13 27L14 27L14 28L16 28L16 29L15 29L15 30L12 30L12 29L11 29L11 30L12 30L12 31L13 31L13 32L12 32L12 33L13 33L13 32L14 32L14 31L15 31L15 30L16 30L16 32L17 32L17 34L15 34L15 33L14 33L14 34L13 34L13 35L14 35L14 36L15 36L15 37L14 37L14 38L13 38L13 41L15 41L15 40L17 40L17 45L15 45L15 44L16 44L16 42L12 42L12 43L10 43L10 42L11 42L11 41L12 41L12 40L11 40L11 39L10 39L10 41L9 41L9 42L7 42L7 41L6 41L6 40L8 40L8 39L9 39L9 37L10 37L10 38L11 38L11 37L12 37L12 36L11 36L11 33L9 33L9 34L8 34L8 35L6 35L6 36L7 36L7 37L8 37L8 38L7 38L7 39L6 39L6 40L5 40L5 41L6 41L6 42L7 42L7 43L8 43L8 44L7 44L7 45L8 45L8 44L10 44L10 46L9 46L9 47L8 47L8 48L9 48L9 49L6 49L6 50L9 50L9 49L11 49L11 52L10 52L10 51L6 51L6 52L5 52L5 53L6 53L6 54L7 54L7 55L5 55L5 56L7 56L7 55L8 55L8 56L10 56L10 58L9 58L9 59L13 59L13 58L11 58L11 57L12 57L12 56L11 56L11 54L10 54L10 55L8 55L8 54L9 54L9 53L11 53L11 52L13 52L13 51L14 51L14 53L13 53L13 54L12 54L12 55L13 55L13 54L16 54L16 53L15 53L15 51L16 51L16 52L18 52L18 53L17 53L17 55L16 55L16 56L14 56L14 57L15 57L15 59L14 59L14 60L13 60L13 61L14 61L14 60L15 60L15 61L17 61L17 60L18 60L18 59L17 59L17 60L16 60L16 57L17 57L17 58L18 58L18 56L17 56L17 55L20 55L20 57L19 57L19 59L20 59L20 60L21 60L21 61L22 61L22 62L21 62L21 64L20 64L20 65L23 65L23 66L18 66L18 67L23 67L23 68L21 68L21 69L20 69L20 68L18 68L18 70L17 70L17 68L16 68L16 66L15 66L15 65L16 65L16 64L15 64L15 63L14 63L14 62L13 62L13 63L14 63L14 64L13 64L13 67L12 67L12 66L10 66L10 67L9 67L9 68L10 68L10 69L9 69L9 70L8 70L8 68L7 68L7 67L8 67L8 66L7 66L7 65L6 65L6 66L5 66L5 65L4 65L4 64L5 64L5 63L6 63L6 64L8 64L8 65L10 65L10 64L12 64L12 63L11 63L11 62L12 62L12 60L11 60L11 61L9 61L9 62L10 62L10 63L9 63L9 64L8 64L8 63L6 63L6 62L8 62L8 61L6 61L6 62L4 62L4 60L3 60L3 59L1 59L1 60L3 60L3 63L4 63L4 64L1 64L1 66L2 66L2 65L3 65L3 66L4 66L4 67L3 67L3 68L1 68L1 69L3 69L3 70L2 70L2 71L4 71L4 68L5 68L5 67L6 67L6 68L7 68L7 69L6 69L6 70L5 70L5 73L3 73L3 72L2 72L2 75L1 75L1 76L3 76L3 78L2 78L2 77L1 77L1 78L2 78L2 79L1 79L1 80L3 80L3 79L4 79L4 80L5 80L5 81L4 81L4 82L5 82L5 83L4 83L4 84L5 84L5 83L6 83L6 84L8 84L8 82L9 82L9 81L8 81L8 82L7 82L7 81L6 81L6 80L7 80L7 79L8 79L8 80L11 80L11 81L13 81L13 82L12 82L12 83L13 83L13 84L12 84L12 85L11 85L11 84L10 84L10 83L9 83L9 85L11 85L11 86L12 86L12 87L14 87L14 88L13 88L13 91L14 91L14 92L12 92L12 93L10 93L10 92L11 92L11 90L10 90L10 89L9 89L9 90L7 90L7 89L6 89L6 90L5 90L5 89L4 89L4 90L5 90L5 91L4 91L4 92L5 92L5 91L6 91L6 92L9 92L9 93L8 93L8 94L9 94L9 93L10 93L10 94L13 94L13 95L14 95L14 94L15 94L15 95L16 95L16 96L17 96L17 95L16 95L16 94L17 94L17 93L18 93L18 96L19 96L19 95L20 95L20 96L21 96L21 97L18 97L18 98L19 98L19 101L16 101L16 99L17 99L17 97L16 97L16 99L15 99L15 96L13 96L13 98L12 98L12 97L11 97L11 99L10 99L10 100L7 100L7 101L6 101L6 102L7 102L7 103L8 103L8 101L9 101L9 105L8 105L8 104L7 104L7 105L6 105L6 106L8 106L8 107L6 107L6 108L7 108L7 109L6 109L6 110L5 110L5 111L4 111L4 110L3 110L3 109L1 109L1 110L3 110L3 111L4 111L4 112L3 112L3 113L2 113L2 114L4 114L4 112L5 112L5 111L6 111L6 112L7 112L7 111L9 111L9 110L10 110L10 112L11 112L11 114L12 114L12 115L11 115L11 117L10 117L10 116L9 116L9 117L6 117L6 118L11 118L11 117L12 117L12 115L14 115L14 116L13 116L13 117L14 117L14 116L15 116L15 119L16 119L16 120L14 120L14 122L13 122L13 119L14 119L14 118L12 118L12 119L11 119L11 120L10 120L10 119L8 119L8 122L7 122L7 121L5 121L5 122L7 122L7 123L2 123L2 124L5 124L5 125L3 125L3 126L5 126L5 125L6 125L6 126L10 126L10 129L11 129L11 131L10 131L10 132L9 132L9 133L6 133L6 134L5 134L5 132L7 132L7 131L8 131L8 130L9 130L9 127L8 127L8 130L7 130L7 129L6 129L6 130L7 130L7 131L5 131L5 129L4 129L4 131L3 131L3 133L1 133L1 134L2 134L2 135L4 135L4 136L5 136L5 137L6 137L6 138L7 138L7 137L6 137L6 136L7 136L7 135L6 135L6 134L10 134L10 136L11 136L11 137L10 137L10 138L8 138L8 139L6 139L6 140L8 140L8 139L10 139L10 140L9 140L9 141L10 141L10 143L9 143L9 144L10 144L10 143L15 143L15 142L16 142L16 144L15 144L15 146L13 146L13 145L14 145L14 144L11 144L11 145L10 145L10 147L11 147L11 146L12 146L12 147L13 147L13 149L12 149L12 150L11 150L11 149L10 149L10 148L9 148L9 149L8 149L8 148L7 148L7 147L6 147L6 148L5 148L5 149L6 149L6 150L5 150L5 152L7 152L7 151L6 151L6 150L7 150L7 149L8 149L8 150L9 150L9 151L8 151L8 153L9 153L9 154L10 154L10 155L8 155L8 154L7 154L7 155L8 155L8 156L9 156L9 157L10 157L10 159L11 159L11 157L12 157L12 159L13 159L13 157L14 157L14 156L13 156L13 157L12 157L12 155L11 155L11 154L12 154L12 153L13 153L13 152L14 152L14 154L13 154L13 155L14 155L14 154L15 154L15 153L16 153L16 151L15 151L15 149L16 149L16 150L17 150L17 151L22 151L22 150L18 150L18 149L21 149L21 147L19 147L19 148L18 148L18 147L17 147L17 148L18 148L18 149L16 149L16 147L15 147L15 146L18 146L18 145L16 145L16 144L18 144L18 143L19 143L19 144L20 144L20 145L19 145L19 146L20 146L20 145L22 145L22 144L20 144L20 143L21 143L21 142L22 142L22 143L24 143L24 142L23 142L23 140L24 140L24 136L25 136L25 140L29 140L29 138L28 138L28 137L27 137L27 138L26 138L26 134L27 134L27 136L28 136L28 135L30 135L30 133L28 133L28 132L26 132L26 134L25 134L25 133L24 133L24 132L25 132L25 131L26 131L26 130L24 130L24 129L26 129L26 126L27 126L27 124L28 124L28 127L29 127L29 125L30 125L30 124L28 124L28 123L30 123L30 122L31 122L31 121L30 121L30 120L32 120L32 121L35 121L35 123L34 123L34 122L33 122L33 123L32 123L32 124L31 124L31 127L32 127L32 129L31 129L31 130L30 130L30 128L29 128L29 129L28 129L28 128L27 128L27 129L28 129L28 131L29 131L29 132L30 132L30 131L31 131L31 132L33 132L33 131L32 131L32 130L33 130L33 128L34 128L34 133L33 133L33 134L34 134L34 135L32 135L32 134L31 134L31 136L32 136L32 138L31 138L31 137L30 137L30 136L29 136L29 137L30 137L30 140L32 140L32 139L38 139L38 140L40 140L40 141L38 141L38 142L39 142L39 143L40 143L40 142L41 142L41 143L43 143L43 144L44 144L44 147L45 147L45 146L47 146L47 147L46 147L46 148L43 148L43 146L42 146L42 145L41 145L41 144L40 144L40 145L39 145L39 146L37 146L37 147L36 147L36 149L35 149L35 146L34 146L34 147L33 147L33 146L32 146L32 147L31 147L31 146L29 146L29 145L28 145L28 144L27 144L27 143L26 143L26 141L25 141L25 143L26 143L26 144L24 144L24 146L22 146L22 147L23 147L23 148L24 148L24 146L25 146L25 147L26 147L26 149L25 149L25 150L24 150L24 149L23 149L23 150L24 150L24 151L25 151L25 152L21 152L21 153L22 153L22 154L21 154L21 155L23 155L23 154L24 154L24 153L26 153L26 151L25 151L25 150L27 150L27 149L28 149L28 152L27 152L27 155L26 155L26 154L25 154L25 155L24 155L24 156L23 156L23 157L25 157L25 158L26 158L26 159L27 159L27 160L25 160L25 159L24 159L24 158L22 158L22 159L21 159L21 160L23 160L23 161L22 161L22 162L23 162L23 163L24 163L24 164L25 164L25 166L26 166L26 165L27 165L27 164L29 164L29 166L28 166L28 167L30 167L30 168L31 168L31 167L32 167L32 166L31 166L31 162L32 162L32 164L33 164L33 165L34 165L34 163L33 163L33 161L34 161L34 160L35 160L35 161L36 161L36 160L35 160L35 158L37 158L37 159L38 159L38 156L37 156L37 155L36 155L36 154L39 154L39 155L40 155L40 154L42 154L42 155L41 155L41 156L40 156L40 159L41 159L41 160L40 160L40 163L41 163L41 164L40 164L40 165L39 165L39 167L38 167L38 170L37 170L37 171L38 171L38 174L39 174L39 175L40 175L40 174L41 174L41 175L42 175L42 176L43 176L43 175L45 175L45 173L46 173L46 174L47 174L47 173L48 173L48 172L50 172L50 174L51 174L51 175L52 175L52 174L53 174L53 172L54 172L54 171L55 171L55 170L56 170L56 168L61 168L61 170L62 170L62 169L63 169L63 170L64 170L64 171L62 171L62 172L61 172L61 174L62 174L62 173L63 173L63 174L64 174L64 176L65 176L65 174L66 174L66 175L67 175L67 173L68 173L68 172L69 172L69 170L71 170L71 171L70 171L70 173L72 173L72 172L71 172L71 171L72 171L72 169L73 169L73 170L78 170L78 171L79 171L79 172L80 172L80 170L81 170L81 169L78 169L78 168L76 168L76 167L75 167L75 166L73 166L73 168L72 168L72 165L75 165L75 164L76 164L76 163L79 163L79 162L80 162L80 163L81 163L81 164L82 164L82 165L83 165L83 166L85 166L85 168L88 168L88 167L89 167L89 169L90 169L90 170L91 170L91 168L90 168L90 165L91 165L91 164L90 164L90 163L89 163L89 161L90 161L90 162L91 162L91 163L92 163L92 164L93 164L93 163L94 163L94 164L95 164L95 163L96 163L96 162L97 162L97 161L98 161L98 160L99 160L99 161L100 161L100 160L101 160L101 161L102 161L102 162L104 162L104 164L105 164L105 162L106 162L106 161L107 161L107 163L106 163L106 164L107 164L107 163L108 163L108 162L109 162L109 165L107 165L107 166L106 166L106 165L105 165L105 166L104 166L104 165L103 165L103 164L102 164L102 163L101 163L101 162L100 162L100 163L99 163L99 162L98 162L98 163L97 163L97 164L99 164L99 165L100 165L100 164L101 164L101 165L102 165L102 166L103 166L103 168L102 168L102 167L101 167L101 166L100 166L100 168L99 168L99 167L98 167L98 168L99 168L99 169L98 169L98 170L99 170L99 171L97 171L97 173L98 173L98 172L99 172L99 171L100 171L100 173L99 173L99 174L100 174L100 173L102 173L102 174L103 174L103 175L104 175L104 176L105 176L105 174L103 174L103 173L104 173L104 171L105 171L105 170L104 170L104 171L102 171L102 172L101 172L101 170L100 170L100 169L102 169L102 170L103 170L103 168L104 168L104 169L105 169L105 167L106 167L106 168L107 168L107 169L106 169L106 172L107 172L107 171L108 171L108 170L109 170L109 169L110 169L110 168L111 168L111 169L112 169L112 168L113 168L113 167L114 167L114 168L115 168L115 167L116 167L116 168L117 168L117 170L118 170L118 172L119 172L119 174L117 174L117 175L119 175L119 176L120 176L120 175L121 175L121 176L122 176L122 175L123 175L123 174L125 174L125 175L126 175L126 174L125 174L125 172L126 172L126 173L127 173L127 171L128 171L128 173L129 173L129 171L128 171L128 170L127 170L127 169L128 169L128 168L129 168L129 170L130 170L130 172L131 172L131 173L132 173L132 172L131 172L131 171L133 171L133 172L134 172L134 171L136 171L136 172L135 172L135 174L134 174L134 173L133 173L133 174L132 174L132 175L133 175L133 176L134 176L134 175L135 175L135 174L136 174L136 173L137 173L137 172L138 172L138 173L139 173L139 175L141 175L141 174L140 174L140 172L139 172L139 171L138 171L138 170L137 170L137 169L136 169L136 170L135 170L135 168L134 168L134 167L135 167L135 166L136 166L136 165L137 165L137 167L136 167L136 168L138 168L138 169L140 169L140 167L141 167L141 168L143 168L143 167L142 167L142 166L141 166L141 160L142 160L142 161L143 161L143 160L144 160L144 159L145 159L145 161L144 161L144 162L142 162L142 165L144 165L144 163L146 163L146 165L145 165L145 166L144 166L144 167L145 167L145 171L146 171L146 170L147 170L147 171L148 171L148 170L149 170L149 171L150 171L150 172L152 172L152 174L153 174L153 172L152 172L152 170L150 170L150 169L149 169L149 168L148 168L148 167L146 167L146 166L147 166L147 165L152 165L152 166L155 166L155 165L156 165L156 164L157 164L157 163L158 163L158 162L159 162L159 163L160 163L160 162L161 162L161 163L162 163L162 164L163 164L163 166L162 166L162 167L163 167L163 166L164 166L164 167L165 167L165 166L164 166L164 165L165 165L165 164L166 164L166 166L167 166L167 168L169 168L169 166L170 166L170 165L171 165L171 166L172 166L172 165L175 165L175 164L174 164L174 163L175 163L175 162L174 162L174 161L173 161L173 159L172 159L172 162L174 162L174 163L172 163L172 164L171 164L171 162L170 162L170 161L171 161L171 158L169 158L169 159L170 159L170 161L169 161L169 162L170 162L170 164L168 164L168 162L167 162L167 161L168 161L168 157L167 157L167 156L166 156L166 155L165 155L165 153L166 153L166 154L167 154L167 155L168 155L168 153L167 153L167 151L168 151L168 149L165 149L165 147L166 147L166 148L167 148L167 147L168 147L168 146L167 146L167 145L168 145L168 144L166 144L166 143L164 143L164 141L165 141L165 140L164 140L164 139L163 139L163 138L162 138L162 136L160 136L160 135L161 135L161 134L160 134L160 135L158 135L158 136L160 136L160 137L155 137L155 136L154 136L154 135L153 135L153 132L152 132L152 131L151 131L151 130L150 130L150 129L149 129L149 128L148 128L148 129L143 129L143 130L142 130L142 129L141 129L141 127L142 127L142 128L145 128L145 127L146 127L146 128L147 128L147 127L148 127L148 126L149 126L149 127L150 127L150 128L151 128L151 129L152 129L152 130L153 130L153 128L151 128L151 127L154 127L154 130L157 130L157 131L156 131L156 132L157 132L157 131L158 131L158 130L159 130L159 131L160 131L160 132L158 132L158 134L159 134L159 133L163 133L163 134L162 134L162 135L163 135L163 137L164 137L164 138L165 138L165 137L166 137L166 138L167 138L167 136L168 136L168 135L169 135L169 133L170 133L170 132L171 132L171 133L172 133L172 132L171 132L171 130L170 130L170 131L169 131L169 129L168 129L168 130L167 130L167 128L166 128L166 127L165 127L165 128L164 128L164 127L163 127L163 126L162 126L162 123L163 123L163 125L164 125L164 126L165 126L165 124L164 124L164 123L163 123L163 122L162 122L162 119L163 119L163 118L162 118L162 117L161 117L161 116L160 116L160 119L161 119L161 120L160 120L160 123L161 123L161 124L160 124L160 125L159 125L159 119L158 119L158 118L159 118L159 115L160 115L160 114L161 114L161 115L162 115L162 116L164 116L164 118L167 118L167 120L168 120L168 119L169 119L169 121L170 121L170 120L171 120L171 121L172 121L172 120L171 120L171 118L170 118L170 119L169 119L169 117L168 117L168 116L166 116L166 115L163 115L163 114L164 114L164 113L166 113L166 114L167 114L167 115L168 115L168 114L167 114L167 112L168 112L168 111L169 111L169 112L170 112L170 111L171 111L171 110L170 110L170 109L171 109L171 108L172 108L172 107L173 107L173 109L172 109L172 110L173 110L173 109L175 109L175 108L176 108L176 107L174 107L174 105L172 105L172 106L171 106L171 105L170 105L170 107L169 107L169 105L167 105L167 104L166 104L166 103L165 103L165 104L163 104L163 103L164 103L164 101L165 101L165 100L164 100L164 99L163 99L163 98L162 98L162 99L161 99L161 96L162 96L162 95L163 95L163 94L162 94L162 93L161 93L161 92L160 92L160 93L161 93L161 94L162 94L162 95L161 95L161 96L159 96L159 97L158 97L158 96L157 96L157 95L160 95L160 94L159 94L159 93L158 93L158 92L159 92L159 91L160 91L160 90L161 90L161 91L162 91L162 92L164 92L164 91L163 91L163 90L162 90L162 89L161 89L161 88L158 88L158 89L157 89L157 90L156 90L156 91L155 91L155 92L154 92L154 91L153 91L153 92L152 92L152 91L151 91L151 90L149 90L149 88L146 88L146 89L145 89L145 90L147 90L147 91L144 91L144 92L142 92L142 91L143 91L143 89L140 89L140 88L139 88L139 87L140 87L140 86L139 86L139 87L138 87L138 86L137 86L137 87L136 87L136 90L137 90L137 91L136 91L136 92L138 92L138 93L139 93L139 95L136 95L136 94L137 94L137 93L136 93L136 94L134 94L134 93L135 93L135 92L133 92L133 94L132 94L132 91L135 91L135 89L134 89L134 90L133 90L133 89L132 89L132 90L131 90L131 89L130 89L130 88L129 88L129 87L128 87L128 86L127 86L127 87L126 87L126 86L125 86L125 84L126 84L126 85L127 85L127 83L128 83L128 85L129 85L129 86L130 86L130 87L131 87L131 88L132 88L132 87L133 87L133 88L134 88L134 87L135 87L135 86L136 86L136 85L137 85L137 84L138 84L138 85L139 85L139 83L140 83L140 84L142 84L142 83L141 83L141 82L140 82L140 81L139 81L139 79L138 79L138 77L137 77L137 79L135 79L135 78L136 78L136 77L134 77L134 79L133 79L133 77L132 77L132 78L131 78L131 77L130 77L130 76L129 76L129 75L128 75L128 74L127 74L127 75L126 75L126 74L125 74L125 75L124 75L124 74L123 74L123 72L122 72L122 73L121 73L121 74L120 74L120 71L121 71L121 70L122 70L122 71L123 71L123 70L124 70L124 69L125 69L125 68L127 68L127 69L128 69L128 70L129 70L129 71L128 71L128 73L129 73L129 74L130 74L130 75L133 75L133 76L134 76L134 75L135 75L135 74L136 74L136 73L137 73L137 74L139 74L139 75L136 75L136 76L140 76L140 77L139 77L139 78L140 78L140 80L142 80L142 79L143 79L143 81L142 81L142 82L144 82L144 83L143 83L143 84L145 84L145 87L146 87L146 86L147 86L147 87L148 87L148 86L147 86L147 85L146 85L146 84L145 84L145 83L146 83L146 82L145 82L145 81L144 81L144 80L145 80L145 79L146 79L146 78L147 78L147 77L152 77L152 78L153 78L153 77L154 77L154 78L155 78L155 77L156 77L156 76L157 76L157 75L158 75L158 74L159 74L159 75L160 75L160 74L161 74L161 75L162 75L162 76L163 76L163 78L162 78L162 77L161 77L161 76L160 76L160 77L159 77L159 76L158 76L158 77L157 77L157 78L159 78L159 79L160 79L160 78L161 78L161 79L162 79L162 80L164 80L164 79L163 79L163 78L164 78L164 77L165 77L165 76L164 76L164 75L163 75L163 74L162 74L162 73L161 73L161 72L162 72L162 71L163 71L163 70L164 70L164 71L165 71L165 70L167 70L167 71L168 71L168 70L171 70L171 72L172 72L172 71L173 71L173 70L174 70L174 71L175 71L175 70L174 70L174 69L173 69L173 68L174 68L174 67L175 67L175 66L173 66L173 65L174 65L174 63L175 63L175 62L174 62L174 61L173 61L173 62L172 62L172 63L171 63L171 64L170 64L170 65L168 65L168 64L167 64L167 63L168 63L168 62L169 62L169 63L170 63L170 62L171 62L171 61L167 61L167 60L166 60L166 59L165 59L165 57L166 57L166 58L167 58L167 59L168 59L168 58L167 58L167 57L168 57L168 56L166 56L166 55L165 55L165 54L164 54L164 53L166 53L166 54L167 54L167 55L169 55L169 56L173 56L173 55L171 55L171 54L173 54L173 52L174 52L174 51L175 51L175 50L173 50L173 51L172 51L172 52L170 52L170 50L169 50L169 49L171 49L171 50L172 50L172 49L173 49L173 47L172 47L172 48L171 48L171 47L170 47L170 48L167 48L167 47L166 47L166 46L170 46L170 45L171 45L171 46L172 46L172 45L173 45L173 44L174 44L174 45L175 45L175 43L174 43L174 41L171 41L171 39L170 39L170 41L171 41L171 42L170 42L170 43L168 43L168 42L169 42L169 41L168 41L168 40L169 40L169 39L168 39L168 38L170 38L170 37L171 37L171 38L172 38L172 37L173 37L173 35L172 35L172 36L171 36L171 35L170 35L170 36L167 36L167 37L165 37L165 33L166 33L166 35L167 35L167 34L170 34L170 33L167 33L167 32L166 32L166 31L163 31L163 30L161 30L161 28L160 28L160 29L159 29L159 28L158 28L158 29L157 29L157 31L155 31L155 32L157 32L157 31L158 31L158 30L160 30L160 31L163 31L163 32L164 32L164 33L163 33L163 34L161 34L161 32L158 32L158 33L157 33L157 35L156 35L156 34L155 34L155 33L154 33L154 34L155 34L155 36L154 36L154 35L153 35L153 32L152 32L152 31L151 31L151 30L149 30L149 28L148 28L148 29L146 29L146 28L145 28L145 31L146 31L146 30L147 30L147 31L148 31L148 30L149 30L149 31L151 31L151 32L150 32L150 33L149 33L149 32L148 32L148 33L147 33L147 32L146 32L146 33L145 33L145 34L144 34L144 33L143 33L143 35L142 35L142 34L141 34L141 33L140 33L140 31L138 31L138 30L137 30L137 29L134 29L134 30L129 30L129 31L128 31L128 30L127 30L127 31L126 31L126 30L125 30L125 31L123 31L123 30L124 30L124 29L123 29L123 28L122 28L122 27L123 27L123 26L124 26L124 25L125 25L125 24L126 24L126 23L123 23L123 22L124 22L124 21L126 21L126 20L128 20L128 21L127 21L127 23L128 23L128 24L127 24L127 26L130 26L130 27L126 27L126 26L125 26L125 27L124 27L124 28L126 28L126 29L127 29L127 28L128 28L128 29L129 29L129 28L130 28L130 27L131 27L131 29L133 29L133 28L134 28L134 27L135 27L135 26L136 26L136 25L137 25L137 24L138 24L138 25L139 25L139 27L138 27L138 26L137 26L137 27L136 27L136 28L138 28L138 29L140 29L140 28L141 28L141 25L140 25L140 24L139 24L139 23L138 23L138 22L137 22L137 20L138 20L138 21L139 21L139 22L140 22L140 23L142 23L142 24L143 24L143 23L144 23L144 22L145 22L145 23L146 23L146 22L147 22L147 23L150 23L150 24L152 24L152 23L153 23L153 20L152 20L152 19L150 19L150 18L149 18L149 17L150 17L150 16L148 16L148 17L145 17L145 16L144 16L144 17L143 17L143 18L142 18L142 17L140 17L140 16L139 16L139 15L138 15L138 14L140 14L140 15L141 15L141 14L143 14L143 15L142 15L142 16L143 16L143 15L144 15L144 14L145 14L145 15L146 15L146 16L147 16L147 15L148 15L148 14L149 14L149 15L154 15L154 18L156 18L156 16L157 16L157 18L159 18L159 19L160 19L160 18L159 18L159 17L158 17L158 15L157 15L157 14L156 14L156 15L154 15L154 14L155 14L155 13L156 13L156 12L157 12L157 11L158 11L158 10L159 10L159 7L160 7L160 6L159 6L159 7L158 7L158 6L157 6L157 5L156 5L156 4L155 4L155 3L154 3L154 2L153 2L153 3L151 3L151 4L152 4L152 5L153 5L153 4L154 4L154 6L153 6L153 7L154 7L154 6L155 6L155 8L157 8L157 10L156 10L156 11L155 11L155 12L154 12L154 11L153 11L153 10L152 10L152 11L153 11L153 12L152 12L152 13L151 13L151 14L149 14L149 13L150 13L150 11L151 11L151 10L150 10L150 9L149 9L149 8L146 8L146 9L143 9L143 10L142 10L142 9L140 9L140 5L139 5L139 8L138 8L138 5L136 5L136 6L135 6L135 4L134 4L134 5L132 5L132 4L131 4L131 3L130 3L130 2L129 2L129 3L127 3L127 2L128 2L128 1L127 1L127 2L126 2L126 3L125 3L125 2L124 2L124 3L122 3L122 2L121 2L121 3L122 3L122 5L121 5L121 8L122 8L122 6L123 6L123 7L124 7L124 9L122 9L122 10L120 10L120 11L123 11L123 12L121 12L121 13L120 13L120 14L119 14L119 13L118 13L118 12L117 12L117 13L116 13L116 12L115 12L115 13L113 13L113 12L112 12L112 13L110 13L110 14L109 14L109 12L108 12L108 13L107 13L107 14L106 14L106 13L105 13L105 14L104 14L104 13L103 13L103 12L102 12L102 11L101 11L101 10L98 10L98 11L97 11L97 12L96 12L96 13L94 13L94 12L95 12L95 10L97 10L97 9L98 9L98 8L99 8L99 9L100 9L100 8L101 8L101 9L102 9L102 10L103 10L103 11L104 11L104 12L105 12L105 10L109 10L109 11L110 11L110 12L111 12L111 11L112 11L112 10L114 10L114 11L115 11L115 10L116 10L116 11L117 11L117 9L110 9L110 10L109 10L109 9L108 9L108 8L107 8L107 7L108 7L108 6L107 6L107 7L106 7L106 6L105 6L105 5L104 5L104 4L105 4L105 3L104 3L104 4L103 4L103 5L104 5L104 6L103 6L103 7L104 7L104 8L105 8L105 10L104 10L104 9L103 9L103 8L101 8L101 7L100 7L100 6L99 6L99 5L98 5L98 6L97 6L97 9L95 9L95 10L94 10L94 9L93 9L93 10L92 10L92 9L91 9L91 8L90 8L90 6L89 6L89 9L84 9L84 8L83 8L83 7L84 7L84 4L83 4L83 7L82 7L82 5L81 5L81 4L80 4L80 3L79 3L79 4L78 4L78 5L79 5L79 4L80 4L80 6L79 6L79 7L80 7L80 8L79 8L79 9L77 9L77 10L76 10L76 9L75 9L75 8L76 8L76 6L77 6L77 8L78 8L78 6L77 6L77 4L76 4L76 6L75 6L75 5L74 5L74 6L73 6L73 7L74 7L74 9L75 9L75 10L74 10L74 11L72 11L72 12L71 12L71 11L70 11L70 10L69 10L69 8L68 8L68 5L69 5L69 4L68 4L68 3L67 3L67 4L66 4L66 3L64 3L64 5L63 5L63 7L62 7L62 6L61 6L61 7L62 7L62 8L61 8L61 9L63 9L63 8L64 8L64 6L65 6L65 9L64 9L64 10L65 10L65 13L63 13L63 12L64 12L64 11L63 11L63 10L62 10L62 11L63 11L63 12L62 12L62 13L60 13L60 14L59 14L59 13L58 13L58 15L59 15L59 16L58 16L58 18L56 18L56 17L55 17L55 19L56 19L56 20L57 20L57 21L58 21L58 20L59 20L59 24L60 24L60 23L61 23L61 22L62 22L62 21L63 21L63 20L64 20L64 19L65 19L65 21L64 21L64 22L63 22L63 23L62 23L62 24L61 24L61 25L60 25L60 26L59 26L59 25L58 25L58 24L57 24L57 23L58 23L58 22L56 22L56 21L55 21L55 22L54 22L54 21L53 21L53 20L54 20L54 19L53 19L53 20L52 20L52 21L51 21L51 19L52 19L52 18L54 18L54 17L53 17L53 16L52 16L52 15L51 15L51 16L50 16L50 18L49 18L49 19L48 19L48 16L49 16L49 15L50 15L50 14L53 14L53 15L56 15L56 16L57 16L57 14L56 14L56 13L55 13L55 14L53 14L53 13L54 13L54 12L52 12L52 13L51 13L51 11L52 11L52 10L53 10L53 11L54 11L54 10L53 10L53 9L50 9L50 6L49 6L49 7L48 7L48 6L47 6L47 7L46 7L46 11L48 11L48 12L47 12L47 13L48 13L48 12L49 12L49 14L48 14L48 15L47 15L47 16L46 16L46 15L45 15L45 14L46 14L46 13L45 13L45 12L44 12L44 11L45 11L45 8L44 8L44 6L43 6L43 5L42 5L42 2L43 2L43 1L42 1L42 2L41 2L41 3L40 3L40 4L39 4L39 2L37 2L37 4L36 4L36 6L35 6L35 5L34 5L34 4L33 4L33 3L32 3L32 4L33 4L33 5L34 5L34 6L33 6L33 9L32 9L32 12L31 12L31 9L30 9L30 10L28 10L28 9L27 9L27 10L26 10L26 8L27 8L27 7L28 7L28 6L27 6L27 5L26 5L26 6L25 6L25 7L26 7L26 8L25 8L25 9L24 9L24 8L23 8L23 9L22 9L22 8L21 8L21 7L22 7L22 5L23 5L23 4L25 4L25 3L26 3L26 2L25 2L25 3L24 3L24 1ZM87 1L87 2L86 2L86 3L85 3L85 4L86 4L86 3L87 3L87 4L88 4L88 3L87 3L87 2L88 2L88 1ZM144 1L144 2L147 2L147 3L146 3L146 4L148 4L148 3L149 3L149 1L148 1L148 2L147 2L147 1ZM168 1L168 2L169 2L169 1ZM62 2L62 3L60 3L60 4L61 4L61 5L62 5L62 4L63 4L63 2ZM91 2L91 3L89 3L89 4L93 4L93 3L92 3L92 2ZM156 2L156 3L157 3L157 4L158 4L158 5L159 5L159 4L158 4L158 2ZM16 3L16 4L17 4L17 3ZM50 3L50 4L49 4L49 5L51 5L51 7L52 7L52 8L55 8L55 11L56 11L56 12L58 12L58 11L61 11L61 10L59 10L59 9L57 9L57 10L56 10L56 8L55 8L55 7L56 7L56 6L55 6L55 5L54 5L54 4L53 4L53 3ZM126 3L126 4L127 4L127 3ZM129 3L129 5L128 5L128 7L129 7L129 8L128 8L128 9L129 9L129 10L126 10L126 9L127 9L127 8L126 8L126 7L127 7L127 5L125 5L125 4L124 4L124 5L123 5L123 6L124 6L124 7L125 7L125 8L126 8L126 9L125 9L125 10L123 10L123 11L125 11L125 10L126 10L126 11L129 11L129 12L130 12L130 13L131 13L131 14L132 14L132 13L133 13L133 14L134 14L134 12L136 12L136 11L137 11L137 10L136 10L136 9L135 9L135 10L136 10L136 11L134 11L134 10L133 10L133 8L136 8L136 7L137 7L137 6L136 6L136 7L135 7L135 6L134 6L134 7L133 7L133 6L132 6L132 7L131 7L131 6L130 6L130 7L129 7L129 5L131 5L131 4L130 4L130 3ZM52 4L52 5L53 5L53 6L52 6L52 7L53 7L53 6L54 6L54 7L55 7L55 6L54 6L54 5L53 5L53 4ZM108 4L108 5L109 5L109 4ZM111 4L111 5L110 5L110 6L109 6L109 7L110 7L110 8L111 8L111 7L112 7L112 4ZM8 5L8 7L9 7L9 6L10 6L10 8L11 8L11 5ZM29 5L29 8L32 8L32 5ZM37 5L37 6L36 6L36 7L37 7L37 6L38 6L38 7L39 7L39 8L38 8L38 9L39 9L39 14L38 14L38 15L37 15L37 19L36 19L36 20L35 20L35 18L36 18L36 16L35 16L35 15L33 15L33 16L32 16L32 14L33 14L33 13L32 13L32 14L31 14L31 15L30 15L30 16L29 16L29 14L30 14L30 13L31 13L31 12L30 12L30 13L29 13L29 14L27 14L27 13L28 13L28 10L27 10L27 11L26 11L26 12L27 12L27 13L26 13L26 15L25 15L25 16L26 16L26 18L24 18L24 19L23 19L23 18L22 18L22 21L19 21L19 20L18 20L18 19L19 19L19 17L20 17L20 16L21 16L21 17L22 17L22 16L21 16L21 14L23 14L23 13L24 13L24 14L25 14L25 13L24 13L24 9L23 9L23 12L22 12L22 10L21 10L21 9L20 9L20 8L19 8L19 6L18 6L18 7L17 7L17 6L16 6L16 7L15 7L15 8L16 8L16 7L17 7L17 9L18 9L18 10L17 10L17 11L16 11L16 12L17 12L17 11L18 11L18 13L15 13L15 12L14 12L14 14L13 14L13 16L12 16L12 17L15 17L15 18L16 18L16 19L15 19L15 20L14 20L14 22L15 22L15 20L16 20L16 21L17 21L17 22L22 22L22 23L21 23L21 24L20 24L20 25L19 25L19 24L18 24L18 23L15 23L15 24L17 24L17 25L16 25L16 26L14 26L14 27L16 27L16 28L19 28L19 31L20 31L20 29L22 29L22 28L23 28L23 31L21 31L21 32L23 32L23 33L20 33L20 32L18 32L18 30L17 30L17 29L16 29L16 30L17 30L17 32L18 32L18 34L17 34L17 35L16 35L16 38L15 38L15 39L14 39L14 40L15 40L15 39L16 39L16 38L17 38L17 37L18 37L18 36L17 36L17 35L19 35L19 34L20 34L20 36L21 36L21 37L22 37L22 36L23 36L23 37L24 37L24 39L23 39L23 38L20 38L20 37L19 37L19 38L20 38L20 41L21 41L21 43L22 43L22 44L21 44L21 45L22 45L22 47L23 47L23 49L21 49L21 50L20 50L20 49L19 49L19 50L18 50L18 49L17 49L17 48L18 48L18 47L20 47L20 48L21 48L21 47L20 47L20 46L19 46L19 45L20 45L20 44L19 44L19 45L18 45L18 47L17 47L17 48L16 48L16 47L15 47L15 45L13 45L13 44L15 44L15 43L12 43L12 44L11 44L11 47L10 47L10 48L11 48L11 49L12 49L12 48L11 48L11 47L12 47L12 46L13 46L13 47L14 47L14 48L13 48L13 49L14 49L14 50L16 50L16 51L18 51L18 52L19 52L19 50L20 50L20 52L21 52L21 50L23 50L23 49L24 49L24 51L23 51L23 52L24 52L24 53L23 53L23 54L22 54L22 55L21 55L21 56L22 56L22 55L24 55L24 57L23 57L23 58L22 58L22 57L20 57L20 59L21 59L21 60L22 60L22 61L24 61L24 60L26 60L26 59L28 59L28 61L27 61L27 63L26 63L26 61L25 61L25 62L24 62L24 64L26 64L26 65L28 65L28 64L29 64L29 66L28 66L28 67L29 67L29 68L30 68L30 69L29 69L29 70L28 70L28 71L27 71L27 70L26 70L26 69L25 69L25 70L26 70L26 71L24 71L24 70L23 70L23 71L22 71L22 73L21 73L21 72L20 72L20 71L19 71L19 70L18 70L18 71L17 71L17 70L16 70L16 68L15 68L15 66L14 66L14 68L12 68L12 69L11 69L11 70L9 70L9 71L11 71L11 70L13 70L13 73L12 73L12 72L11 72L11 73L10 73L10 72L9 72L9 73L10 73L10 74L11 74L11 73L12 73L12 75L10 75L10 76L9 76L9 74L6 74L6 73L8 73L8 72L6 72L6 73L5 73L5 75L4 75L4 74L3 74L3 75L4 75L4 79L5 79L5 80L6 80L6 79L7 79L7 78L9 78L9 79L12 79L12 80L13 80L13 79L14 79L14 78L16 78L16 77L17 77L17 78L18 78L18 79L16 79L16 80L14 80L14 81L15 81L15 83L16 83L16 84L14 84L14 87L16 87L16 85L18 85L18 86L17 86L17 87L18 87L18 88L17 88L17 89L18 89L18 88L19 88L19 87L21 87L21 88L20 88L20 89L21 89L21 90L22 90L22 91L21 91L21 92L20 92L20 91L17 91L17 92L20 92L20 93L21 93L21 94L22 94L22 95L21 95L21 96L22 96L22 97L23 97L23 96L24 96L24 98L25 98L25 99L26 99L26 100L27 100L27 99L26 99L26 98L29 98L29 96L28 96L28 97L26 97L26 98L25 98L25 96L26 96L26 92L27 92L27 94L28 94L28 93L30 93L30 94L29 94L29 95L30 95L30 94L31 94L31 93L33 93L33 92L32 92L32 91L34 91L34 92L35 92L35 94L34 94L34 95L36 95L36 96L37 96L37 97L36 97L36 98L35 98L35 96L33 96L33 97L34 97L34 98L33 98L33 100L30 100L30 99L31 99L31 98L30 98L30 99L29 99L29 100L28 100L28 102L25 102L25 101L24 101L24 102L23 102L23 101L21 101L21 100L22 100L22 99L23 99L23 100L24 100L24 99L23 99L23 98L20 98L20 101L19 101L19 102L20 102L20 103L19 103L19 104L18 104L18 103L17 103L17 102L16 102L16 104L18 104L18 105L19 105L19 106L20 106L20 107L17 107L17 106L16 106L16 105L15 105L15 103L14 103L14 102L15 102L15 101L14 101L14 100L15 100L15 99L14 99L14 98L13 98L13 99L11 99L11 100L10 100L10 101L11 101L11 102L12 102L12 100L13 100L13 101L14 101L14 102L13 102L13 103L14 103L14 104L12 104L12 103L10 103L10 104L12 104L12 105L10 105L10 106L9 106L9 108L8 108L8 110L9 110L9 108L10 108L10 109L11 109L11 108L12 108L12 107L13 107L13 105L14 105L14 107L15 107L15 108L16 108L16 109L17 109L17 110L18 110L18 111L17 111L17 112L16 112L16 111L15 111L15 109L14 109L14 108L13 108L13 109L12 109L12 110L11 110L11 111L12 111L12 112L13 112L13 114L14 114L14 115L15 115L15 116L16 116L16 115L15 115L15 112L16 112L16 114L17 114L17 113L18 113L18 112L19 112L19 111L20 111L20 112L21 112L21 111L23 111L23 112L25 112L25 111L24 111L24 110L25 110L25 108L26 108L26 109L27 109L27 108L26 108L26 107L25 107L25 106L26 106L26 105L23 105L23 106L22 106L22 103L23 103L23 104L25 104L25 103L27 103L27 107L29 107L29 106L30 106L30 107L31 107L31 106L32 106L32 107L33 107L33 111L32 111L32 112L31 112L31 111L30 111L30 110L31 110L31 109L30 109L30 108L29 108L29 109L30 109L30 110L27 110L27 111L26 111L26 113L25 113L25 114L24 114L24 115L22 115L22 114L23 114L23 113L20 113L20 114L18 114L18 115L20 115L20 116L18 116L18 117L17 117L17 118L16 118L16 119L17 119L17 120L16 120L16 121L15 121L15 122L17 122L17 123L18 123L18 122L19 122L19 123L20 123L20 126L19 126L19 124L18 124L18 125L16 125L16 126L15 126L15 127L16 127L16 128L14 128L14 126L13 126L13 129L12 129L12 131L11 131L11 132L10 132L10 134L11 134L11 135L12 135L12 138L13 138L13 137L14 137L14 141L16 141L16 142L19 142L19 143L20 143L20 142L19 142L19 141L17 141L17 139L18 139L18 140L19 140L19 139L18 139L18 138L17 138L17 135L19 135L19 136L18 136L18 137L19 137L19 136L20 136L20 135L19 135L19 134L20 134L20 133L21 133L21 132L20 132L20 130L21 130L21 131L24 131L24 130L23 130L23 129L24 129L24 128L25 128L25 127L24 127L24 125L25 125L25 124L26 124L26 123L25 123L25 121L23 121L23 119L25 119L25 118L26 118L26 119L28 119L28 118L29 118L29 120L27 120L27 121L26 121L26 122L27 122L27 123L28 123L28 122L27 122L27 121L29 121L29 120L30 120L30 119L33 119L33 120L34 120L34 119L33 119L33 118L32 118L32 117L33 117L33 113L34 113L34 114L35 114L35 115L34 115L34 117L38 117L38 115L39 115L39 117L40 117L40 116L41 116L41 115L42 115L42 118L43 118L43 115L42 115L42 114L43 114L43 112L45 112L45 113L44 113L44 115L45 115L45 116L46 116L46 115L45 115L45 114L46 114L46 112L45 112L45 111L46 111L46 110L45 110L45 109L47 109L47 111L49 111L49 108L46 108L46 107L48 107L48 106L46 106L46 105L45 105L45 106L44 106L44 105L41 105L41 106L40 106L40 107L39 107L39 106L37 106L37 105L38 105L38 104L39 104L39 105L40 105L40 104L41 104L41 103L42 103L42 104L43 104L43 103L44 103L44 104L45 104L45 103L46 103L46 104L47 104L47 103L48 103L48 102L49 102L49 100L50 100L50 101L51 101L51 102L50 102L50 103L49 103L49 104L48 104L48 105L50 105L50 104L51 104L51 102L53 102L53 101L54 101L54 102L55 102L55 101L56 101L56 99L55 99L55 100L54 100L54 99L53 99L53 98L52 98L52 99L51 99L51 98L50 98L50 97L51 97L51 96L53 96L53 97L54 97L54 98L57 98L57 99L58 99L58 100L60 100L60 101L59 101L59 102L57 102L57 103L59 103L59 102L60 102L60 105L61 105L61 103L62 103L62 104L63 104L63 101L65 101L65 100L66 100L66 101L67 101L67 100L68 100L68 101L69 101L69 102L70 102L70 103L71 103L71 104L72 104L72 103L73 103L73 104L74 104L74 103L75 103L75 104L76 104L76 105L75 105L75 106L74 106L74 108L76 108L76 107L75 107L75 106L76 106L76 105L79 105L79 106L77 106L77 109L79 109L79 112L78 112L78 113L79 113L79 112L80 112L80 113L81 113L81 114L80 114L80 115L78 115L78 114L77 114L77 116L75 116L75 114L76 114L76 113L77 113L77 111L78 111L78 110L77 110L77 111L76 111L76 112L75 112L75 110L76 110L76 109L75 109L75 110L74 110L74 112L75 112L75 114L74 114L74 116L75 116L75 117L74 117L74 118L73 118L73 117L72 117L72 118L73 118L73 121L72 121L72 120L71 120L71 121L70 121L70 120L68 120L68 118L67 118L67 117L66 117L66 116L68 116L68 117L69 117L69 118L71 118L71 117L69 117L69 115L68 115L68 114L69 114L69 113L70 113L70 114L71 114L71 116L72 116L72 115L73 115L73 113L72 113L72 112L73 112L73 109L70 109L70 108L73 108L73 105L72 105L72 106L71 106L71 105L70 105L70 104L69 104L69 103L68 103L68 102L67 102L67 103L66 103L66 102L64 102L64 103L65 103L65 104L64 104L64 105L62 105L62 106L60 106L60 108L59 108L59 106L58 106L58 105L59 105L59 104L56 104L56 105L55 105L55 104L54 104L54 103L52 103L52 104L53 104L53 105L54 105L54 107L55 107L55 106L56 106L56 108L55 108L55 109L53 109L53 108L52 108L52 109L53 109L53 110L52 110L52 111L51 111L51 110L50 110L50 111L51 111L51 114L50 114L50 115L49 115L49 116L48 116L48 118L46 118L46 117L44 117L44 119L46 119L46 120L47 120L47 121L49 121L49 124L48 124L48 123L47 123L47 122L44 122L44 121L43 121L43 119L42 119L42 122L43 122L43 123L44 123L44 124L45 124L45 126L44 126L44 125L43 125L43 124L42 124L42 123L40 123L40 120L41 120L41 118L40 118L40 119L39 119L39 118L38 118L38 119L37 119L37 121L38 121L38 120L39 120L39 122L38 122L38 123L37 123L37 122L36 122L36 123L37 123L37 124L36 124L36 125L38 125L38 124L39 124L39 127L38 127L38 129L40 129L40 128L41 128L41 129L42 129L42 130L40 130L40 131L39 131L39 130L37 130L37 131L39 131L39 132L38 132L38 133L40 133L40 134L41 134L41 133L40 133L40 132L41 132L41 131L42 131L42 130L43 130L43 133L42 133L42 134L43 134L43 135L44 135L44 136L45 136L45 138L43 138L43 136L42 136L42 135L40 135L40 136L41 136L41 137L38 137L38 136L37 136L37 137L36 137L36 134L35 134L35 135L34 135L34 136L33 136L33 138L34 138L34 136L35 136L35 137L36 137L36 138L37 138L37 137L38 137L38 138L39 138L39 139L40 139L40 140L41 140L41 142L44 142L44 141L45 141L45 139L46 139L46 140L47 140L47 139L48 139L48 138L49 138L49 136L50 136L50 137L51 137L51 138L50 138L50 139L49 139L49 140L48 140L48 141L49 141L49 143L48 143L48 142L45 142L45 143L44 143L44 144L45 144L45 143L48 143L48 144L47 144L47 145L49 145L49 146L48 146L48 147L47 147L47 148L48 148L48 149L47 149L47 150L46 150L46 149L45 149L45 150L44 150L44 149L43 149L43 148L42 148L42 147L37 147L37 148L41 148L41 149L42 149L42 150L43 150L43 151L44 151L44 152L45 152L45 151L46 151L46 152L47 152L47 151L48 151L48 150L49 150L49 149L50 149L50 147L51 147L51 149L52 149L52 148L53 148L53 150L52 150L52 151L51 151L51 150L50 150L50 151L49 151L49 152L48 152L48 154L46 154L46 153L45 153L45 154L44 154L44 153L43 153L43 152L42 152L42 151L41 151L41 150L40 150L40 151L39 151L39 149L38 149L38 151L36 151L36 150L37 150L37 149L36 149L36 150L35 150L35 149L33 149L33 148L31 148L31 147L30 147L30 148L31 148L31 149L30 149L30 150L31 150L31 151L32 151L32 152L31 152L31 155L28 155L28 157L26 157L26 155L25 155L25 157L26 157L26 158L27 158L27 159L28 159L28 160L29 160L29 161L25 161L25 162L24 162L24 161L23 161L23 162L24 162L24 163L25 163L25 164L27 164L27 163L26 163L26 162L28 162L28 163L29 163L29 164L30 164L30 163L29 163L29 161L30 161L30 160L29 160L29 159L31 159L31 157L34 157L34 158L35 158L35 157L36 157L36 156L35 156L35 154L36 154L36 153L40 153L40 152L41 152L41 153L42 153L42 154L43 154L43 155L44 155L44 156L45 156L45 154L46 154L46 155L47 155L47 157L48 157L48 158L45 158L45 157L44 157L44 158L43 158L43 156L42 156L42 158L41 158L41 159L42 159L42 158L43 158L43 159L48 159L48 160L47 160L47 162L46 162L46 161L44 161L44 160L43 160L43 161L42 161L42 162L41 162L41 163L42 163L42 164L41 164L41 165L42 165L42 166L43 166L43 167L44 167L44 168L45 168L45 169L47 169L47 170L45 170L45 171L44 171L44 172L43 172L43 171L40 171L40 172L41 172L41 173L42 173L42 174L43 174L43 173L44 173L44 172L45 172L45 171L46 171L46 172L47 172L47 171L48 171L48 170L49 170L49 171L51 171L51 172L52 172L52 171L51 171L51 170L52 170L52 169L51 169L51 170L49 170L49 168L52 168L52 167L51 167L51 165L52 165L52 164L53 164L53 165L54 165L54 166L55 166L55 167L56 167L56 165L58 165L58 166L59 166L59 167L60 167L60 166L61 166L61 164L62 164L62 165L63 165L63 167L65 167L65 168L64 168L64 169L65 169L65 168L66 168L66 169L67 169L67 168L68 168L68 169L69 169L69 167L68 167L68 166L64 166L64 165L63 165L63 164L64 164L64 163L63 163L63 161L65 161L65 160L66 160L66 161L67 161L67 162L68 162L68 163L69 163L69 164L67 164L67 163L66 163L66 162L65 162L65 165L69 165L69 166L70 166L70 167L71 167L71 165L70 165L70 164L72 164L72 163L73 163L73 164L74 164L74 163L75 163L75 162L76 162L76 161L79 161L79 160L80 160L80 161L81 161L81 162L82 162L82 161L81 161L81 160L82 160L82 159L80 159L80 158L79 158L79 159L78 159L78 158L77 158L77 160L76 160L76 157L77 157L77 156L78 156L78 157L80 157L80 156L79 156L79 155L80 155L80 153L79 153L79 152L81 152L81 154L82 154L82 155L83 155L83 156L84 156L84 157L83 157L83 158L84 158L84 159L83 159L83 160L85 160L85 162L83 162L83 164L85 164L85 162L86 162L86 161L89 161L89 159L90 159L90 160L91 160L91 158L90 158L90 157L89 157L89 155L88 155L88 156L87 156L87 155L86 155L86 156L87 156L87 159L86 159L86 160L85 160L85 158L84 158L84 157L85 157L85 154L83 154L83 153L82 153L82 152L87 152L87 154L88 154L88 152L91 152L91 151L92 151L92 152L93 152L93 153L89 153L89 154L94 154L94 153L95 153L95 154L96 154L96 155L95 155L95 157L96 157L96 156L98 156L98 157L97 157L97 158L96 158L96 159L98 159L98 157L99 157L99 158L102 158L102 157L104 157L104 158L103 158L103 159L102 159L102 160L103 160L103 161L104 161L104 162L105 162L105 161L106 161L106 160L105 160L105 161L104 161L104 158L105 158L105 157L107 157L107 156L105 156L105 155L104 155L104 156L103 156L103 153L104 153L104 154L105 154L105 153L106 153L106 154L107 154L107 155L109 155L109 156L110 156L110 157L108 157L108 159L107 159L107 161L108 161L108 160L109 160L109 159L110 159L110 158L111 158L111 160L112 160L112 157L111 157L111 156L110 156L110 154L111 154L111 155L113 155L113 157L114 157L114 158L117 158L117 160L116 160L116 159L115 159L115 160L114 160L114 159L113 159L113 161L110 161L110 163L113 163L113 164L115 164L115 165L114 165L114 166L115 166L115 165L116 165L116 166L117 166L117 168L118 168L118 169L119 169L119 170L120 170L120 169L121 169L121 168L124 168L124 167L125 167L125 168L126 168L126 167L127 167L127 166L128 166L128 167L129 167L129 168L130 168L130 169L131 169L131 170L133 170L133 171L134 171L134 168L133 168L133 167L134 167L134 165L135 165L135 164L136 164L136 163L137 163L137 164L138 164L138 163L139 163L139 165L140 165L140 163L139 163L139 162L140 162L140 160L141 160L141 158L142 158L142 159L144 159L144 158L145 158L145 157L146 157L146 156L147 156L147 157L148 157L148 156L149 156L149 155L150 155L150 154L151 154L151 155L152 155L152 156L151 156L151 157L150 157L150 158L151 158L151 159L152 159L152 158L151 158L151 157L152 157L152 156L153 156L153 155L156 155L156 154L157 154L157 152L156 152L156 151L157 151L157 150L156 150L156 151L155 151L155 150L154 150L154 149L153 149L153 150L152 150L152 148L153 148L153 147L154 147L154 148L155 148L155 149L158 149L158 148L159 148L159 149L160 149L160 148L162 148L162 147L161 147L161 146L163 146L163 143L159 143L159 142L157 142L157 141L158 141L158 140L159 140L159 141L160 141L160 142L163 142L163 140L162 140L162 139L161 139L161 138L160 138L160 139L159 139L159 138L158 138L158 139L157 139L157 138L156 138L156 139L155 139L155 138L154 138L154 137L153 137L153 138L152 138L152 136L153 136L153 135L152 135L152 133L151 133L151 131L150 131L150 133L149 133L149 134L148 134L148 135L147 135L147 134L146 134L146 135L145 135L145 134L144 134L144 135L143 135L143 134L141 134L141 133L144 133L144 132L145 132L145 133L146 133L146 132L147 132L147 133L148 133L148 132L149 132L149 130L148 130L148 131L147 131L147 130L146 130L146 131L145 131L145 130L143 130L143 132L142 132L142 131L141 131L141 130L139 130L139 129L138 129L138 128L137 128L137 131L141 131L141 133L140 133L140 132L139 132L139 133L138 133L138 132L137 132L137 134L138 134L138 135L139 135L139 134L140 134L140 135L141 135L141 137L142 137L142 138L143 138L143 137L144 137L144 136L145 136L145 138L144 138L144 139L145 139L145 140L142 140L142 139L141 139L141 138L140 138L140 136L139 136L139 137L138 137L138 136L137 136L137 137L136 137L136 138L135 138L135 136L134 136L134 138L135 138L135 139L134 139L134 140L133 140L133 139L132 139L132 140L130 140L130 138L127 138L127 137L126 137L126 136L125 136L125 137L124 137L124 138L123 138L123 139L118 139L118 138L117 138L117 140L116 140L116 139L115 139L115 140L112 140L112 139L113 139L113 136L114 136L114 138L116 138L116 137L117 137L117 136L118 136L118 137L119 137L119 138L122 138L122 137L123 137L123 135L125 135L125 134L123 134L123 135L122 135L122 136L121 136L121 135L120 135L120 137L119 137L119 135L118 135L118 134L116 134L116 135L115 135L115 134L113 134L113 133L115 133L115 132L116 132L116 133L117 133L117 132L118 132L118 133L119 133L119 134L120 134L120 133L121 133L121 134L122 134L122 133L123 133L123 131L126 131L126 132L125 132L125 133L126 133L126 132L127 132L127 133L128 133L128 132L127 132L127 130L128 130L128 131L129 131L129 134L128 134L128 135L127 135L127 134L126 134L126 135L127 135L127 136L128 136L128 135L129 135L129 136L130 136L130 137L131 137L131 138L132 138L132 137L133 137L133 135L132 135L132 136L131 136L131 135L130 135L130 132L131 132L131 134L132 134L132 133L133 133L133 134L134 134L134 133L136 133L136 132L135 132L135 131L136 131L136 130L135 130L135 131L134 131L134 132L133 132L133 130L134 130L134 129L135 129L135 128L136 128L136 127L137 127L137 125L136 125L136 126L135 126L135 127L134 127L134 128L133 128L133 127L132 127L132 128L131 128L131 127L130 127L130 126L126 126L126 127L129 127L129 129L128 129L128 128L127 128L127 129L126 129L126 128L125 128L125 130L123 130L123 129L122 129L122 128L124 128L124 127L125 127L125 125L127 125L127 124L128 124L128 125L129 125L129 124L130 124L130 125L131 125L131 126L132 126L132 125L133 125L133 123L132 123L132 124L131 124L131 123L130 123L130 122L132 122L132 121L133 121L133 118L134 118L134 117L135 117L135 120L134 120L134 122L135 122L135 123L134 123L134 124L136 124L136 122L137 122L137 120L136 120L136 118L138 118L138 120L139 120L139 122L138 122L138 124L139 124L139 126L138 126L138 127L139 127L139 126L140 126L140 127L141 127L141 125L142 125L142 126L143 126L143 125L144 125L144 124L145 124L145 126L144 126L144 127L145 127L145 126L146 126L146 127L147 127L147 126L146 126L146 124L149 124L149 125L150 125L150 126L151 126L151 125L152 125L152 126L154 126L154 127L156 127L156 126L157 126L157 125L158 125L158 123L157 123L157 124L156 124L156 125L155 125L155 126L154 126L154 125L152 125L152 124L153 124L153 123L154 123L154 124L155 124L155 123L156 123L156 122L158 122L158 121L157 121L157 120L154 120L154 121L151 121L151 119L152 119L152 120L153 120L153 118L152 118L152 117L148 117L148 116L149 116L149 114L148 114L148 115L147 115L147 114L146 114L146 115L147 115L147 118L146 118L146 119L145 119L145 118L144 118L144 119L143 119L143 120L141 120L141 121L140 121L140 120L139 120L139 117L140 117L140 118L141 118L141 117L142 117L142 118L143 118L143 117L145 117L145 113L146 113L146 112L147 112L147 113L148 113L148 112L149 112L149 111L150 111L150 112L151 112L151 111L150 111L150 110L151 110L151 108L150 108L150 107L148 107L148 106L146 106L146 107L145 107L145 105L144 105L144 106L143 106L143 107L142 107L142 106L141 106L141 104L142 104L142 105L143 105L143 104L144 104L144 103L147 103L147 105L148 105L148 104L149 104L149 105L150 105L150 106L151 106L151 107L152 107L152 108L153 108L153 111L152 111L152 112L153 112L153 111L154 111L154 112L155 112L155 110L154 110L154 108L153 108L153 107L154 107L154 106L152 106L152 105L150 105L150 104L151 104L151 103L152 103L152 104L153 104L153 103L154 103L154 104L155 104L155 106L156 106L156 107L155 107L155 109L157 109L157 108L156 108L156 107L157 107L157 106L156 106L156 105L157 105L157 101L158 101L158 100L161 100L161 99L159 99L159 98L158 98L158 99L157 99L157 100L156 100L156 101L155 101L155 102L154 102L154 101L153 101L153 102L152 102L152 101L149 101L149 102L148 102L148 103L147 103L147 102L145 102L145 101L146 101L146 100L147 100L147 101L148 101L148 100L149 100L149 99L150 99L150 100L153 100L153 99L156 99L156 98L157 98L157 96L155 96L155 95L156 95L156 94L158 94L158 93L157 93L157 92L156 92L156 93L155 93L155 95L154 95L154 93L153 93L153 94L152 94L152 93L151 93L151 91L149 91L149 90L148 90L148 91L147 91L147 92L146 92L146 93L144 93L144 94L143 94L143 95L142 95L142 96L144 96L144 95L145 95L145 97L144 97L144 98L143 98L143 97L142 97L142 98L141 98L141 97L140 97L140 95L141 95L141 93L140 93L140 92L139 92L139 93L140 93L140 95L139 95L139 96L138 96L138 97L136 97L136 98L135 98L135 99L134 99L134 100L135 100L135 101L136 101L136 102L135 102L135 103L134 103L134 104L133 104L133 103L132 103L132 104L133 104L133 106L132 106L132 105L131 105L131 106L132 106L132 107L129 107L129 106L130 106L130 104L131 104L131 103L130 103L130 102L129 102L129 103L130 103L130 104L128 104L128 106L126 106L126 105L127 105L127 104L126 104L126 103L128 103L128 102L127 102L127 101L128 101L128 100L127 100L127 98L128 98L128 99L129 99L129 100L130 100L130 101L131 101L131 102L132 102L132 101L133 101L133 99L132 99L132 100L131 100L131 99L130 99L130 98L129 98L129 97L128 97L128 95L129 95L129 96L130 96L130 97L131 97L131 95L129 95L129 94L131 94L131 93L130 93L130 92L131 92L131 91L130 91L130 90L129 90L129 89L128 89L128 88L127 88L127 89L126 89L126 88L125 88L125 90L124 90L124 87L125 87L125 86L124 86L124 83L125 83L125 82L126 82L126 83L127 83L127 82L128 82L128 81L126 81L126 80L125 80L125 81L124 81L124 82L123 82L123 83L122 83L122 84L121 84L121 82L122 82L122 80L124 80L124 79L127 79L127 78L125 78L125 77L124 77L124 78L123 78L123 79L122 79L122 77L123 77L123 76L124 76L124 75L122 75L122 76L121 76L121 75L120 75L120 76L119 76L119 75L117 75L117 73L116 73L116 71L118 71L118 72L119 72L119 71L118 71L118 70L116 70L116 69L117 69L117 68L118 68L118 69L119 69L119 70L120 70L120 69L121 69L121 67L120 67L120 68L119 68L119 67L118 67L118 66L117 66L117 65L119 65L119 66L120 66L120 65L121 65L121 66L122 66L122 65L123 65L123 64L124 64L124 63L125 63L125 65L124 65L124 66L123 66L123 67L122 67L122 68L124 68L124 67L127 67L127 66L128 66L128 67L129 67L129 68L130 68L130 69L131 69L131 70L132 70L132 69L131 69L131 67L130 67L130 66L129 66L129 65L128 65L128 64L126 64L126 63L127 63L127 62L128 62L128 63L129 63L129 64L130 64L130 65L131 65L131 66L132 66L132 65L133 65L133 67L132 67L132 68L133 68L133 69L134 69L134 68L136 68L136 69L137 69L137 70L136 70L136 71L134 71L134 70L133 70L133 71L131 71L131 74L134 74L134 72L136 72L136 71L137 71L137 73L140 73L140 74L141 74L141 75L140 75L140 76L142 76L142 75L144 75L144 74L145 74L145 73L146 73L146 72L147 72L147 73L148 73L148 72L149 72L149 73L150 73L150 74L146 74L146 75L145 75L145 76L144 76L144 77L143 77L143 79L144 79L144 78L146 78L146 76L149 76L149 75L150 75L150 76L151 76L151 75L152 75L152 76L153 76L153 75L154 75L154 76L156 76L156 75L157 75L157 73L158 73L158 72L159 72L159 73L160 73L160 72L161 72L161 70L163 70L163 69L164 69L164 68L165 68L165 67L166 67L166 68L167 68L167 67L169 67L169 68L168 68L168 69L167 69L167 70L168 70L168 69L170 69L170 68L173 68L173 67L171 67L171 66L170 66L170 67L169 67L169 66L166 66L166 65L165 65L165 67L164 67L164 65L163 65L163 64L162 64L162 63L161 63L161 62L160 62L160 63L159 63L159 62L158 62L158 63L157 63L157 62L156 62L156 63L155 63L155 62L154 62L154 61L153 61L153 62L152 62L152 60L153 60L153 59L154 59L154 60L155 60L155 61L157 61L157 60L158 60L158 61L160 61L160 60L163 60L163 61L162 61L162 62L163 62L163 63L164 63L164 64L165 64L165 63L167 63L167 62L164 62L164 60L165 60L165 59L164 59L164 60L163 60L163 59L162 59L162 58L164 58L164 56L165 56L165 55L164 55L164 54L163 54L163 52L162 52L162 51L161 51L161 50L160 50L160 51L159 51L159 50L158 50L158 51L157 51L157 48L159 48L159 49L160 49L160 48L161 48L161 49L162 49L162 50L163 50L163 51L164 51L164 52L165 52L165 51L166 51L166 52L168 52L168 51L167 51L167 50L168 50L168 49L167 49L167 50L164 50L164 48L163 48L163 47L164 47L164 46L163 46L163 45L164 45L164 44L163 44L163 43L164 43L164 41L163 41L163 40L162 40L162 39L161 39L161 38L160 38L160 39L159 39L159 38L158 38L158 39L157 39L157 36L155 36L155 37L156 37L156 39L155 39L155 38L154 38L154 37L152 37L152 36L153 36L153 35L152 35L152 34L151 34L151 33L150 33L150 35L152 35L152 36L151 36L151 37L150 37L150 38L151 38L151 37L152 37L152 38L154 38L154 39L155 39L155 40L156 40L156 41L155 41L155 42L152 42L152 41L151 41L151 40L153 40L153 39L151 39L151 40L150 40L150 39L148 39L148 38L146 38L146 37L147 37L147 36L149 36L149 35L146 35L146 37L144 37L144 38L143 38L143 37L142 37L142 36L140 36L140 35L141 35L141 34L140 34L140 35L139 35L139 34L138 34L138 35L139 35L139 36L140 36L140 38L139 38L139 37L138 37L138 36L137 36L137 37L136 37L136 38L135 38L135 39L134 39L134 40L133 40L133 39L132 39L132 41L128 41L128 40L126 40L126 39L130 39L130 40L131 40L131 39L130 39L130 38L127 38L127 37L126 37L126 36L125 36L125 37L124 37L124 38L123 38L123 39L122 39L122 40L121 40L121 39L116 39L116 41L117 41L117 40L119 40L119 41L118 41L118 42L117 42L117 44L116 44L116 43L111 43L111 44L110 44L110 42L111 42L111 41L113 41L113 42L115 42L115 40L114 40L114 39L111 39L111 37L114 37L114 38L115 38L115 36L114 36L114 35L111 35L111 34L113 34L113 33L114 33L114 34L115 34L115 35L117 35L117 36L118 36L118 37L119 37L119 38L122 38L122 37L123 37L123 36L124 36L124 35L125 35L125 32L123 32L123 31L122 31L122 32L121 32L121 31L120 31L120 30L121 30L121 29L120 29L120 30L119 30L119 29L118 29L118 28L117 28L117 27L115 27L115 26L113 26L113 27L115 27L115 28L110 28L110 29L109 29L109 30L107 30L107 29L108 29L108 28L106 28L106 27L105 27L105 28L103 28L103 26L102 26L102 25L100 25L100 26L99 26L99 24L98 24L98 25L97 25L97 26L96 26L96 27L95 27L95 28L93 28L93 27L92 27L92 26L93 26L93 25L94 25L94 26L95 26L95 25L96 25L96 24L97 24L97 22L101 22L101 23L102 23L102 24L103 24L103 25L104 25L104 26L106 26L106 25L105 25L105 24L106 24L106 22L107 22L107 25L108 25L108 24L110 24L110 23L109 23L109 22L110 22L110 21L109 21L109 20L110 20L110 18L111 18L111 19L112 19L112 20L111 20L111 21L112 21L112 20L114 20L114 21L115 21L115 23L114 23L114 22L112 22L112 23L111 23L111 25L112 25L112 24L114 24L114 25L115 25L115 24L116 24L116 25L117 25L117 24L118 24L118 25L119 25L119 26L121 26L121 24L123 24L123 23L120 23L120 25L119 25L119 23L118 23L118 22L117 22L117 23L116 23L116 21L118 21L118 20L119 20L119 22L120 22L120 21L121 21L121 22L122 22L122 21L123 21L123 20L124 20L124 19L127 19L127 18L128 18L128 19L129 19L129 22L128 22L128 23L129 23L129 24L130 24L130 25L131 25L131 26L132 26L132 25L133 25L133 26L135 26L135 25L134 25L134 24L135 24L135 23L136 23L136 22L135 22L135 23L134 23L134 21L133 21L133 20L135 20L135 21L136 21L136 20L135 20L135 19L136 19L136 18L135 18L135 19L132 19L132 18L134 18L134 17L135 17L135 16L136 16L136 15L137 15L137 13L136 13L136 14L135 14L135 15L134 15L134 16L133 16L133 15L132 15L132 16L133 16L133 17L131 17L131 19L130 19L130 16L131 16L131 15L130 15L130 14L129 14L129 13L128 13L128 12L127 12L127 13L126 13L126 12L123 12L123 13L122 13L122 14L121 14L121 15L120 15L120 16L119 16L119 15L118 15L118 14L117 14L117 15L118 15L118 16L116 16L116 15L115 15L115 14L114 14L114 15L115 15L115 16L114 16L114 17L115 17L115 19L114 19L114 18L113 18L113 17L111 17L111 16L113 16L113 15L112 15L112 14L110 14L110 15L111 15L111 16L110 16L110 17L109 17L109 14L108 14L108 15L107 15L107 16L106 16L106 15L105 15L105 17L104 17L104 15L103 15L103 14L102 14L102 13L100 13L100 12L101 12L101 11L99 11L99 12L98 12L98 13L97 13L97 14L96 14L96 15L95 15L95 14L94 14L94 13L92 13L92 12L91 12L91 10L90 10L90 9L89 9L89 10L88 10L88 11L87 11L87 10L86 10L86 11L84 11L84 12L83 12L83 11L82 11L82 10L84 10L84 9L82 9L82 8L80 8L80 9L79 9L79 10L77 10L77 11L76 11L76 12L75 12L75 11L74 11L74 12L75 12L75 13L74 13L74 14L73 14L73 13L72 13L72 14L71 14L71 13L70 13L70 12L69 12L69 13L70 13L70 14L68 14L68 16L72 16L72 15L73 15L73 16L74 16L74 15L76 15L76 16L75 16L75 17L74 17L74 18L73 18L73 17L72 17L72 20L74 20L74 21L75 21L75 20L74 20L74 19L76 19L76 18L75 18L75 17L79 17L79 18L78 18L78 19L77 19L77 20L76 20L76 21L77 21L77 23L79 23L79 24L78 24L78 25L79 25L79 24L80 24L80 25L81 25L81 27L80 27L80 28L79 28L79 27L78 27L78 26L77 26L77 27L76 27L76 28L75 28L75 29L72 29L72 30L71 30L71 29L70 29L70 30L71 30L71 31L73 31L73 30L75 30L75 31L74 31L74 32L71 32L71 33L69 33L69 32L70 32L70 31L68 31L68 30L65 30L65 31L64 31L64 32L63 32L63 33L62 33L62 32L61 32L61 31L62 31L62 30L64 30L64 29L67 29L67 28L66 28L66 27L67 27L67 26L66 26L66 25L67 25L67 23L66 23L66 22L64 22L64 23L65 23L65 24L63 24L63 25L61 25L61 27L60 27L60 28L59 28L59 27L58 27L58 25L57 25L57 24L56 24L56 22L55 22L55 23L54 23L54 22L52 22L52 23L51 23L51 22L50 22L50 19L51 19L51 18L50 18L50 19L49 19L49 20L48 20L48 23L49 23L49 24L48 24L48 25L47 25L47 26L46 26L46 25L45 25L45 26L44 26L44 25L43 25L43 24L42 24L42 23L40 23L40 24L41 24L41 25L39 25L39 23L38 23L38 25L39 25L39 26L38 26L38 27L37 27L37 26L36 26L36 25L33 25L33 26L32 26L32 24L35 24L35 22L36 22L36 24L37 24L37 20L38 20L38 19L39 19L39 21L40 21L40 22L41 22L41 21L40 21L40 20L41 20L41 19L42 19L42 18L43 18L43 19L44 19L44 18L43 18L43 17L44 17L44 16L42 16L42 15L40 15L40 12L41 12L41 13L42 13L42 14L43 14L43 15L44 15L44 13L43 13L43 12L42 12L42 11L40 11L40 8L41 8L41 5L40 5L40 7L39 7L39 5ZM57 5L57 8L60 8L60 5ZM66 5L66 9L67 9L67 5ZM85 5L85 8L88 8L88 5ZM91 5L91 7L92 7L92 8L93 8L93 7L94 7L94 8L95 8L95 7L96 7L96 6L95 6L95 7L94 7L94 6L93 6L93 5ZM113 5L113 8L116 8L116 5ZM141 5L141 8L144 8L144 5ZM20 6L20 7L21 7L21 6ZM23 6L23 7L24 7L24 6ZM26 6L26 7L27 7L27 6ZM30 6L30 7L31 7L31 6ZM34 6L34 7L35 7L35 6ZM42 6L42 10L43 10L43 9L44 9L44 8L43 8L43 6ZM58 6L58 7L59 7L59 6ZM70 6L70 7L71 7L71 6ZM74 6L74 7L75 7L75 6ZM80 6L80 7L81 7L81 6ZM86 6L86 7L87 7L87 6ZM92 6L92 7L93 7L93 6ZM98 6L98 7L99 7L99 6ZM104 6L104 7L105 7L105 6ZM110 6L110 7L111 7L111 6ZM114 6L114 7L115 7L115 6ZM125 6L125 7L126 7L126 6ZM142 6L142 7L143 7L143 6ZM151 6L151 7L150 7L150 8L151 8L151 9L153 9L153 8L152 8L152 6ZM156 6L156 7L157 7L157 8L158 8L158 7L157 7L157 6ZM165 6L165 8L167 8L167 7L166 7L166 6ZM47 7L47 9L49 9L49 12L50 12L50 11L51 11L51 10L50 10L50 9L49 9L49 8L48 8L48 7ZM130 7L130 8L129 8L129 9L130 9L130 8L131 8L131 10L130 10L130 11L131 11L131 12L132 12L132 11L133 11L133 12L134 12L134 11L133 11L133 10L132 10L132 8L131 8L131 7ZM18 8L18 9L19 9L19 8ZM36 8L36 9L35 9L35 10L36 10L36 11L38 11L38 10L36 10L36 9L37 9L37 8ZM106 8L106 9L107 9L107 8ZM2 9L2 10L3 10L3 9ZM71 9L71 10L72 10L72 9ZM80 9L80 11L81 11L81 10L82 10L82 9ZM139 9L139 10L138 10L138 12L140 12L140 13L144 13L144 12L145 12L145 14L146 14L146 15L147 15L147 14L146 14L146 12L147 12L147 13L148 13L148 12L149 12L149 11L150 11L150 10L149 10L149 11L148 11L148 9L147 9L147 10L146 10L146 11L145 11L145 10L144 10L144 11L143 11L143 12L141 12L141 11L140 11L140 9ZM154 9L154 10L155 10L155 9ZM19 10L19 11L20 11L20 14L21 14L21 11L20 11L20 10ZM57 10L57 11L58 11L58 10ZM66 10L66 13L68 13L68 12L67 12L67 11L68 11L68 10ZM118 10L118 11L119 11L119 10ZM131 10L131 11L132 11L132 10ZM172 10L172 11L175 11L175 10ZM5 11L5 12L4 12L4 13L5 13L5 12L6 12L6 13L7 13L7 12L6 12L6 11ZM33 11L33 12L34 12L34 14L36 14L36 12L34 12L34 11ZM89 11L89 12L88 12L88 13L87 13L87 12L86 12L86 13L84 13L84 14L82 14L82 13L83 13L83 12L81 12L81 13L80 13L80 12L79 12L79 13L78 13L78 12L77 12L77 13L76 13L76 14L78 14L78 15L80 15L80 16L81 16L81 15L82 15L82 17L83 17L83 16L84 16L84 15L85 15L85 17L84 17L84 18L83 18L83 19L82 19L82 18L81 18L81 17L80 17L80 18L79 18L79 20L80 20L80 18L81 18L81 20L82 20L82 21L84 21L84 20L83 20L83 19L86 19L86 21L85 21L85 22L84 22L84 23L86 23L86 22L87 22L87 19L86 19L86 18L87 18L87 15L88 15L88 14L89 14L89 13L90 13L90 14L92 14L92 15L93 15L93 16L92 16L92 17L93 17L93 18L91 18L91 19L92 19L92 20L93 20L93 18L94 18L94 20L96 20L96 19L95 19L95 18L97 18L97 17L98 17L98 16L99 16L99 17L100 17L100 16L102 16L102 17L101 17L101 18L100 18L100 19L99 19L99 18L98 18L98 19L99 19L99 21L101 21L101 22L102 22L102 21L103 21L103 23L104 23L104 24L105 24L105 22L104 22L104 21L103 21L103 20L101 20L101 19L102 19L102 17L103 17L103 18L104 18L104 20L105 20L105 21L106 21L106 20L108 20L108 19L107 19L107 18L109 18L109 17L107 17L107 18L106 18L106 17L105 17L105 18L104 18L104 17L103 17L103 16L102 16L102 15L101 15L101 14L100 14L100 13L99 13L99 14L98 14L98 15L97 15L97 17L93 17L93 16L95 16L95 15L93 15L93 14L92 14L92 13L91 13L91 12L90 12L90 11ZM93 11L93 12L94 12L94 11ZM106 11L106 12L107 12L107 11ZM8 12L8 14L6 14L6 15L8 15L8 16L9 16L9 15L10 15L10 13L9 13L9 12ZM37 12L37 13L38 13L38 12ZM18 13L18 14L15 14L15 15L14 15L14 16L15 16L15 17L18 17L18 14L19 14L19 13ZM62 13L62 14L61 14L61 15L60 15L60 16L59 16L59 18L60 18L60 17L61 17L61 15L62 15L62 14L63 14L63 13ZM124 13L124 14L122 14L122 15L124 15L124 16L122 16L122 17L123 17L123 18L121 18L121 17L120 17L120 18L117 18L117 17L116 17L116 20L115 20L115 21L116 21L116 20L117 20L117 19L119 19L119 20L120 20L120 19L121 19L121 20L122 20L122 19L123 19L123 18L124 18L124 17L125 17L125 16L126 16L126 17L127 17L127 16L128 16L128 17L129 17L129 15L128 15L128 14L127 14L127 15L126 15L126 14L125 14L125 13ZM152 13L152 14L154 14L154 13ZM8 14L8 15L9 15L9 14ZM65 14L65 15L64 15L64 16L63 16L63 17L62 17L62 18L61 18L61 19L60 19L60 22L61 22L61 20L62 20L62 19L63 19L63 18L64 18L64 17L65 17L65 16L66 16L66 17L67 17L67 15L66 15L66 14ZM70 14L70 15L71 15L71 14ZM86 14L86 15L87 15L87 14ZM99 14L99 15L100 15L100 14ZM124 14L124 15L125 15L125 14ZM16 15L16 16L17 16L17 15ZM19 15L19 16L20 16L20 15ZM26 15L26 16L27 16L27 17L29 17L29 18L30 18L30 19L32 19L32 16L30 16L30 17L29 17L29 16L27 16L27 15ZM39 15L39 16L38 16L38 18L39 18L39 19L40 19L40 18L42 18L42 17L41 17L41 16L40 16L40 15ZM89 15L89 16L88 16L88 19L89 19L89 20L88 20L88 21L90 21L90 22L91 22L91 23L92 23L92 24L90 24L90 23L88 23L88 25L87 25L87 24L86 24L86 25L84 25L84 26L83 26L83 25L82 25L82 27L81 27L81 28L80 28L80 29L81 29L81 28L82 28L82 29L83 29L83 30L84 30L84 29L83 29L83 28L84 28L84 27L86 27L86 26L87 26L87 27L88 27L88 26L89 26L89 25L90 25L90 26L92 26L92 24L93 24L93 23L94 23L94 24L95 24L95 22L94 22L94 21L93 21L93 22L92 22L92 21L91 21L91 20L90 20L90 19L89 19L89 18L90 18L90 17L89 17L89 16L90 16L90 15ZM165 15L165 16L164 16L164 18L165 18L165 17L166 17L166 18L167 18L167 17L170 17L170 18L171 18L171 17L170 17L170 16L169 16L169 15L168 15L168 16L166 16L166 15ZM6 16L6 17L7 17L7 18L8 18L8 17L7 17L7 16ZM23 16L23 17L24 17L24 16ZM34 16L34 17L35 17L35 16ZM39 16L39 17L40 17L40 16ZM45 16L45 21L47 21L47 19L46 19L46 16ZM118 16L118 17L119 17L119 16ZM137 16L137 19L139 19L139 17L138 17L138 16ZM151 16L151 17L152 17L152 18L153 18L153 16ZM160 16L160 17L161 17L161 18L162 18L162 17L161 17L161 16ZM9 17L9 18L10 18L10 19L14 19L14 18L11 18L11 17ZM69 17L69 18L68 18L68 20L67 20L67 18L66 18L66 21L69 21L69 22L70 22L70 23L71 23L71 21L70 21L70 20L69 20L69 18L70 18L70 19L71 19L71 17ZM85 17L85 18L86 18L86 17ZM173 17L173 18L174 18L174 19L175 19L175 20L176 20L176 18L174 18L174 17ZM27 18L27 19L25 19L25 20L24 20L24 22L23 22L23 23L22 23L22 24L24 24L24 25L21 25L21 26L23 26L23 27L24 27L24 28L25 28L25 29L24 29L24 31L25 31L25 33L23 33L23 35L24 35L24 37L25 37L25 40L24 40L24 42L25 42L25 41L26 41L26 42L27 42L27 45L26 45L26 43L25 43L25 47L24 47L24 49L25 49L25 47L27 47L27 49L26 49L26 50L25 50L25 52L26 52L26 51L27 51L27 53L26 53L26 54L25 54L25 56L26 56L26 54L28 54L28 56L27 56L27 58L28 58L28 56L30 56L30 55L31 55L31 56L33 56L33 57L35 57L35 58L33 58L33 59L36 59L36 60L33 60L33 61L32 61L32 63L30 63L30 66L32 66L32 67L31 67L31 68L32 68L32 69L31 69L31 70L29 70L29 72L27 72L27 74L26 74L26 72L24 72L24 71L23 71L23 72L24 72L24 73L23 73L23 74L22 74L22 75L21 75L21 74L20 74L20 72L19 72L19 71L18 71L18 72L17 72L17 73L16 73L16 74L15 74L15 75L13 75L13 76L15 76L15 77L16 77L16 76L18 76L18 77L19 77L19 78L22 78L22 79L21 79L21 81L20 81L20 83L19 83L19 82L17 82L17 84L20 84L20 85L22 85L22 86L21 86L21 87L22 87L22 88L24 88L24 89L26 89L26 90L25 90L25 92L24 92L24 93L25 93L25 92L26 92L26 91L28 91L28 92L31 92L31 91L30 91L30 90L29 90L29 91L28 91L28 90L27 90L27 89L28 89L28 86L27 86L27 84L30 84L30 83L29 83L29 82L31 82L31 84L32 84L32 83L33 83L33 84L35 84L35 83L36 83L36 82L35 82L35 81L36 81L36 80L37 80L37 79L38 79L38 81L37 81L37 83L38 83L38 82L40 82L40 83L39 83L39 84L38 84L38 85L36 85L36 87L33 87L33 88L36 88L36 90L37 90L37 89L38 89L38 90L39 90L39 91L38 91L38 92L39 92L39 93L37 93L37 94L36 94L36 95L38 95L38 94L39 94L39 93L40 93L40 95L41 95L41 96L40 96L40 97L39 97L39 96L38 96L38 97L37 97L37 99L35 99L35 101L34 101L34 102L35 102L35 103L34 103L34 104L35 104L35 103L37 103L37 104L38 104L38 103L37 103L37 102L39 102L39 103L40 103L40 102L42 102L42 103L43 103L43 102L42 102L42 101L41 101L41 100L40 100L40 101L39 101L39 100L38 100L38 101L37 101L37 99L38 99L38 98L39 98L39 99L40 99L40 98L41 98L41 99L42 99L42 100L43 100L43 101L44 101L44 102L45 102L45 101L46 101L46 102L47 102L47 101L48 101L48 100L49 100L49 99L50 99L50 98L48 98L48 99L47 99L47 100L46 100L46 99L45 99L45 100L44 100L44 99L43 99L43 98L42 98L42 97L44 97L44 98L45 98L45 96L43 96L43 95L44 95L44 93L45 93L45 92L44 92L44 91L43 91L43 90L42 90L42 89L44 89L44 90L45 90L45 89L46 89L46 90L47 90L47 91L46 91L46 94L47 94L47 95L46 95L46 98L47 98L47 97L48 97L48 96L49 96L49 97L50 97L50 95L54 95L54 96L56 96L56 97L58 97L58 98L59 98L59 99L60 99L60 98L62 98L62 97L63 97L63 96L64 96L64 95L65 95L65 97L64 97L64 99L62 99L62 101L61 101L61 102L62 102L62 101L63 101L63 100L65 100L65 98L66 98L66 99L67 99L67 98L68 98L68 99L69 99L69 100L70 100L70 101L71 101L71 102L72 102L72 101L73 101L73 102L74 102L74 101L75 101L75 100L76 100L76 99L77 99L77 101L76 101L76 102L78 102L78 103L79 103L79 102L80 102L80 104L79 104L79 105L80 105L80 106L79 106L79 107L80 107L80 108L82 108L82 109L80 109L80 111L81 111L81 113L84 113L84 111L85 111L85 110L86 110L86 109L87 109L87 108L89 108L89 109L90 109L90 110L91 110L91 112L90 112L90 111L88 111L88 110L87 110L87 111L86 111L86 112L87 112L87 111L88 111L88 112L89 112L89 113L90 113L90 114L92 114L92 115L90 115L90 116L89 116L89 117L84 117L84 118L85 118L85 119L84 119L84 120L83 120L83 119L82 119L82 118L81 118L81 117L80 117L80 116L79 116L79 117L78 117L78 118L79 118L79 117L80 117L80 120L79 120L79 121L76 121L76 120L78 120L78 119L76 119L76 118L77 118L77 117L75 117L75 119L74 119L74 120L75 120L75 121L74 121L74 122L73 122L73 123L72 123L72 124L71 124L71 123L70 123L70 122L69 122L69 121L68 121L68 120L67 120L67 121L66 121L66 120L65 120L65 121L64 121L64 122L66 122L66 123L67 123L67 124L68 124L68 122L69 122L69 124L70 124L70 125L67 125L67 126L66 126L66 124L65 124L65 125L63 125L63 124L64 124L64 123L62 123L62 124L61 124L61 125L60 125L60 126L59 126L59 125L58 125L58 124L56 124L56 123L55 123L55 122L54 122L54 120L56 120L56 122L57 122L57 120L56 120L56 119L57 119L57 118L58 118L58 119L59 119L59 120L58 120L58 123L59 123L59 124L60 124L60 123L61 123L61 122L62 122L62 121L63 121L63 120L64 120L64 119L67 119L67 118L65 118L65 116L64 116L64 118L63 118L63 119L62 119L62 120L61 120L61 121L60 121L60 122L59 122L59 120L60 120L60 119L61 119L61 118L62 118L62 117L63 117L63 115L62 115L62 113L63 113L63 114L66 114L66 115L67 115L67 113L68 113L68 112L67 112L67 111L69 111L69 112L70 112L70 113L71 113L71 114L72 114L72 113L71 113L71 111L70 111L70 110L69 110L69 109L68 109L68 108L69 108L69 106L70 106L70 105L68 105L68 104L67 104L67 105L66 105L66 104L65 104L65 105L64 105L64 106L63 106L63 107L62 107L62 108L61 108L61 109L60 109L60 110L61 110L61 112L62 112L62 113L61 113L61 115L62 115L62 116L61 116L61 118L60 118L60 117L57 117L57 118L56 118L56 115L55 115L55 114L56 114L56 113L55 113L55 114L54 114L54 113L53 113L53 112L54 112L54 111L55 111L55 112L56 112L56 110L57 110L57 109L58 109L58 110L59 110L59 108L58 108L58 107L57 107L57 108L56 108L56 110L53 110L53 112L52 112L52 113L53 113L53 114L54 114L54 115L53 115L53 116L50 116L50 117L49 117L49 118L51 118L51 119L52 119L52 118L53 118L53 119L54 119L54 120L52 120L52 121L50 121L50 119L48 119L48 120L49 120L49 121L50 121L50 122L51 122L51 123L50 123L50 124L49 124L49 126L48 126L48 127L47 127L47 128L46 128L46 127L45 127L45 128L44 128L44 127L43 127L43 126L42 126L42 125L41 125L41 124L40 124L40 127L39 127L39 128L40 128L40 127L42 127L42 128L43 128L43 130L44 130L44 131L45 131L45 132L44 132L44 134L47 134L47 135L45 135L45 136L46 136L46 138L47 138L47 137L48 137L48 136L49 136L49 135L50 135L50 134L52 134L52 135L51 135L51 136L52 136L52 139L54 139L54 141L53 141L53 140L52 140L52 142L51 142L51 140L50 140L50 142L51 142L51 143L50 143L50 144L49 144L49 145L50 145L50 146L49 146L49 147L48 147L48 148L49 148L49 147L50 147L50 146L51 146L51 147L52 147L52 146L53 146L53 147L54 147L54 146L55 146L55 145L53 145L53 144L52 144L52 143L54 143L54 144L56 144L56 143L55 143L55 142L56 142L56 139L55 139L55 138L53 138L53 137L56 137L56 138L57 138L57 139L59 139L59 140L60 140L60 139L61 139L61 141L63 141L63 140L64 140L64 139L65 139L65 138L63 138L63 139L61 139L61 138L62 138L62 137L60 137L60 138L57 138L57 136L58 136L58 137L59 137L59 136L60 136L60 135L61 135L61 136L63 136L63 134L62 134L62 135L61 135L61 133L60 133L60 134L59 134L59 133L58 133L58 132L56 132L56 131L57 131L57 130L58 130L58 131L63 131L63 132L62 132L62 133L63 133L63 132L64 132L64 131L67 131L67 130L68 130L68 131L69 131L69 133L68 133L68 132L67 132L67 133L66 133L66 132L65 132L65 133L64 133L64 135L65 135L65 134L66 134L66 135L67 135L67 136L68 136L68 134L69 134L69 136L70 136L70 137L71 137L71 138L72 138L72 137L73 137L73 138L74 138L74 137L75 137L75 139L74 139L74 140L73 140L73 141L75 141L75 140L76 140L76 139L77 139L77 141L76 141L76 143L75 143L75 142L73 142L73 144L74 144L74 145L73 145L73 146L74 146L74 145L75 145L75 146L78 146L78 147L77 147L77 148L78 148L78 147L79 147L79 146L80 146L80 147L81 147L81 149L80 149L80 148L79 148L79 149L76 149L76 148L75 148L75 147L74 147L74 148L73 148L73 147L72 147L72 148L71 148L71 146L69 146L69 145L72 145L72 144L71 144L71 143L72 143L72 142L71 142L71 141L72 141L72 140L71 140L71 139L70 139L70 138L69 138L69 137L66 137L66 136L64 136L64 137L66 137L66 138L68 138L68 139L69 139L69 140L70 140L70 141L68 141L68 140L67 140L67 139L66 139L66 140L67 140L67 141L64 141L64 142L63 142L63 143L64 143L64 144L65 144L65 145L63 145L63 144L62 144L62 142L61 142L61 144L62 144L62 145L60 145L60 146L62 146L62 148L61 148L61 147L59 147L59 145L58 145L58 146L57 146L57 145L56 145L56 146L57 146L57 147L58 147L58 148L57 148L57 149L56 149L56 147L55 147L55 149L56 149L56 151L55 151L55 152L56 152L56 154L54 154L54 153L53 153L53 152L52 152L52 153L53 153L53 155L52 155L52 157L53 157L53 155L54 155L54 156L56 156L56 158L54 158L54 159L55 159L55 161L56 161L56 163L55 163L55 162L53 162L53 161L54 161L54 160L53 160L53 159L52 159L52 161L51 161L51 159L50 159L50 158L51 158L51 156L50 156L50 157L49 157L49 161L50 161L50 162L48 162L48 163L47 163L47 164L46 164L46 163L45 163L45 162L44 162L44 161L43 161L43 163L45 163L45 164L43 164L43 165L44 165L44 166L45 166L45 167L46 167L46 168L49 168L49 167L50 167L50 166L49 166L49 165L48 165L48 164L49 164L49 163L50 163L50 164L51 164L51 163L52 163L52 162L53 162L53 163L55 163L55 165L56 165L56 163L58 163L58 164L59 164L59 165L60 165L60 164L61 164L61 162L62 162L62 161L63 161L63 160L62 160L62 158L61 158L61 159L60 159L60 156L61 156L61 157L63 157L63 155L62 155L62 156L61 156L61 154L62 154L62 153L63 153L63 152L64 152L64 151L65 151L65 152L70 152L70 153L71 153L71 154L72 154L72 153L75 153L75 152L76 152L76 151L77 151L77 150L79 150L79 151L80 151L80 150L81 150L81 151L83 151L83 150L85 150L85 151L87 151L87 150L89 150L89 149L90 149L90 150L92 150L92 151L93 151L93 152L95 152L95 151L96 151L96 150L97 150L97 153L96 153L96 154L97 154L97 153L98 153L98 152L99 152L99 153L100 153L100 152L101 152L101 154L100 154L100 155L99 155L99 154L98 154L98 156L99 156L99 157L100 157L100 156L101 156L101 157L102 157L102 156L101 156L101 155L102 155L102 153L103 153L103 152L102 152L102 151L101 151L101 150L100 150L100 149L102 149L102 150L103 150L103 148L104 148L104 149L105 149L105 150L104 150L104 152L105 152L105 151L106 151L106 152L108 152L108 150L109 150L109 153L107 153L107 154L109 154L109 153L110 153L110 152L111 152L111 153L113 153L113 155L114 155L114 156L115 156L115 157L116 157L116 155L117 155L117 154L118 154L118 155L119 155L119 156L120 156L120 155L121 155L121 154L120 154L120 155L119 155L119 154L118 154L118 153L119 153L119 152L117 152L117 151L121 151L121 152L120 152L120 153L121 153L121 152L122 152L122 151L123 151L123 142L124 142L124 141L125 141L125 142L127 142L127 143L126 143L126 144L128 144L128 145L129 145L129 144L130 144L130 143L133 143L133 146L132 146L132 147L131 147L131 146L129 146L129 147L128 147L128 146L127 146L127 145L126 145L126 146L125 146L125 143L124 143L124 146L125 146L125 147L124 147L124 148L126 148L126 149L127 149L127 150L129 150L129 151L126 151L126 150L124 150L124 153L122 153L122 155L123 155L123 156L121 156L121 157L120 157L120 158L119 158L119 157L118 157L118 156L117 156L117 158L118 158L118 159L119 159L119 160L120 160L120 159L121 159L121 161L118 161L118 160L117 160L117 162L114 162L114 161L113 161L113 163L116 163L116 164L117 164L117 165L118 165L118 164L117 164L117 163L121 163L121 164L119 164L119 166L118 166L118 167L119 167L119 168L120 168L120 166L121 166L121 167L123 167L123 166L124 166L124 165L125 165L125 164L126 164L126 165L127 165L127 164L128 164L128 165L129 165L129 166L130 166L130 167L131 167L131 168L132 168L132 167L133 167L133 165L132 165L132 166L131 166L131 165L130 165L130 164L129 164L129 163L126 163L126 162L125 162L125 161L124 161L124 162L122 162L122 160L126 160L126 161L127 161L127 159L128 159L128 162L129 162L129 161L130 161L130 163L131 163L131 164L132 164L132 163L133 163L133 164L134 164L134 163L135 163L135 162L136 162L136 161L137 161L137 163L138 163L138 160L140 160L140 158L139 158L139 159L138 159L138 158L137 158L137 156L138 156L138 157L140 157L140 155L141 155L141 156L142 156L142 157L143 157L143 158L144 158L144 155L146 155L146 154L147 154L147 155L148 155L148 154L150 154L150 153L149 153L149 152L146 152L146 150L147 150L147 151L150 151L150 152L151 152L151 154L152 154L152 153L153 153L153 154L155 154L155 153L156 153L156 152L155 152L155 151L154 151L154 150L153 150L153 152L152 152L152 151L151 151L151 150L150 150L150 149L151 149L151 148L152 148L152 147L153 147L153 144L152 144L152 143L151 143L151 142L149 142L149 139L150 139L150 140L151 140L151 141L152 141L152 142L153 142L153 143L154 143L154 142L155 142L155 141L156 141L156 140L157 140L157 139L156 139L156 140L154 140L154 139L153 139L153 140L152 140L152 139L151 139L151 138L150 138L150 137L149 137L149 136L146 136L146 138L145 138L145 139L146 139L146 138L147 138L147 139L148 139L148 140L147 140L147 141L146 141L146 140L145 140L145 143L146 143L146 142L147 142L147 143L148 143L148 142L149 142L149 143L151 143L151 145L152 145L152 146L151 146L151 147L150 147L150 146L149 146L149 144L148 144L148 145L147 145L147 144L146 144L146 145L145 145L145 146L144 146L144 145L143 145L143 146L144 146L144 147L142 147L142 146L141 146L141 145L140 145L140 144L139 144L139 143L138 143L138 142L137 142L137 141L134 141L134 142L133 142L133 141L131 141L131 142L130 142L130 143L128 143L128 142L127 142L127 141L126 141L126 140L128 140L128 141L129 141L129 139L126 139L126 138L125 138L125 139L124 139L124 140L118 140L118 143L119 143L119 144L120 144L120 143L121 143L121 144L122 144L122 145L120 145L120 146L119 146L119 145L118 145L118 144L117 144L117 146L116 146L116 148L117 148L117 150L116 150L116 149L115 149L115 150L113 150L113 151L110 151L110 149L113 149L113 147L114 147L114 148L115 148L115 146L114 146L114 145L113 145L113 147L110 147L110 145L111 145L111 144L112 144L112 142L110 142L110 143L109 143L109 148L108 148L108 149L105 149L105 148L107 148L107 146L108 146L108 145L107 145L107 146L106 146L106 145L105 145L105 146L104 146L104 145L102 145L102 144L101 144L101 145L102 145L102 146L100 146L100 145L98 145L98 144L99 144L99 142L98 142L98 144L96 144L96 145L95 145L95 146L94 146L94 145L93 145L93 146L92 146L92 145L91 145L91 144L89 144L89 145L87 145L87 146L86 146L86 145L84 145L84 142L83 142L83 143L82 143L82 142L81 142L81 141L80 141L80 143L81 143L81 145L80 145L80 144L78 144L78 145L76 145L76 144L77 144L77 142L78 142L78 143L79 143L79 141L78 141L78 140L82 140L82 141L84 141L84 140L86 140L86 139L84 139L84 140L83 140L83 138L84 138L84 137L85 137L85 138L87 138L87 140L88 140L88 139L89 139L89 140L90 140L90 141L89 141L89 143L92 143L92 144L93 144L93 143L94 143L94 144L95 144L95 143L96 143L96 142L97 142L97 141L98 141L98 140L99 140L99 141L100 141L100 140L102 140L102 141L101 141L101 142L100 142L100 143L103 143L103 144L104 144L104 143L106 143L106 144L108 144L108 143L107 143L107 142L109 142L109 141L110 141L110 140L111 140L111 139L112 139L112 138L111 138L111 137L112 137L112 136L113 136L113 134L112 134L112 136L111 136L111 133L112 133L112 132L113 132L113 130L114 130L114 131L115 131L115 130L116 130L116 131L117 131L117 130L118 130L118 131L119 131L119 132L120 132L120 131L121 131L121 132L122 132L122 131L123 131L123 130L121 130L121 129L120 129L120 130L118 130L118 129L119 129L119 128L118 128L118 127L121 127L121 126L122 126L122 127L123 127L123 126L124 126L124 125L125 125L125 123L123 123L123 121L124 121L124 122L126 122L126 121L125 121L125 119L124 119L124 120L123 120L123 121L122 121L122 122L121 122L121 121L120 121L120 122L119 122L119 121L118 121L118 120L117 120L117 121L116 121L116 120L115 120L115 121L114 121L114 120L113 120L113 118L114 118L114 119L115 119L115 117L113 117L113 118L112 118L112 119L111 119L111 118L110 118L110 120L109 120L109 121L108 121L108 120L107 120L107 118L106 118L106 117L105 117L105 116L104 116L104 115L106 115L106 116L109 116L109 117L108 117L108 118L109 118L109 117L110 117L110 116L111 116L111 117L112 117L112 115L111 115L111 114L112 114L112 113L110 113L110 112L112 112L112 111L110 111L110 109L111 109L111 110L112 110L112 109L111 109L111 108L113 108L113 112L114 112L114 109L116 109L116 110L115 110L115 112L116 112L116 111L117 111L117 110L118 110L118 111L121 111L121 112L122 112L122 111L123 111L123 113L122 113L122 115L121 115L121 113L120 113L120 112L119 112L119 113L118 113L118 112L117 112L117 114L118 114L118 115L117 115L117 117L116 117L116 119L119 119L119 120L120 120L120 119L121 119L121 120L122 120L122 119L123 119L123 118L124 118L124 117L125 117L125 116L126 116L126 117L127 117L127 116L128 116L128 117L129 117L129 116L130 116L130 117L131 117L131 116L132 116L132 115L133 115L133 116L134 116L134 115L135 115L135 114L136 114L136 113L137 113L137 112L138 112L138 111L136 111L136 112L134 112L134 111L135 111L135 110L136 110L136 109L137 109L137 110L138 110L138 109L137 109L137 108L138 108L138 107L136 107L136 106L137 106L137 105L136 105L136 106L135 106L135 105L134 105L134 106L133 106L133 107L136 107L136 108L130 108L130 109L129 109L129 107L126 107L126 108L127 108L127 111L126 111L126 109L125 109L125 107L124 107L124 108L123 108L123 109L122 109L122 110L120 110L120 109L119 109L119 108L116 108L116 107L115 107L115 105L116 105L116 106L117 106L117 107L120 107L120 108L122 108L122 107L123 107L123 106L124 106L124 105L125 105L125 103L126 103L126 102L125 102L125 101L126 101L126 100L125 100L125 99L126 99L126 98L125 98L125 97L124 97L124 96L126 96L126 97L127 97L127 95L128 95L128 94L129 94L129 92L130 92L130 91L128 91L128 90L127 90L127 91L126 91L126 90L125 90L125 91L124 91L124 90L122 90L122 91L121 91L121 89L120 89L120 90L119 90L119 88L120 88L120 87L123 87L123 85L122 85L122 86L120 86L120 84L119 84L119 85L118 85L118 84L117 84L117 83L116 83L116 82L118 82L118 83L120 83L120 82L121 82L121 80L122 80L122 79L121 79L121 77L120 77L120 78L119 78L119 76L117 76L117 75L116 75L116 74L115 74L115 73L114 73L114 74L113 74L113 73L112 73L112 74L111 74L111 73L110 73L110 75L111 75L111 76L112 76L112 75L113 75L113 76L114 76L114 77L115 77L115 76L116 76L116 77L118 77L118 79L119 79L119 81L118 81L118 80L117 80L117 79L116 79L116 78L115 78L115 79L114 79L114 78L113 78L113 77L111 77L111 78L109 78L109 77L110 77L110 76L108 76L108 74L109 74L109 72L112 72L112 71L113 71L113 72L115 72L115 71L116 71L116 70L115 70L115 71L113 71L113 69L112 69L112 70L110 70L110 71L109 71L109 72L108 72L108 73L106 73L106 72L107 72L107 71L108 71L108 70L109 70L109 69L110 69L110 68L112 68L112 67L113 67L113 68L114 68L114 69L115 69L115 68L117 68L117 67L116 67L116 66L115 66L115 67L114 67L114 66L113 66L113 65L112 65L112 66L110 66L110 67L109 67L109 69L108 69L108 70L107 70L107 71L105 71L105 70L104 70L104 69L106 69L106 68L107 68L107 67L108 67L108 66L109 66L109 65L110 65L110 64L114 64L114 65L115 65L115 64L116 64L116 65L117 65L117 63L121 63L121 64L122 64L122 63L124 63L124 62L125 62L125 63L126 63L126 62L125 62L125 60L126 60L126 61L127 61L127 60L128 60L128 61L129 61L129 59L126 59L126 58L128 58L128 56L130 56L130 59L131 59L131 57L132 57L132 56L130 56L130 55L133 55L133 56L134 56L134 59L133 59L133 58L132 58L132 59L133 59L133 60L134 60L134 59L135 59L135 62L134 62L134 61L133 61L133 62L132 62L132 61L131 61L131 60L130 60L130 63L131 63L131 64L132 64L132 63L133 63L133 64L134 64L134 63L135 63L135 62L136 62L136 61L137 61L137 62L139 62L139 61L140 61L140 59L138 59L138 58L137 58L137 56L138 56L138 57L140 57L140 55L141 55L141 54L140 54L140 52L142 52L142 53L143 53L143 51L144 51L144 50L143 50L143 51L142 51L142 50L140 50L140 48L139 48L139 47L141 47L141 48L142 48L142 49L144 49L144 47L145 47L145 46L147 46L147 47L146 47L146 48L147 48L147 47L148 47L148 46L149 46L149 48L148 48L148 50L147 50L147 49L146 49L146 50L145 50L145 51L146 51L146 52L145 52L145 53L144 53L144 54L142 54L142 56L144 56L144 55L146 55L146 54L147 54L147 53L149 53L149 52L147 52L147 51L150 51L150 52L151 52L151 54L148 54L148 55L147 55L147 56L146 56L146 57L145 57L145 58L147 58L147 59L146 59L146 60L147 60L147 59L148 59L148 58L149 58L149 59L150 59L150 60L152 60L152 59L153 59L153 57L154 57L154 58L155 58L155 57L156 57L156 56L157 56L157 55L158 55L158 54L159 54L159 52L158 52L158 53L157 53L157 54L156 54L156 55L155 55L155 56L154 56L154 55L153 55L153 54L155 54L155 53L156 53L156 52L157 52L157 51L156 51L156 49L155 49L155 48L157 48L157 47L158 47L158 46L159 46L159 47L160 47L160 46L161 46L161 47L163 47L163 46L161 46L161 45L162 45L162 44L160 44L160 45L159 45L159 43L157 43L157 42L159 42L159 40L158 40L158 41L157 41L157 42L156 42L156 43L153 43L153 44L152 44L152 43L151 43L151 42L150 42L150 43L151 43L151 46L150 46L150 44L148 44L148 43L149 43L149 42L148 42L148 43L147 43L147 44L146 44L146 45L145 45L145 46L144 46L144 43L146 43L146 42L147 42L147 41L149 41L149 40L146 40L146 38L144 38L144 39L142 39L142 38L140 38L140 40L139 40L139 39L138 39L138 38L137 38L137 39L136 39L136 40L135 40L135 41L134 41L134 42L132 42L132 43L135 43L135 44L136 44L136 45L135 45L135 46L134 46L134 44L133 44L133 45L132 45L132 46L131 46L131 44L129 44L129 43L131 43L131 42L129 42L129 43L128 43L128 42L127 42L127 43L126 43L126 40L125 40L125 39L126 39L126 38L125 38L125 39L124 39L124 40L123 40L123 41L122 41L122 42L120 42L120 43L119 43L119 42L118 42L118 43L119 43L119 44L120 44L120 43L121 43L121 45L120 45L120 46L119 46L119 45L118 45L118 44L117 44L117 46L116 46L116 45L115 45L115 44L113 44L113 45L111 45L111 46L110 46L110 47L109 47L109 48L108 48L108 49L107 49L107 51L106 51L106 52L107 52L107 54L106 54L106 53L105 53L105 54L104 54L104 53L103 53L103 52L102 52L102 51L101 51L101 50L100 50L100 49L102 49L102 50L104 50L104 52L105 52L105 50L106 50L106 49L105 49L105 48L107 48L107 46L109 46L109 45L110 45L110 44L109 44L109 45L108 45L108 44L107 44L107 42L106 42L106 41L105 41L105 42L104 42L104 41L103 41L103 40L102 40L102 39L101 39L101 38L100 38L100 39L98 39L98 37L100 37L100 36L101 36L101 37L102 37L102 38L103 38L103 39L104 39L104 40L105 40L105 38L104 38L104 37L103 37L103 36L102 36L102 35L104 35L104 36L105 36L105 35L106 35L106 36L107 36L107 34L109 34L109 36L108 36L108 37L106 37L106 40L108 40L108 38L109 38L109 41L108 41L108 42L109 42L109 41L110 41L110 40L111 40L111 39L110 39L110 37L111 37L111 35L110 35L110 33L111 33L111 32L112 32L112 31L111 31L111 30L110 30L110 31L109 31L109 33L107 33L107 34L106 34L106 33L105 33L105 34L103 34L103 33L104 33L104 32L105 32L105 31L106 31L106 32L107 32L107 30L106 30L106 29L105 29L105 31L104 31L104 32L103 32L103 33L102 33L102 32L101 32L101 33L102 33L102 34L100 34L100 33L98 33L98 34L97 34L97 36L96 36L96 37L94 37L94 36L95 36L95 35L96 35L96 34L94 34L94 33L93 33L93 34L92 34L92 33L90 33L90 32L89 32L89 33L88 33L88 34L87 34L87 33L86 33L86 34L85 34L85 35L84 35L84 34L82 34L82 35L81 35L81 33L84 33L84 32L83 32L83 31L82 31L82 30L81 30L81 32L80 32L80 30L79 30L79 29L78 29L78 28L77 28L77 29L76 29L76 31L75 31L75 32L74 32L74 33L72 33L72 34L74 34L74 33L75 33L75 34L77 34L77 33L76 33L76 32L79 32L79 33L78 33L78 34L80 34L80 35L81 35L81 37L80 37L80 36L79 36L79 39L80 39L80 40L81 40L81 39L83 39L83 40L82 40L82 41L83 41L83 40L86 40L86 39L87 39L87 40L90 40L90 41L86 41L86 43L85 43L85 42L83 42L83 43L82 43L82 42L81 42L81 41L80 41L80 43L79 43L79 41L78 41L78 40L77 40L77 41L76 41L76 44L77 44L77 45L76 45L76 48L77 48L77 47L78 47L78 46L77 46L77 45L78 45L78 44L77 44L77 42L78 42L78 43L79 43L79 44L81 44L81 45L79 45L79 46L80 46L80 47L82 47L82 48L81 48L81 49L80 49L80 48L79 48L79 49L76 49L76 50L75 50L75 51L74 51L74 52L73 52L73 51L72 51L72 52L71 52L71 51L70 51L70 50L69 50L69 49L68 49L68 50L67 50L67 49L66 49L66 48L65 48L65 47L64 47L64 48L62 48L62 47L63 47L63 46L66 46L66 47L67 47L67 46L69 46L69 47L68 47L68 48L70 48L70 49L71 49L71 50L72 50L72 49L73 49L73 50L74 50L74 49L75 49L75 46L74 46L74 45L75 45L75 42L73 42L73 44L72 44L72 43L70 43L70 42L69 42L69 41L70 41L70 40L71 40L71 39L73 39L73 38L74 38L74 37L76 37L76 38L75 38L75 39L74 39L74 40L72 40L72 41L75 41L75 40L76 40L76 39L77 39L77 38L78 38L78 37L76 37L76 36L75 36L75 35L74 35L74 36L73 36L73 35L72 35L72 36L71 36L71 34L70 34L70 35L69 35L69 33L68 33L68 32L67 32L67 33L66 33L66 31L65 31L65 33L64 33L64 36L65 36L65 37L64 37L64 38L63 38L63 36L62 36L62 35L61 35L61 34L62 34L62 33L61 33L61 34L60 34L60 35L57 35L57 33L56 33L56 30L54 30L54 29L53 29L53 28L54 28L54 27L55 27L55 29L56 29L56 27L57 27L57 28L58 28L58 27L57 27L57 26L56 26L56 25L55 25L55 26L53 26L53 28L52 28L52 27L51 27L51 28L50 28L50 30L51 30L51 28L52 28L52 29L53 29L53 30L52 30L52 31L50 31L50 32L49 32L49 33L47 33L47 32L48 32L48 31L49 31L49 29L48 29L48 28L49 28L49 27L50 27L50 26L51 26L51 25L50 25L50 24L49 24L49 26L48 26L48 27L47 27L47 28L46 28L46 27L45 27L45 28L44 28L44 27L43 27L43 26L42 26L42 25L41 25L41 26L40 26L40 27L39 27L39 28L38 28L38 29L37 29L37 27L36 27L36 28L35 28L35 29L33 29L33 31L35 31L35 29L36 29L36 30L39 30L39 31L40 31L40 30L41 30L41 31L43 31L43 33L44 33L44 34L47 34L47 35L46 35L46 36L44 36L44 35L43 35L43 34L42 34L42 33L41 33L41 32L40 32L40 33L38 33L38 31L36 31L36 32L35 32L35 33L38 33L38 34L39 34L39 35L38 35L38 36L37 36L37 34L36 34L36 35L35 35L35 36L34 36L34 33L33 33L33 34L32 34L32 35L30 35L30 36L29 36L29 35L28 35L28 38L26 38L26 37L27 37L27 35L25 35L25 33L26 33L26 31L27 31L27 32L28 32L28 30L27 30L27 28L26 28L26 26L27 26L27 23L30 23L30 22L31 22L31 21L32 21L32 20L31 20L31 21L30 21L30 20L29 20L29 19L28 19L28 18ZM33 18L33 19L34 19L34 18ZM112 18L112 19L113 19L113 18ZM140 18L140 19L141 19L141 20L139 20L139 21L142 21L142 22L144 22L144 21L146 21L146 20L150 20L150 19L147 19L147 18L146 18L146 19L145 19L145 18L144 18L144 19L143 19L143 20L142 20L142 19L141 19L141 18ZM20 19L20 20L21 20L21 19ZM57 19L57 20L58 20L58 19ZM105 19L105 20L106 20L106 19ZM165 19L165 20L167 20L167 19ZM6 20L6 21L7 21L7 20ZM11 20L11 21L13 21L13 20ZM17 20L17 21L18 21L18 20ZM25 20L25 21L27 21L27 22L24 22L24 24L26 24L26 23L27 23L27 22L28 22L28 21L29 21L29 20L28 20L28 21L27 21L27 20ZM34 20L34 21L33 21L33 22L35 22L35 20ZM43 20L43 21L42 21L42 22L43 22L43 23L44 23L44 24L45 24L45 23L47 23L47 22L44 22L44 20ZM97 20L97 21L96 21L96 22L97 22L97 21L98 21L98 20ZM130 20L130 23L131 23L131 24L132 24L132 23L133 23L133 24L134 24L134 23L133 23L133 21L132 21L132 22L131 22L131 20ZM72 21L72 24L71 24L71 25L70 25L70 24L68 24L68 25L69 25L69 26L68 26L68 28L69 28L69 26L70 26L70 27L71 27L71 28L72 28L72 27L73 27L73 28L74 28L74 27L75 27L75 26L76 26L76 25L77 25L77 24L76 24L76 25L74 25L74 26L73 26L73 25L72 25L72 24L74 24L74 22L73 22L73 21ZM78 21L78 22L80 22L80 23L81 23L81 24L83 24L83 23L82 23L82 22L81 22L81 21ZM108 21L108 22L109 22L109 21ZM147 21L147 22L149 22L149 21ZM150 21L150 22L151 22L151 23L152 23L152 21ZM168 21L168 22L169 22L169 23L170 23L170 21ZM49 22L49 23L50 23L50 22ZM160 22L160 23L159 23L159 24L160 24L160 23L161 23L161 22ZM162 22L162 23L163 23L163 25L164 25L164 26L165 26L165 24L166 24L166 23L165 23L165 24L164 24L164 23L163 23L163 22ZM0 23L0 25L1 25L1 26L0 26L0 27L2 27L2 25L3 25L3 24L2 24L2 23ZM10 23L10 24L9 24L9 25L8 25L8 26L7 26L7 27L8 27L8 28L9 28L9 29L10 29L10 28L11 28L11 27L12 27L12 25L11 25L11 23ZM31 23L31 24L32 24L32 23ZM173 23L173 24L174 24L174 26L175 26L175 27L176 27L176 28L177 28L177 26L176 26L176 25L175 25L175 23ZM1 24L1 25L2 25L2 24ZM29 24L29 25L28 25L28 26L29 26L29 28L31 28L31 27L32 27L32 28L33 28L33 27L32 27L32 26L30 26L30 24ZM52 24L52 25L53 25L53 24ZM65 24L65 25L63 25L63 26L62 26L62 29L63 29L63 28L64 28L64 27L65 27L65 25L66 25L66 24ZM144 24L144 25L142 25L142 28L144 28L144 26L145 26L145 27L146 27L146 26L145 26L145 24ZM9 25L9 26L8 26L8 27L9 27L9 28L10 28L10 26L11 26L11 25ZM17 25L17 26L18 26L18 27L19 27L19 28L22 28L22 27L20 27L20 26L19 26L19 25ZM71 25L71 26L72 26L72 25ZM109 25L109 26L108 26L108 27L110 27L110 25ZM34 26L34 27L35 27L35 26ZM41 26L41 27L40 27L40 28L39 28L39 29L40 29L40 28L41 28L41 30L43 30L43 27L42 27L42 26ZM98 26L98 27L97 27L97 28L96 28L96 29L92 29L92 27L91 27L91 28L90 28L90 29L91 29L91 31L92 31L92 32L93 32L93 31L94 31L94 32L95 32L95 33L96 33L96 32L95 32L95 31L96 31L96 30L97 30L97 29L98 29L98 28L99 28L99 29L100 29L100 28L102 28L102 29L101 29L101 30L100 30L100 31L103 31L103 30L104 30L104 29L103 29L103 28L102 28L102 27L101 27L101 26L100 26L100 27L99 27L99 26ZM111 26L111 27L112 27L112 26ZM119 27L119 28L121 28L121 27ZM132 27L132 28L133 28L133 27ZM139 27L139 28L140 28L140 27ZM1 28L1 29L2 29L2 28ZM5 29L5 32L8 32L8 29ZM29 29L29 32L32 32L32 29ZM45 29L45 31L44 31L44 32L45 32L45 31L46 31L46 32L47 32L47 31L48 31L48 30L46 30L46 29ZM57 29L57 32L60 32L60 29ZM77 29L77 30L78 30L78 31L79 31L79 30L78 30L78 29ZM85 29L85 32L88 32L88 29ZM102 29L102 30L103 30L103 29ZM113 29L113 32L116 32L116 29ZM141 29L141 32L144 32L144 29ZM169 29L169 32L172 32L172 29ZM173 29L173 31L174 31L174 32L176 32L176 31L175 31L175 30L174 30L174 29ZM0 30L0 33L1 33L1 30ZM6 30L6 31L7 31L7 30ZM25 30L25 31L26 31L26 30ZM30 30L30 31L31 31L31 30ZM58 30L58 31L59 31L59 30ZM86 30L86 31L87 31L87 30ZM89 30L89 31L90 31L90 30ZM98 30L98 32L99 32L99 30ZM114 30L114 31L115 31L115 30ZM118 30L118 31L119 31L119 32L120 32L120 31L119 31L119 30ZM136 30L136 31L137 31L137 30ZM142 30L142 31L143 31L143 30ZM153 30L153 31L154 31L154 30ZM170 30L170 31L171 31L171 30ZM10 31L10 32L11 32L11 31ZM52 31L52 32L51 32L51 34L50 34L50 33L49 33L49 34L48 34L48 35L47 35L47 36L48 36L48 37L47 37L47 38L46 38L46 37L45 37L45 39L46 39L46 40L47 40L47 39L48 39L48 38L49 38L49 37L50 37L50 35L51 35L51 36L52 36L52 37L53 37L53 38L55 38L55 36L56 36L56 34L55 34L55 32L54 32L54 31ZM130 31L130 32L131 32L131 34L132 34L132 33L133 33L133 31L132 31L132 32L131 32L131 31ZM52 32L52 34L51 34L51 35L52 35L52 34L54 34L54 35L53 35L53 36L54 36L54 35L55 35L55 34L54 34L54 33L53 33L53 32ZM117 32L117 34L118 34L118 35L119 35L119 37L120 37L120 35L121 35L121 36L122 36L122 35L124 35L124 34L123 34L123 33L122 33L122 34L121 34L121 33L120 33L120 34L119 34L119 33L118 33L118 32ZM126 32L126 35L127 35L127 36L128 36L128 37L129 37L129 36L130 36L130 37L131 37L131 38L132 38L132 37L133 37L133 38L134 38L134 37L135 37L135 35L137 35L137 34L136 34L136 33L135 33L135 32L134 32L134 34L135 34L135 35L134 35L134 36L133 36L133 35L132 35L132 36L131 36L131 35L130 35L130 33L128 33L128 32ZM137 32L137 33L139 33L139 32ZM29 33L29 34L30 34L30 33ZM58 33L58 34L59 34L59 33ZM89 33L89 34L90 34L90 33ZM115 33L115 34L116 34L116 33ZM159 33L159 34L158 34L158 35L160 35L160 36L159 36L159 37L160 37L160 36L162 36L162 35L160 35L160 33ZM171 33L171 34L172 34L172 33ZM14 34L14 35L15 35L15 34ZM21 34L21 36L22 36L22 34ZM49 34L49 35L48 35L48 36L49 36L49 35L50 35L50 34ZM65 34L65 36L66 36L66 37L65 37L65 38L66 38L66 39L67 39L67 38L66 38L66 37L67 37L67 35L66 35L66 34ZM99 34L99 35L100 35L100 34ZM127 34L127 35L128 35L128 36L129 36L129 35L128 35L128 34ZM163 34L163 35L164 35L164 34ZM8 35L8 36L9 36L9 35ZM32 35L32 36L33 36L33 37L32 37L32 39L31 39L31 38L29 38L29 39L31 39L31 40L28 40L28 39L27 39L27 40L28 40L28 41L29 41L29 43L30 43L30 45L27 45L27 46L28 46L28 47L29 47L29 48L28 48L28 49L29 49L29 48L31 48L31 49L30 49L30 51L31 51L31 49L33 49L33 48L34 48L34 49L35 49L35 50L37 50L37 51L35 51L35 52L33 52L33 51L34 51L34 50L32 50L32 52L33 52L33 53L32 53L32 54L31 54L31 55L32 55L32 54L33 54L33 53L36 53L36 52L37 52L37 54L38 54L38 55L36 55L36 56L35 56L35 54L34 54L34 55L33 55L33 56L35 56L35 57L36 57L36 58L37 58L37 57L36 57L36 56L38 56L38 55L39 55L39 58L38 58L38 59L37 59L37 61L36 61L36 62L34 62L34 61L33 61L33 62L34 62L34 63L36 63L36 64L37 64L37 63L40 63L40 64L38 64L38 65L35 65L35 66L34 66L34 67L36 67L36 70L37 70L37 68L38 68L38 67L39 67L39 68L41 68L41 71L39 71L39 70L38 70L38 71L37 71L37 73L36 73L36 71L35 71L35 72L34 72L34 70L35 70L35 69L34 69L34 70L33 70L33 69L32 69L32 70L33 70L33 72L32 72L32 73L34 73L34 74L37 74L37 73L38 73L38 72L42 72L42 74L43 74L43 73L44 73L44 74L45 74L45 75L43 75L43 76L42 76L42 75L41 75L41 74L40 74L40 75L39 75L39 74L38 74L38 75L35 75L35 76L33 76L33 74L31 74L31 75L32 75L32 77L31 77L31 76L30 76L30 75L29 75L29 74L27 74L27 76L30 76L30 77L27 77L27 78L26 78L26 76L23 76L23 75L24 75L24 74L23 74L23 75L22 75L22 76L21 76L21 75L20 75L20 76L19 76L19 77L20 77L20 76L21 76L21 77L22 77L22 78L23 78L23 77L24 77L24 78L26 78L26 79L24 79L24 80L23 80L23 81L21 81L21 82L22 82L22 83L23 83L23 84L22 84L22 85L24 85L24 86L23 86L23 87L24 87L24 86L25 86L25 87L26 87L26 88L27 88L27 86L26 86L26 85L24 85L24 84L27 84L27 83L24 83L24 81L25 81L25 82L29 82L29 81L28 81L28 79L31 79L31 78L32 78L32 77L33 77L33 79L34 79L34 80L33 80L33 81L32 81L32 82L34 82L34 81L35 81L35 80L36 80L36 79L34 79L34 78L38 78L38 79L39 79L39 81L40 81L40 82L43 82L43 83L42 83L42 84L41 84L41 83L40 83L40 84L41 84L41 86L40 86L40 87L39 87L39 86L37 86L37 87L39 87L39 88L38 88L38 89L39 89L39 90L40 90L40 91L39 91L39 92L40 92L40 93L41 93L41 91L42 91L42 92L43 92L43 91L42 91L42 90L40 90L40 88L45 88L45 87L46 87L46 88L48 88L48 89L47 89L47 90L49 90L49 85L50 85L50 84L51 84L51 82L52 82L52 81L51 81L51 82L50 82L50 83L49 83L49 82L47 82L47 83L46 83L46 82L45 82L45 83L44 83L44 81L43 81L43 80L42 80L42 79L41 79L41 78L40 78L40 79L39 79L39 78L38 78L38 76L39 76L39 77L40 77L40 76L41 76L41 77L42 77L42 78L43 78L43 79L44 79L44 80L45 80L45 81L50 81L50 80L53 80L53 81L54 81L54 83L55 83L55 84L56 84L56 85L54 85L54 87L55 87L55 86L56 86L56 88L55 88L55 89L54 89L54 90L56 90L56 89L57 89L57 91L56 91L56 92L54 92L54 91L53 91L53 89L52 89L52 88L53 88L53 86L52 86L52 87L51 87L51 86L50 86L50 87L51 87L51 90L50 90L50 91L49 91L49 92L48 92L48 91L47 91L47 93L50 93L50 92L53 92L53 94L55 94L55 95L56 95L56 96L57 96L57 95L58 95L58 96L59 96L59 95L60 95L60 97L61 97L61 96L62 96L62 95L63 95L63 94L64 94L64 93L66 93L66 94L65 94L65 95L66 95L66 97L69 97L69 98L70 98L70 99L71 99L71 98L73 98L73 99L72 99L72 100L71 100L71 101L72 101L72 100L75 100L75 99L74 99L74 98L76 98L76 97L77 97L77 99L78 99L78 101L79 101L79 100L80 100L80 101L81 101L81 104L80 104L80 105L81 105L81 106L82 106L82 107L84 107L84 108L83 108L83 109L82 109L82 110L81 110L81 111L82 111L82 112L83 112L83 111L84 111L84 110L85 110L85 109L84 109L84 108L85 108L85 107L86 107L86 108L87 108L87 107L89 107L89 106L90 106L90 105L88 105L88 106L85 106L85 105L86 105L86 104L85 104L85 105L82 105L82 102L83 102L83 103L86 103L86 102L83 102L83 101L82 101L82 99L84 99L84 101L86 101L86 99L87 99L87 100L88 100L88 99L89 99L89 100L91 100L91 101L88 101L88 102L87 102L87 104L88 104L88 103L89 103L89 104L91 104L91 105L92 105L92 106L95 106L95 107L96 107L96 108L94 108L94 107L93 107L93 108L92 108L92 107L90 107L90 108L91 108L91 109L92 109L92 110L93 110L93 109L94 109L94 110L95 110L95 112L94 112L94 111L93 111L93 112L94 112L94 113L96 113L96 112L97 112L97 111L98 111L98 110L101 110L101 111L102 111L102 112L103 112L103 113L104 113L104 114L105 114L105 113L106 113L106 114L107 114L107 113L108 113L108 112L110 112L110 111L109 111L109 107L110 107L110 106L113 106L113 105L114 105L114 104L115 104L115 103L116 103L116 104L117 104L117 105L118 105L118 104L119 104L119 103L117 103L117 102L116 102L116 100L118 100L118 101L119 101L119 102L120 102L120 101L121 101L121 100L123 100L123 101L122 101L122 102L121 102L121 103L120 103L120 105L119 105L119 106L120 106L120 105L122 105L122 104L124 104L124 103L125 103L125 102L124 102L124 101L125 101L125 100L123 100L123 99L121 99L121 98L122 98L122 97L123 97L123 96L124 96L124 95L127 95L127 94L128 94L128 92L126 92L126 91L125 91L125 92L126 92L126 94L125 94L125 93L124 93L124 94L123 94L123 95L122 95L122 96L121 96L121 93L122 93L122 92L124 92L124 91L122 91L122 92L121 92L121 91L120 91L120 92L119 92L119 91L117 91L117 90L118 90L118 88L119 88L119 87L120 87L120 86L119 86L119 87L118 87L118 86L117 86L117 84L113 84L113 82L114 82L114 83L115 83L115 81L114 81L114 80L113 80L113 79L112 79L112 80L110 80L110 81L109 81L109 79L108 79L108 78L107 78L107 77L108 77L108 76L106 76L106 74L105 74L105 73L104 73L104 74L105 74L105 76L104 76L104 75L103 75L103 71L102 71L102 72L101 72L101 71L100 71L100 70L101 70L101 69L100 69L100 66L101 66L101 67L102 67L102 69L103 69L103 66L102 66L102 65L101 65L101 64L100 64L100 65L99 65L99 64L97 64L97 63L98 63L98 62L99 62L99 63L100 63L100 62L101 62L101 63L102 63L102 64L103 64L103 65L104 65L104 66L105 66L105 65L106 65L106 66L108 66L108 65L107 65L107 64L106 64L106 61L108 61L108 60L109 60L109 58L110 58L110 59L111 59L111 60L110 60L110 61L109 61L109 62L108 62L108 63L110 63L110 62L111 62L111 63L113 63L113 62L112 62L112 61L114 61L114 63L115 63L115 62L116 62L116 63L117 63L117 62L120 62L120 61L119 61L119 60L118 60L118 58L117 58L117 56L118 56L118 57L119 57L119 58L120 58L120 57L121 57L121 58L122 58L122 56L124 56L124 57L123 57L123 58L124 58L124 59L125 59L125 58L124 58L124 57L125 57L125 56L126 56L126 55L127 55L127 54L128 54L128 55L130 55L130 50L128 50L128 47L129 47L129 48L130 48L130 49L131 49L131 47L129 47L129 46L128 46L128 44L126 44L126 47L127 47L127 49L126 49L126 48L125 48L125 49L124 49L124 50L123 50L123 51L122 51L122 52L121 52L121 51L116 51L116 52L114 52L114 51L113 51L113 50L112 50L112 49L114 49L114 50L115 50L115 49L116 49L116 50L117 50L117 48L118 48L118 49L123 49L123 47L125 47L125 46L123 46L123 45L124 45L124 43L125 43L125 41L124 41L124 42L123 42L123 44L122 44L122 46L121 46L121 47L120 47L120 48L119 48L119 47L118 47L118 46L117 46L117 48L116 48L116 47L115 47L115 48L114 48L114 47L113 47L113 48L112 48L112 47L111 47L111 48L110 48L110 49L109 49L109 50L108 50L108 51L107 51L107 52L109 52L109 51L110 51L110 50L112 50L112 51L111 51L111 52L110 52L110 53L109 53L109 54L107 54L107 56L106 56L106 57L108 57L108 56L109 56L109 55L110 55L110 54L111 54L111 53L114 53L114 54L115 54L115 55L114 55L114 56L113 56L113 55L111 55L111 56L110 56L110 57L109 57L109 58L108 58L108 59L107 59L107 60L106 60L106 58L105 58L105 57L104 57L104 56L103 56L103 55L102 55L102 56L103 56L103 57L102 57L102 60L103 60L103 59L104 59L104 61L103 61L103 62L102 62L102 61L101 61L101 60L100 60L100 61L99 61L99 60L98 60L98 61L97 61L97 59L100 59L100 57L101 57L101 55L100 55L100 53L102 53L102 52L101 52L101 51L100 51L100 50L99 50L99 52L97 52L97 51L98 51L98 49L97 49L97 48L98 48L98 47L97 47L97 46L98 46L98 45L97 45L97 46L96 46L96 49L97 49L97 50L96 50L96 51L95 51L95 52L94 52L94 53L96 53L96 52L97 52L97 54L96 54L96 55L95 55L95 54L94 54L94 55L92 55L92 56L91 56L91 54L93 54L93 53L90 53L90 56L91 56L91 57L93 57L93 59L92 59L92 58L90 58L90 57L89 57L89 55L88 55L88 56L87 56L87 55L86 55L86 56L85 56L85 54L86 54L86 53L87 53L87 54L88 54L88 53L89 53L89 52L88 52L88 49L89 49L89 47L90 47L90 49L92 49L92 50L91 50L91 51L90 51L90 52L91 52L91 51L92 51L92 52L93 52L93 51L94 51L94 49L95 49L95 48L94 48L94 47L91 47L91 45L92 45L92 46L93 46L93 45L94 45L94 46L95 46L95 45L96 45L96 44L98 44L98 42L99 42L99 49L100 49L100 48L101 48L101 47L100 47L100 46L101 46L101 45L100 45L100 42L101 42L101 40L100 40L100 41L99 41L99 40L98 40L98 41L97 41L97 42L96 42L96 43L95 43L95 42L94 42L94 43L93 43L93 44L92 44L92 43L91 43L91 41L92 41L92 42L93 42L93 40L92 40L92 38L93 38L93 39L95 39L95 40L94 40L94 41L96 41L96 40L97 40L97 38L96 38L96 39L95 39L95 38L94 38L94 37L93 37L93 36L94 36L94 35L92 35L92 36L91 36L91 35L90 35L90 36L91 36L91 37L92 37L92 38L90 38L90 37L89 37L89 35L88 35L88 36L87 36L87 35L85 35L85 36L84 36L84 35L83 35L83 36L84 36L84 37L82 37L82 38L85 38L85 36L86 36L86 38L88 38L88 39L90 39L90 40L91 40L91 41L90 41L90 43L88 43L88 44L87 44L87 43L86 43L86 44L83 44L83 46L86 46L86 45L87 45L87 46L88 46L88 45L89 45L89 44L91 44L91 45L90 45L90 46L89 46L89 47L88 47L88 48L87 48L87 47L86 47L86 48L83 48L83 50L84 50L84 49L85 49L85 50L86 50L86 49L87 49L87 51L86 51L86 52L83 52L83 53L82 53L82 52L80 52L80 53L79 53L79 51L80 51L80 50L79 50L79 51L78 51L78 50L77 50L77 51L76 51L76 52L75 52L75 53L72 53L72 55L71 55L71 53L70 53L70 52L67 52L67 51L66 51L66 50L65 50L65 51L64 51L64 52L63 52L63 53L61 53L61 52L62 52L62 51L63 51L63 50L64 50L64 49L65 49L65 48L64 48L64 49L62 49L62 50L58 50L58 49L59 49L59 48L56 48L56 51L55 51L55 48L53 48L53 47L55 47L55 46L54 46L54 45L55 45L55 44L54 44L54 43L51 43L51 42L50 42L50 40L53 40L53 41L54 41L54 42L55 42L55 41L56 41L56 43L57 43L57 44L56 44L56 45L57 45L57 44L58 44L58 45L59 45L59 46L56 46L56 47L60 47L60 46L61 46L61 47L62 47L62 46L63 46L63 45L65 45L65 43L66 43L66 45L67 45L67 44L68 44L68 45L69 45L69 46L71 46L71 48L72 48L72 47L73 47L73 48L74 48L74 47L73 47L73 45L74 45L74 44L73 44L73 45L69 45L69 44L70 44L70 43L68 43L68 42L65 42L65 43L64 43L64 44L63 44L63 45L62 45L62 42L64 42L64 41L69 41L69 40L65 40L65 39L64 39L64 40L63 40L63 41L62 41L62 39L61 39L61 38L62 38L62 37L61 37L61 36L60 36L60 37L61 37L61 38L59 38L59 39L61 39L61 40L58 40L58 38L57 38L57 37L56 37L56 39L55 39L55 40L54 40L54 39L51 39L51 38L50 38L50 39L49 39L49 40L48 40L48 41L47 41L47 42L46 42L46 43L47 43L47 42L48 42L48 43L49 43L49 42L50 42L50 43L51 43L51 44L53 44L53 46L52 46L52 47L51 47L51 46L50 46L50 44L47 44L47 45L48 45L48 47L46 47L46 46L44 46L44 44L45 44L45 45L46 45L46 44L45 44L45 43L44 43L44 42L43 42L43 41L41 41L41 42L40 42L40 43L39 43L39 42L38 42L38 39L39 39L39 41L40 41L40 40L41 40L41 39L42 39L42 40L44 40L44 39L42 39L42 38L44 38L44 37L43 37L43 36L42 36L42 35L39 35L39 36L41 36L41 37L42 37L42 38L40 38L40 39L39 39L39 38L37 38L37 39L36 39L36 36L35 36L35 38L33 38L33 37L34 37L34 36L33 36L33 35ZM77 35L77 36L78 36L78 35ZM144 35L144 36L145 36L145 35ZM10 36L10 37L11 37L11 36ZM30 36L30 37L31 37L31 36ZM58 36L58 37L59 37L59 36ZM68 36L68 37L69 37L69 38L70 38L70 39L71 39L71 37L70 37L70 36ZM163 36L163 37L162 37L162 38L163 38L163 39L164 39L164 40L165 40L165 43L166 43L166 44L167 44L167 42L166 42L166 40L165 40L165 38L164 38L164 36ZM72 37L72 38L73 38L73 37ZM88 37L88 38L89 38L89 37ZM116 37L116 38L117 38L117 37ZM166 38L166 39L167 39L167 38ZM17 39L17 40L18 40L18 39ZM21 39L21 40L23 40L23 39ZM56 39L56 41L57 41L57 43L58 43L58 44L59 44L59 45L60 45L60 44L61 44L61 42L62 42L62 41L61 41L61 42L60 42L60 43L59 43L59 42L58 42L58 41L57 41L57 39ZM144 39L144 40L143 40L143 41L141 41L141 40L140 40L140 42L139 42L139 41L138 41L138 40L137 40L137 42L135 42L135 43L137 43L137 44L138 44L138 45L139 45L139 44L140 44L140 46L142 46L142 47L143 47L143 45L142 45L142 44L143 44L143 43L142 43L142 44L141 44L141 43L140 43L140 42L144 42L144 41L146 41L146 40L145 40L145 39ZM156 39L156 40L157 40L157 39ZM172 39L172 40L173 40L173 39ZM31 40L31 41L30 41L30 42L31 42L31 43L33 43L33 42L34 42L34 43L35 43L35 41L37 41L37 40ZM120 40L120 41L121 41L121 40ZM160 40L160 43L161 43L161 40ZM18 41L18 42L19 42L19 41ZM31 41L31 42L33 42L33 41ZM102 41L102 44L103 44L103 45L102 45L102 48L103 48L103 49L104 49L104 50L105 50L105 49L104 49L104 46L105 46L105 45L106 45L106 46L107 46L107 44L106 44L106 43L105 43L105 45L104 45L104 44L103 44L103 41ZM36 42L36 43L38 43L38 45L37 45L37 44L36 44L36 46L37 46L37 47L38 47L38 46L39 46L39 47L42 47L42 48L43 48L43 49L44 49L44 50L45 50L45 48L46 48L46 47L45 47L45 48L44 48L44 47L43 47L43 46L42 46L42 45L41 45L41 44L40 44L40 46L39 46L39 43L38 43L38 42ZM41 42L41 43L42 43L42 44L43 44L43 42ZM137 42L137 43L138 43L138 44L139 44L139 43L138 43L138 42ZM162 42L162 43L163 43L163 42ZM171 42L171 43L170 43L170 44L171 44L171 43L173 43L173 42ZM94 43L94 44L95 44L95 43ZM2 44L2 45L1 45L1 47L2 47L2 45L3 45L3 44ZM23 44L23 46L24 46L24 44ZM32 44L32 45L31 45L31 46L29 46L29 47L31 47L31 46L32 46L32 45L33 45L33 44ZM34 44L34 45L35 45L35 44ZM147 44L147 45L148 45L148 44ZM156 44L156 45L155 45L155 46L154 46L154 45L153 45L153 47L152 47L152 46L151 46L151 47L150 47L150 50L151 50L151 51L152 51L152 52L153 52L153 53L155 53L155 52L156 52L156 51L155 51L155 50L154 50L154 49L153 49L153 50L152 50L152 48L153 48L153 47L154 47L154 48L155 48L155 46L156 46L156 47L157 47L157 46L158 46L158 44ZM81 45L81 46L82 46L82 45ZM114 45L114 46L115 46L115 45ZM165 45L165 46L166 46L166 45ZM33 46L33 47L32 47L32 48L33 48L33 47L34 47L34 46ZM127 46L127 47L128 47L128 46ZM133 46L133 47L132 47L132 48L133 48L133 49L134 49L134 48L135 48L135 47L134 47L134 46ZM136 46L136 47L137 47L137 49L136 49L136 50L135 50L135 51L134 51L134 52L133 52L133 50L132 50L132 52L131 52L131 53L132 53L132 54L133 54L133 55L134 55L134 56L135 56L135 55L137 55L137 53L139 53L139 52L140 52L140 50L139 50L139 48L138 48L138 47L139 47L139 46ZM48 47L48 48L47 48L47 49L46 49L46 50L47 50L47 49L48 49L48 48L49 48L49 50L48 50L48 51L47 51L47 52L46 52L46 51L45 51L45 52L44 52L44 51L43 51L43 50L42 50L42 49L41 49L41 48L38 48L38 49L37 49L37 50L39 50L39 49L41 49L41 50L40 50L40 51L38 51L38 52L40 52L40 53L38 53L38 54L39 54L39 55L40 55L40 54L42 54L42 55L41 55L41 56L40 56L40 58L39 58L39 60L38 60L38 61L37 61L37 62L36 62L36 63L37 63L37 62L39 62L39 61L41 61L41 60L40 60L40 59L43 59L43 60L44 60L44 61L42 61L42 62L40 62L40 63L42 63L42 64L40 64L40 65L41 65L41 67L42 67L42 68L43 68L43 69L44 69L44 70L47 70L47 67L48 67L48 68L50 68L50 69L49 69L49 70L48 70L48 71L46 71L46 72L44 72L44 71L43 71L43 70L42 70L42 71L43 71L43 72L44 72L44 73L46 73L46 74L47 74L47 73L48 73L48 72L49 72L49 71L50 71L50 70L52 70L52 71L54 71L54 70L53 70L53 68L52 68L52 67L54 67L54 68L55 68L55 70L57 70L57 71L56 71L56 73L55 73L55 74L57 74L57 75L55 75L55 76L56 76L56 77L57 77L57 76L58 76L58 77L59 77L59 79L58 79L58 78L57 78L57 79L56 79L56 78L54 78L54 77L53 77L53 76L52 76L52 77L51 77L51 75L52 75L52 74L53 74L53 75L54 75L54 74L53 74L53 73L54 73L54 72L50 72L50 73L49 73L49 74L48 74L48 75L47 75L47 76L46 76L46 75L45 75L45 76L43 76L43 77L44 77L44 78L45 78L45 79L46 79L46 80L47 80L47 79L46 79L46 78L49 78L49 79L48 79L48 80L49 80L49 79L50 79L50 78L51 78L51 79L54 79L54 80L55 80L55 81L56 81L56 80L58 80L58 81L59 81L59 82L60 82L60 81L61 81L61 82L62 82L62 81L63 81L63 80L64 80L64 79L65 79L65 81L64 81L64 82L63 82L63 83L62 83L62 84L61 84L61 83L60 83L60 84L61 84L61 86L62 86L62 85L63 85L63 84L64 84L64 83L65 83L65 84L66 84L66 82L69 82L69 84L70 84L70 85L73 85L73 84L74 84L74 85L75 85L75 84L76 84L76 83L77 83L77 85L76 85L76 86L74 86L74 87L73 87L73 88L72 88L72 86L71 86L71 87L70 87L70 86L68 86L68 84L67 84L67 86L68 86L68 87L69 87L69 88L70 88L70 89L68 89L68 88L66 88L66 89L63 89L63 88L65 88L65 86L66 86L66 85L64 85L64 87L62 87L62 89L58 89L58 90L59 90L59 91L57 91L57 92L56 92L56 93L57 93L57 92L60 92L60 93L58 93L58 94L62 94L62 93L64 93L64 92L66 92L66 91L68 91L68 92L69 92L69 90L70 90L70 93L71 93L71 94L70 94L70 97L73 97L73 95L74 95L74 97L76 97L76 96L79 96L79 97L78 97L78 98L79 98L79 97L80 97L80 99L82 99L82 98L81 98L81 97L82 97L82 96L83 96L83 98L84 98L84 95L82 95L82 94L81 94L81 93L80 93L80 95L79 95L79 93L78 93L78 92L77 92L77 93L75 93L75 92L76 92L76 91L74 91L74 92L73 92L73 91L72 91L72 92L71 92L71 90L72 90L72 89L73 89L73 90L74 90L74 89L75 89L75 88L76 88L76 87L77 87L77 89L76 89L76 90L78 90L78 91L80 91L80 92L82 92L82 93L85 93L85 94L86 94L86 93L87 93L87 94L89 94L89 93L90 93L90 94L91 94L91 96L90 96L90 95L86 95L86 96L85 96L85 98L86 98L86 97L87 97L87 99L88 99L88 98L89 98L89 96L90 96L90 97L91 97L91 96L92 96L92 97L93 97L93 98L92 98L92 99L91 99L91 98L90 98L90 99L91 99L91 100L93 100L93 98L94 98L94 100L95 100L95 101L96 101L96 102L94 102L94 101L93 101L93 102L92 102L92 101L91 101L91 102L92 102L92 104L95 104L95 103L96 103L96 102L97 102L97 103L98 103L98 104L97 104L97 105L95 105L95 106L97 106L97 105L98 105L98 107L97 107L97 109L96 109L96 110L97 110L97 109L98 109L98 108L100 108L100 109L103 109L103 111L104 111L104 112L105 112L105 111L106 111L106 112L107 112L107 110L108 110L108 109L105 109L105 110L104 110L104 109L103 109L103 108L101 108L101 107L104 107L104 108L108 108L108 107L107 107L107 106L108 106L108 105L106 105L106 106L104 106L104 105L105 105L105 104L107 104L107 103L108 103L108 102L109 102L109 105L110 105L110 104L112 104L112 103L111 103L111 101L110 101L110 100L111 100L111 97L109 97L109 96L114 96L114 95L115 95L115 98L116 98L116 99L115 99L115 100L114 100L114 99L113 99L113 98L114 98L114 97L113 97L113 98L112 98L112 99L113 99L113 100L112 100L112 101L114 101L114 102L115 102L115 100L116 100L116 99L117 99L117 98L116 98L116 97L118 97L118 99L119 99L119 100L120 100L120 98L121 98L121 96L119 96L119 97L118 97L118 96L116 96L116 95L115 95L115 94L114 94L114 93L116 93L116 94L117 94L117 95L118 95L118 94L119 94L119 95L120 95L120 94L119 94L119 92L116 92L116 91L115 91L115 92L114 92L114 91L113 91L113 89L111 89L111 90L110 90L110 91L109 91L109 93L110 93L110 92L111 92L111 91L112 91L112 92L114 92L114 93L113 93L113 94L110 94L110 95L107 95L107 94L108 94L108 93L106 93L106 92L107 92L107 91L108 91L108 90L109 90L109 89L110 89L110 88L111 88L111 85L109 85L109 84L111 84L111 82L110 82L110 83L109 83L109 84L108 84L108 85L107 85L107 87L106 87L106 88L107 88L107 87L108 87L108 86L109 86L109 87L110 87L110 88L108 88L108 89L107 89L107 90L106 90L106 89L105 89L105 90L104 90L104 89L103 89L103 88L102 88L102 87L104 87L104 88L105 88L105 86L106 86L106 85L105 85L105 84L107 84L107 83L108 83L108 82L109 82L109 81L108 81L108 79L107 79L107 78L106 78L106 77L105 77L105 78L104 78L104 77L103 77L103 76L102 76L102 75L101 75L101 74L102 74L102 73L100 73L100 75L99 75L99 74L98 74L98 75L95 75L95 74L94 74L94 73L93 73L93 70L94 70L94 72L95 72L95 71L96 71L96 72L97 72L97 73L96 73L96 74L97 74L97 73L98 73L98 72L99 72L99 69L98 69L98 68L99 68L99 65L96 65L96 62L97 62L97 61L96 61L96 58L97 58L97 56L96 56L96 57L95 57L95 55L94 55L94 57L95 57L95 59L94 59L94 60L95 60L95 62L94 62L94 61L93 61L93 60L92 60L92 59L91 59L91 60L90 60L90 59L89 59L89 61L90 61L90 62L91 62L91 63L92 63L92 64L93 64L93 63L94 63L94 64L95 64L95 65L96 65L96 66L94 66L94 65L93 65L93 66L92 66L92 65L91 65L91 64L89 64L89 62L88 62L88 63L86 63L86 62L87 62L87 61L86 61L86 62L85 62L85 61L84 61L84 57L83 57L83 55L84 55L84 54L83 54L83 55L82 55L82 54L81 54L81 53L80 53L80 54L79 54L79 53L78 53L78 52L77 52L77 53L76 53L76 54L78 54L78 55L81 55L81 56L82 56L82 58L83 58L83 60L82 60L82 62L83 62L83 64L82 64L82 65L84 65L84 63L85 63L85 65L86 65L86 64L87 64L87 65L88 65L88 64L89 64L89 65L91 65L91 66L90 66L90 67L89 67L89 66L88 66L88 67L89 67L89 68L87 68L87 66L86 66L86 67L85 67L85 66L84 66L84 67L82 67L82 66L81 66L81 64L80 64L80 62L81 62L81 61L80 61L80 60L79 60L79 59L78 59L78 58L79 58L79 57L80 57L80 56L79 56L79 57L78 57L78 56L76 56L76 55L75 55L75 54L73 54L73 55L72 55L72 56L71 56L71 55L70 55L70 54L69 54L69 53L64 53L64 54L62 54L62 57L61 57L61 58L62 58L62 60L61 60L61 62L62 62L62 61L63 61L63 62L64 62L64 63L62 63L62 64L64 64L64 63L65 63L65 64L67 64L67 65L66 65L66 66L68 66L68 67L69 67L69 68L71 68L71 69L70 69L70 70L69 70L69 69L68 69L68 68L67 68L67 67L66 67L66 68L65 68L65 66L64 66L64 65L62 65L62 66L61 66L61 67L60 67L60 65L61 65L61 63L60 63L60 64L58 64L58 63L59 63L59 62L60 62L60 61L59 61L59 62L57 62L57 61L56 61L56 62L57 62L57 64L56 64L56 63L55 63L55 62L54 62L54 63L55 63L55 64L52 64L52 65L53 65L53 66L51 66L51 65L50 65L50 64L49 64L49 63L50 63L50 62L51 62L51 63L52 63L52 62L53 62L53 60L54 60L54 59L56 59L56 57L55 57L55 58L53 58L53 55L54 55L54 56L55 56L55 55L56 55L56 56L57 56L57 55L59 55L59 56L61 56L61 54L60 54L60 55L59 55L59 54L58 54L58 53L57 53L57 51L58 51L58 52L59 52L59 53L60 53L60 52L61 52L61 51L58 51L58 50L57 50L57 51L56 51L56 53L55 53L55 51L54 51L54 49L53 49L53 48L52 48L52 49L50 49L50 48L51 48L51 47L50 47L50 48L49 48L49 47ZM121 47L121 48L122 48L122 47ZM165 47L165 49L166 49L166 47ZM15 48L15 49L16 49L16 50L17 50L17 49L16 49L16 48ZM35 48L35 49L36 49L36 48ZM60 48L60 49L61 49L61 48ZM92 48L92 49L94 49L94 48ZM111 48L111 49L112 49L112 48ZM81 49L81 50L82 50L82 49ZM137 49L137 50L138 50L138 49ZM0 50L0 51L1 51L1 52L2 52L2 51L1 51L1 50ZM4 50L4 51L5 51L5 50ZM27 50L27 51L28 51L28 52L29 52L29 51L28 51L28 50ZM50 50L50 51L49 51L49 52L48 52L48 55L49 55L49 56L48 56L48 57L47 57L47 56L46 56L46 55L47 55L47 54L46 54L46 53L45 53L45 54L44 54L44 53L43 53L43 52L42 52L42 51L40 51L40 52L41 52L41 53L42 53L42 54L43 54L43 55L42 55L42 57L41 57L41 58L44 58L44 57L43 57L43 55L44 55L44 56L45 56L45 57L47 57L47 58L45 58L45 59L44 59L44 60L45 60L45 59L46 59L46 60L47 60L47 62L46 62L46 61L45 61L45 63L43 63L43 64L42 64L42 66L43 66L43 67L44 67L44 68L45 68L45 69L46 69L46 67L47 67L47 66L46 66L46 65L45 65L45 66L44 66L44 65L43 65L43 64L45 64L45 63L46 63L46 64L47 64L47 63L48 63L48 62L50 62L50 61L51 61L51 60L52 60L52 59L51 59L51 58L52 58L52 57L51 57L51 58L49 58L49 57L50 57L50 56L52 56L52 55L51 55L51 54L50 54L50 55L49 55L49 53L50 53L50 52L51 52L51 53L52 53L52 52L53 52L53 50L52 50L52 51L51 51L51 50ZM68 50L68 51L69 51L69 50ZM92 50L92 51L93 51L93 50ZM125 50L125 51L124 51L124 52L123 52L123 53L122 53L122 55L121 55L121 56L122 56L122 55L124 55L124 56L125 56L125 55L126 55L126 54L125 54L125 52L126 52L126 53L127 53L127 52L128 52L128 53L129 53L129 51L126 51L126 50ZM146 50L146 51L147 51L147 50ZM153 50L153 51L154 51L154 52L155 52L155 51L154 51L154 50ZM136 51L136 52L137 52L137 51ZM138 51L138 52L139 52L139 51ZM6 52L6 53L7 53L7 52ZM8 52L8 53L9 53L9 52ZM30 52L30 53L31 53L31 52ZM117 52L117 53L118 53L118 52ZM119 52L119 54L118 54L118 55L119 55L119 56L120 56L120 54L121 54L121 52ZM160 52L160 53L161 53L161 52ZM0 53L0 54L1 54L1 55L2 55L2 54L3 54L3 53ZM20 53L20 54L21 54L21 53ZM54 53L54 54L55 54L55 53ZM56 53L56 55L57 55L57 53ZM98 53L98 56L99 56L99 53ZM115 53L115 54L116 54L116 56L117 56L117 54L116 54L116 53ZM123 53L123 54L124 54L124 53ZM134 53L134 55L135 55L135 54L136 54L136 53ZM167 53L167 54L168 54L168 53ZM170 53L170 54L171 54L171 53ZM45 54L45 55L46 55L46 54ZM65 54L65 56L66 56L66 57L67 57L67 56L68 56L68 57L69 57L69 55L68 55L68 54ZM138 54L138 55L139 55L139 54ZM151 54L151 55L148 55L148 56L147 56L147 57L148 57L148 56L149 56L149 57L150 57L150 58L152 58L152 56L153 56L153 55L152 55L152 54ZM160 54L160 55L161 55L161 56L158 56L158 58L156 58L156 59L155 59L155 60L157 60L157 59L158 59L158 60L159 60L159 59L160 59L160 58L161 58L161 56L162 56L162 55L163 55L163 54ZM74 55L74 56L73 56L73 57L70 57L70 58L71 58L71 59L72 59L72 60L71 60L71 61L69 61L69 60L70 60L70 59L69 59L69 60L68 60L68 58L67 58L67 59L66 59L66 58L65 58L65 60L64 60L64 61L65 61L65 62L66 62L66 63L67 63L67 64L68 64L68 65L69 65L69 66L70 66L70 67L71 67L71 68L72 68L72 69L71 69L71 71L72 71L72 72L73 72L73 68L72 68L72 67L71 67L71 65L70 65L70 64L69 64L69 63L68 63L68 61L69 61L69 62L71 62L71 64L72 64L72 63L73 63L73 64L74 64L74 63L75 63L75 62L76 62L76 61L77 61L77 60L76 60L76 59L77 59L77 58L78 58L78 57L77 57L77 58L73 58L73 57L74 57L74 56L75 56L75 57L76 57L76 56L75 56L75 55ZM63 56L63 57L62 57L62 58L63 58L63 59L64 59L64 58L63 58L63 57L64 57L64 56ZM5 57L5 60L8 60L8 57ZM29 57L29 60L32 60L32 57ZM57 57L57 60L60 60L60 57ZM85 57L85 60L88 60L88 57ZM98 57L98 58L99 58L99 57ZM110 57L110 58L111 58L111 59L112 59L112 57ZM113 57L113 60L116 60L116 57ZM141 57L141 60L144 60L144 57ZM169 57L169 60L172 60L172 57ZM6 58L6 59L7 59L7 58ZM21 58L21 59L22 59L22 60L23 60L23 59L22 59L22 58ZM24 58L24 59L26 59L26 58ZM30 58L30 59L31 59L31 58ZM47 58L47 60L49 60L49 61L50 61L50 59L48 59L48 58ZM58 58L58 59L59 59L59 58ZM80 58L80 59L81 59L81 58ZM86 58L86 59L87 59L87 58ZM104 58L104 59L105 59L105 58ZM114 58L114 59L115 59L115 58ZM135 58L135 59L137 59L137 60L138 60L138 59L137 59L137 58ZM142 58L142 59L143 59L143 58ZM158 58L158 59L159 59L159 58ZM170 58L170 59L171 59L171 58ZM73 59L73 62L74 62L74 61L76 61L76 60L74 60L74 59ZM120 59L120 60L121 60L121 62L122 62L122 61L123 61L123 59L122 59L122 60L121 60L121 59ZM65 60L65 61L66 61L66 62L67 62L67 61L68 61L68 60L67 60L67 61L66 61L66 60ZM78 60L78 61L79 61L79 60ZM111 60L111 61L112 61L112 60ZM148 60L148 62L147 62L147 61L146 61L146 62L147 62L147 63L146 63L146 64L145 64L145 62L144 62L144 63L141 63L141 62L143 62L143 61L141 61L141 62L140 62L140 63L136 63L136 64L135 64L135 65L134 65L134 67L135 67L135 66L136 66L136 65L137 65L137 64L139 64L139 65L142 65L142 66L144 66L144 64L145 64L145 66L147 66L147 68L148 68L148 69L146 69L146 67L144 67L144 68L145 68L145 69L143 69L143 68L142 68L142 67L141 67L141 66L139 66L139 67L138 67L138 66L137 66L137 67L136 67L136 68L138 68L138 69L139 69L139 71L138 71L138 70L137 70L137 71L138 71L138 72L139 72L139 71L140 71L140 72L141 72L141 74L143 74L143 73L144 73L144 72L145 72L145 71L146 71L146 70L147 70L147 71L148 71L148 70L149 70L149 71L150 71L150 72L152 72L152 74L153 74L153 72L154 72L154 71L153 71L153 72L152 72L152 71L151 71L151 70L152 70L152 69L153 69L153 70L155 70L155 69L156 69L156 68L157 68L157 69L158 69L158 70L157 70L157 71L155 71L155 72L157 72L157 71L158 71L158 70L159 70L159 71L160 71L160 70L161 70L161 68L162 68L162 67L163 67L163 68L164 68L164 67L163 67L163 66L161 66L161 68L160 68L160 67L157 67L157 66L159 66L159 64L158 64L158 65L157 65L157 66L156 66L156 67L155 67L155 68L154 68L154 67L153 67L153 68L152 68L152 67L151 67L151 66L148 66L148 65L150 65L150 63L151 63L151 65L152 65L152 66L155 66L155 65L156 65L156 64L157 64L157 63L156 63L156 64L155 64L155 63L154 63L154 62L153 62L153 63L154 63L154 64L155 64L155 65L153 65L153 64L152 64L152 63L151 63L151 62L150 62L150 61L149 61L149 60ZM19 61L19 62L20 62L20 61ZM28 61L28 62L29 62L29 61ZM30 61L30 62L31 62L31 61ZM71 61L71 62L72 62L72 61ZM91 61L91 62L93 62L93 61ZM16 62L16 63L17 63L17 64L18 64L18 65L19 65L19 64L18 64L18 62ZM78 62L78 65L79 65L79 62ZM103 62L103 63L104 63L104 64L105 64L105 62ZM131 62L131 63L132 63L132 62ZM149 62L149 63L147 63L147 64L149 64L149 63L150 63L150 62ZM173 62L173 63L172 63L172 64L171 64L171 65L172 65L172 64L173 64L173 63L174 63L174 62ZM76 63L76 64L75 64L75 65L74 65L74 66L76 66L76 65L77 65L77 63ZM14 64L14 65L15 65L15 64ZM32 64L32 65L33 65L33 64ZM48 64L48 65L49 65L49 64ZM55 64L55 65L54 65L54 66L56 66L56 67L57 67L57 66L58 66L58 67L59 67L59 65L58 65L58 64L57 64L57 65L56 65L56 64ZM160 64L160 65L161 65L161 64ZM24 65L24 66L23 66L23 67L24 67L24 68L23 68L23 69L24 69L24 68L25 68L25 67L24 67L24 66L25 66L25 65ZM38 65L38 66L36 66L36 67L38 67L38 66L39 66L39 67L40 67L40 66L39 66L39 65ZM72 65L72 66L73 66L73 65ZM6 66L6 67L7 67L7 66ZM45 66L45 67L46 67L46 66ZM48 66L48 67L50 67L50 66ZM62 66L62 67L61 67L61 68L59 68L59 69L58 69L58 68L56 68L56 69L57 69L57 70L58 70L58 71L59 71L59 72L60 72L60 71L61 71L61 72L62 72L62 71L63 71L63 69L65 69L65 68L63 68L63 69L62 69L62 70L60 70L60 69L61 69L61 68L62 68L62 67L63 67L63 66ZM77 66L77 68L76 68L76 67L75 67L75 69L74 69L74 70L75 70L75 72L76 72L76 73L74 73L74 74L73 74L73 73L70 73L70 72L68 72L68 71L66 71L66 70L65 70L65 72L63 72L63 73L62 73L62 74L61 74L61 73L60 73L60 76L62 76L62 75L63 75L63 76L64 76L64 77L62 77L62 78L64 78L64 77L65 77L65 78L66 78L66 79L67 79L67 80L66 80L66 81L67 81L67 80L68 80L68 81L69 81L69 80L72 80L72 79L73 79L73 80L74 80L74 79L75 79L75 80L78 80L78 81L79 81L79 82L78 82L78 85L79 85L79 86L78 86L78 89L79 89L79 88L80 88L80 89L81 89L81 90L80 90L80 91L81 91L81 90L82 90L82 91L85 91L85 90L83 90L83 89L82 89L82 88L81 88L81 87L80 87L80 85L79 85L79 84L80 84L80 83L79 83L79 82L80 82L80 81L79 81L79 80L80 80L80 78L79 78L79 79L78 79L78 78L77 78L77 79L75 79L75 78L76 78L76 77L77 77L77 76L78 76L78 77L79 77L79 76L80 76L80 77L81 77L81 78L82 78L82 79L84 79L84 78L85 78L85 79L86 79L86 78L87 78L87 80L86 80L86 81L85 81L85 80L84 80L84 81L81 81L81 82L85 82L85 83L83 83L83 85L81 85L81 86L84 86L84 87L83 87L83 88L84 88L84 89L86 89L86 90L87 90L87 92L88 92L88 91L90 91L90 92L91 92L91 93L92 93L92 94L93 94L93 95L92 95L92 96L93 96L93 95L95 95L95 93L96 93L96 92L98 92L98 93L97 93L97 94L96 94L96 96L94 96L94 97L97 97L97 98L95 98L95 99L96 99L96 101L100 101L100 102L98 102L98 103L100 103L100 102L101 102L101 103L102 103L102 104L100 104L100 105L99 105L99 104L98 104L98 105L99 105L99 107L100 107L100 106L101 106L101 105L102 105L102 106L103 106L103 105L102 105L102 104L103 104L103 102L102 102L102 101L100 101L100 100L101 100L101 99L99 99L99 100L97 100L97 99L98 99L98 98L105 98L105 97L107 97L107 96L105 96L105 95L106 95L106 94L105 94L105 93L104 93L104 94L102 94L102 93L101 93L101 92L100 92L100 93L99 93L99 92L98 92L98 89L99 89L99 91L100 91L100 90L101 90L101 91L102 91L102 92L104 92L104 91L103 91L103 90L102 90L102 89L101 89L101 88L100 88L100 89L99 89L99 88L97 88L97 87L98 87L98 86L99 86L99 87L100 87L100 86L102 86L102 85L101 85L101 84L103 84L103 83L104 83L104 84L105 84L105 83L104 83L104 82L103 82L103 81L107 81L107 82L108 82L108 81L107 81L107 80L105 80L105 79L104 79L104 80L103 80L103 78L102 78L102 77L101 77L101 76L100 76L100 77L99 77L99 76L98 76L98 77L97 77L97 76L96 76L96 77L95 77L95 76L94 76L94 75L93 75L93 76L92 76L92 74L93 74L93 73L92 73L92 74L90 74L90 73L89 73L89 72L88 72L88 73L87 73L87 72L86 72L86 70L89 70L89 71L90 71L90 72L92 72L92 71L91 71L91 70L90 70L90 69L87 69L87 68L86 68L86 69L85 69L85 68L84 68L84 69L81 69L81 68L80 68L80 69L81 69L81 70L82 70L82 71L84 71L84 72L83 72L83 73L82 73L82 72L80 72L80 73L81 73L81 74L82 74L82 75L84 75L84 76L83 76L83 77L82 77L82 76L81 76L81 75L80 75L80 74L79 74L79 75L78 75L78 74L77 74L77 75L76 75L76 76L75 76L75 77L74 77L74 78L73 78L73 77L72 77L72 76L74 76L74 75L75 75L75 74L76 74L76 73L77 73L77 72L79 72L79 71L78 71L78 70L77 70L77 72L76 72L76 70L75 70L75 69L77 69L77 68L78 68L78 69L79 69L79 67L78 67L78 66ZM96 66L96 67L94 67L94 68L93 68L93 69L92 69L92 70L93 70L93 69L94 69L94 70L95 70L95 69L96 69L96 68L97 68L97 66ZM10 67L10 68L11 68L11 67ZM32 67L32 68L33 68L33 67ZM90 67L90 68L91 68L91 67ZM105 67L105 68L106 68L106 67ZM139 67L139 69L140 69L140 70L141 70L141 71L142 71L142 72L144 72L144 71L143 71L143 70L142 70L142 69L141 69L141 68L140 68L140 67ZM148 67L148 68L150 68L150 70L151 70L151 67ZM27 68L27 69L28 69L28 68ZM66 68L66 69L67 69L67 68ZM153 68L153 69L154 69L154 68ZM158 68L158 69L160 69L160 68ZM14 69L14 71L15 71L15 69ZM21 69L21 70L22 70L22 69ZM6 70L6 71L7 71L7 70ZM96 70L96 71L97 71L97 70ZM125 70L125 71L124 71L124 72L126 72L126 73L127 73L127 71L126 71L126 70ZM30 71L30 72L29 72L29 73L30 73L30 72L31 72L31 71ZM129 71L129 73L130 73L130 71ZM133 71L133 72L134 72L134 71ZM14 72L14 73L13 73L13 74L14 74L14 73L15 73L15 72ZM18 72L18 73L17 73L17 75L19 75L19 74L18 74L18 73L19 73L19 72ZM65 72L65 73L63 73L63 74L66 74L66 75L67 75L67 76L70 76L70 77L66 77L66 76L65 76L65 75L64 75L64 76L65 76L65 77L66 77L66 78L68 78L68 79L69 79L69 78L70 78L70 79L71 79L71 78L72 78L72 77L71 77L71 76L72 76L72 75L73 75L73 74L71 74L71 75L70 75L70 74L69 74L69 73L68 73L68 72L67 72L67 73L66 73L66 72ZM85 72L85 73L86 73L86 74L85 74L85 77L86 77L86 76L87 76L87 77L88 77L88 76L89 76L89 77L90 77L90 78L88 78L88 79L89 79L89 80L87 80L87 81L90 81L90 82L91 82L91 84L95 84L95 83L96 83L96 82L97 82L97 85L95 85L95 86L97 86L97 85L98 85L98 84L99 84L99 85L100 85L100 84L101 84L101 82L102 82L102 81L103 81L103 80L102 80L102 79L101 79L101 78L100 78L100 79L99 79L99 78L98 78L98 79L97 79L97 80L96 80L96 81L95 81L95 79L96 79L96 78L97 78L97 77L96 77L96 78L94 78L94 77L93 77L93 78L92 78L92 77L91 77L91 76L89 76L89 74L88 74L88 75L86 75L86 74L87 74L87 73L86 73L86 72ZM57 73L57 74L58 74L58 75L59 75L59 73ZM67 73L67 74L68 74L68 75L69 75L69 74L68 74L68 73ZM83 73L83 74L84 74L84 73ZM118 73L118 74L119 74L119 73ZM154 73L154 74L155 74L155 73ZM25 74L25 75L26 75L26 74ZM50 74L50 75L51 75L51 74ZM114 74L114 75L115 75L115 74ZM150 74L150 75L151 75L151 74ZM166 74L166 75L167 75L167 74ZM5 75L5 76L7 76L7 77L6 77L6 78L7 78L7 77L9 77L9 76L8 76L8 75ZM125 75L125 76L126 76L126 77L127 77L127 76L126 76L126 75ZM170 75L170 78L169 78L169 79L168 79L168 80L169 80L169 79L170 79L170 78L171 78L171 75ZM175 75L175 77L176 77L176 75ZM10 76L10 78L12 78L12 79L13 79L13 77L11 77L11 76ZM22 76L22 77L23 77L23 76ZM35 76L35 77L36 77L36 76ZM48 76L48 77L49 77L49 76ZM128 76L128 78L129 78L129 80L130 80L130 81L131 81L131 83L129 83L129 84L133 84L133 85L134 85L134 86L135 86L135 85L134 85L134 84L136 84L136 83L137 83L137 82L138 82L138 83L139 83L139 81L138 81L138 80L137 80L137 82L136 82L136 81L135 81L135 82L136 82L136 83L134 83L134 81L133 81L133 79L132 79L132 81L131 81L131 79L130 79L130 78L129 78L129 76ZM30 77L30 78L31 78L31 77ZM45 77L45 78L46 78L46 77ZM60 77L60 80L59 80L59 81L60 81L60 80L61 80L61 77ZM70 77L70 78L71 78L71 77ZM140 77L140 78L141 78L141 79L142 79L142 78L141 78L141 77ZM27 78L27 79L28 79L28 78ZM149 78L149 79L151 79L151 78ZM19 79L19 80L20 80L20 79ZM90 79L90 80L91 80L91 81L92 81L92 82L93 82L93 83L95 83L95 81L94 81L94 79L93 79L93 80L92 80L92 79ZM120 79L120 80L121 80L121 79ZM134 79L134 80L135 80L135 79ZM16 80L16 81L17 81L17 80ZM25 80L25 81L27 81L27 80ZM40 80L40 81L41 81L41 80ZM97 80L97 81L98 81L98 83L100 83L100 82L99 82L99 81L100 81L100 80ZM101 80L101 81L102 81L102 80ZM5 81L5 82L6 82L6 83L7 83L7 82L6 82L6 81ZM70 81L70 82L71 82L71 83L70 83L70 84L71 84L71 83L72 83L72 84L73 84L73 81L72 81L72 82L71 82L71 81ZM76 81L76 82L77 82L77 81ZM112 81L112 82L113 82L113 81ZM119 81L119 82L120 82L120 81ZM55 82L55 83L56 83L56 84L59 84L59 83L58 83L58 82ZM74 82L74 84L75 84L75 82ZM86 82L86 83L85 83L85 84L89 84L89 87L91 87L91 86L92 86L92 85L90 85L90 83L89 83L89 82L88 82L88 83L87 83L87 82ZM132 82L132 83L133 83L133 82ZM20 83L20 84L21 84L21 83ZM43 83L43 84L44 84L44 87L45 87L45 84L46 84L46 83L45 83L45 84L44 84L44 83ZM48 83L48 84L47 84L47 85L46 85L46 86L47 86L47 87L48 87L48 86L47 86L47 85L48 85L48 84L49 84L49 83ZM52 83L52 84L53 84L53 83ZM153 83L153 84L154 84L154 86L155 86L155 85L156 85L156 84L155 84L155 83ZM148 84L148 85L149 85L149 87L150 87L150 88L152 88L152 87L151 87L151 86L150 86L150 85L149 85L149 84ZM5 85L5 88L8 88L8 85ZM12 85L12 86L13 86L13 85ZM29 85L29 88L32 88L32 85ZM34 85L34 86L35 86L35 85ZM57 85L57 88L60 88L60 85ZM85 85L85 88L88 88L88 85ZM93 85L93 86L94 86L94 85ZM103 85L103 86L105 86L105 85ZM113 85L113 88L116 88L116 85ZM141 85L141 88L144 88L144 85ZM169 85L169 88L172 88L172 85ZM6 86L6 87L7 87L7 86ZM9 86L9 87L10 87L10 86ZM18 86L18 87L19 87L19 86ZM30 86L30 87L31 87L31 86ZM42 86L42 87L43 87L43 86ZM58 86L58 87L59 87L59 86ZM86 86L86 87L87 87L87 86ZM114 86L114 87L115 87L115 86ZM131 86L131 87L132 87L132 86ZM142 86L142 87L143 87L143 86ZM170 86L170 87L171 87L171 86ZM173 86L173 87L175 87L175 86ZM92 87L92 88L93 88L93 87ZM94 87L94 88L95 88L95 87ZM117 87L117 88L118 88L118 87ZM11 88L11 89L12 89L12 88ZM15 88L15 89L16 89L16 88ZM71 88L71 89L70 89L70 90L71 90L71 89L72 89L72 88ZM89 88L89 90L91 90L91 91L92 91L92 92L93 92L93 93L94 93L94 92L95 92L95 91L96 91L96 90L97 90L97 88L96 88L96 89L95 89L95 90L94 90L94 89L93 89L93 90L92 90L92 89L91 89L91 88ZM122 88L122 89L123 89L123 88ZM137 88L137 90L138 90L138 91L142 91L142 90L139 90L139 89L138 89L138 88ZM22 89L22 90L23 90L23 89ZM31 89L31 90L32 90L32 89ZM34 89L34 90L35 90L35 89ZM62 89L62 90L60 90L60 91L61 91L61 92L64 92L64 91L66 91L66 90L63 90L63 89ZM87 89L87 90L88 90L88 89ZM114 89L114 90L115 90L115 89ZM116 89L116 90L117 90L117 89ZM6 90L6 91L7 91L7 90ZM15 90L15 92L14 92L14 93L13 93L13 94L14 94L14 93L15 93L15 94L16 94L16 93L15 93L15 92L16 92L16 90ZM51 90L51 91L52 91L52 90ZM62 90L62 91L63 91L63 90ZM157 90L157 91L159 91L159 90ZM35 91L35 92L37 92L37 91ZM93 91L93 92L94 92L94 91ZM21 92L21 93L22 93L22 92ZM148 92L148 93L146 93L146 94L145 94L145 95L146 95L146 97L145 97L145 98L144 98L144 99L146 99L146 98L147 98L147 95L148 95L148 94L149 94L149 95L150 95L150 96L151 96L151 98L150 98L150 97L149 97L149 96L148 96L148 99L149 99L149 98L150 98L150 99L152 99L152 97L153 97L153 98L155 98L155 97L153 97L153 96L152 96L152 95L151 95L151 94L150 94L150 93L149 93L149 92ZM6 93L6 94L5 94L5 95L6 95L6 96L7 96L7 97L8 97L8 96L7 96L7 95L6 95L6 94L7 94L7 93ZM42 93L42 94L41 94L41 95L42 95L42 94L43 94L43 93ZM68 93L68 94L67 94L67 96L68 96L68 94L69 94L69 93ZM72 93L72 94L71 94L71 96L72 96L72 95L73 95L73 94L74 94L74 93ZM77 93L77 94L78 94L78 93ZM98 93L98 95L97 95L97 97L98 97L98 96L100 96L100 97L104 97L104 95L105 95L105 94L104 94L104 95L103 95L103 96L102 96L102 95L101 95L101 94L100 94L100 95L99 95L99 93ZM24 94L24 95L25 95L25 94ZM32 94L32 95L33 95L33 94ZM48 94L48 95L47 95L47 96L48 96L48 95L49 95L49 94ZM133 94L133 95L132 95L132 98L133 98L133 97L134 97L134 96L133 96L133 95L134 95L134 94ZM146 94L146 95L147 95L147 94ZM164 94L164 95L165 95L165 94ZM1 95L1 96L2 96L2 95ZM9 95L9 97L10 97L10 95ZM22 95L22 96L23 96L23 95ZM75 95L75 96L76 96L76 95ZM135 95L135 96L136 96L136 95ZM4 96L4 97L5 97L5 96ZM30 96L30 97L31 97L31 96ZM80 96L80 97L81 97L81 96ZM163 96L163 97L164 97L164 98L165 98L165 96ZM168 96L168 97L166 97L166 99L167 99L167 100L168 100L168 99L169 99L169 100L170 100L170 99L171 99L171 98L170 98L170 97L171 97L171 96L170 96L170 97L169 97L169 96ZM108 97L108 99L107 99L107 100L106 100L106 99L105 99L105 100L104 100L104 99L102 99L102 100L103 100L103 101L104 101L104 102L105 102L105 101L106 101L106 102L107 102L107 101L108 101L108 100L110 100L110 98L109 98L109 97ZM139 97L139 99L138 99L138 100L139 100L139 99L140 99L140 101L137 101L137 103L135 103L135 104L138 104L138 105L139 105L139 107L140 107L140 109L139 109L139 110L140 110L140 112L139 112L139 115L138 115L138 114L137 114L137 115L136 115L136 116L138 116L138 117L139 117L139 116L140 116L140 112L141 112L141 110L142 110L142 111L143 111L143 112L144 112L144 109L145 109L145 111L146 111L146 110L147 110L147 109L149 109L149 110L150 110L150 109L149 109L149 108L146 108L146 109L145 109L145 107L144 107L144 108L143 108L143 109L142 109L142 108L141 108L141 107L140 107L140 105L139 105L139 103L140 103L140 104L141 104L141 103L140 103L140 101L141 101L141 102L142 102L142 103L143 103L143 101L145 101L145 100L143 100L143 101L142 101L142 100L141 100L141 99L140 99L140 97ZM168 97L168 98L167 98L167 99L168 99L168 98L169 98L169 97ZM8 98L8 99L9 99L9 98ZM124 98L124 99L125 99L125 98ZM142 98L142 99L143 99L143 98ZM1 99L1 101L2 101L2 99ZM13 99L13 100L14 100L14 99ZM136 99L136 100L137 100L137 99ZM162 99L162 102L163 102L163 99ZM52 100L52 101L53 101L53 100ZM171 100L171 101L172 101L172 100ZM20 101L20 102L21 102L21 103L22 103L22 102L21 102L21 101ZM29 101L29 102L28 102L28 104L29 104L29 105L28 105L28 106L29 106L29 105L30 105L30 106L31 106L31 105L32 105L32 102L33 102L33 101L32 101L32 102L30 102L30 101ZM35 101L35 102L36 102L36 101ZM109 101L109 102L110 102L110 101ZM174 101L174 102L175 102L175 103L176 103L176 104L177 104L177 102L176 102L176 101ZM24 102L24 103L25 103L25 102ZM29 102L29 104L30 104L30 105L31 105L31 103L30 103L30 102ZM122 102L122 103L121 103L121 104L122 104L122 103L124 103L124 102ZM138 102L138 103L139 103L139 102ZM150 102L150 103L151 103L151 102ZM158 102L158 103L159 103L159 106L158 106L158 107L159 107L159 106L160 106L160 104L161 104L161 105L162 105L162 106L165 106L165 107L163 107L163 108L162 108L162 107L160 107L160 108L161 108L161 109L159 109L159 110L158 110L158 111L156 111L156 113L155 113L155 114L154 114L154 113L153 113L153 114L154 114L154 115L156 115L156 114L157 114L157 113L158 113L158 112L159 112L159 113L160 113L160 112L162 112L162 111L161 111L161 110L163 110L163 111L164 111L164 112L165 112L165 111L166 111L166 112L167 112L167 111L168 111L168 110L169 110L169 109L170 109L170 108L171 108L171 107L170 107L170 108L169 108L169 107L167 107L167 106L165 106L165 105L163 105L163 104L162 104L162 103L161 103L161 102L160 102L160 103L159 103L159 102ZM113 103L113 104L114 104L114 103ZM155 103L155 104L156 104L156 103ZM20 105L20 106L21 106L21 105ZM33 105L33 106L34 106L34 107L35 107L35 106L34 106L34 105ZM56 105L56 106L57 106L57 105ZM65 105L65 106L66 106L66 107L67 107L67 108L65 108L65 107L64 107L64 108L63 108L63 110L62 110L62 112L63 112L63 113L65 113L65 111L66 111L66 110L68 110L68 109L67 109L67 108L68 108L68 107L67 107L67 106L66 106L66 105ZM23 106L23 107L22 107L22 109L23 109L23 110L24 110L24 109L23 109L23 107L24 107L24 106ZM42 106L42 107L43 107L43 108L42 108L42 109L41 109L41 108L40 108L40 109L41 109L41 111L42 111L42 112L43 112L43 111L44 111L44 109L45 109L45 108L44 108L44 107L43 107L43 106ZM45 106L45 107L46 107L46 106ZM50 106L50 107L53 107L53 106ZM37 107L37 109L39 109L39 107ZM114 107L114 108L115 108L115 107ZM165 107L165 108L163 108L163 109L164 109L164 110L165 110L165 109L166 109L166 110L168 110L168 109L167 109L167 108L166 108L166 107ZM17 108L17 109L18 109L18 110L19 110L19 109L18 109L18 108ZM43 108L43 109L42 109L42 110L43 110L43 109L44 109L44 108ZM13 109L13 110L14 110L14 109ZM64 109L64 110L63 110L63 111L65 111L65 110L66 110L66 109ZM132 109L132 110L131 110L131 111L130 111L130 110L128 110L128 111L129 111L129 112L130 112L130 113L131 113L131 114L132 114L132 113L134 113L134 112L133 112L133 111L134 111L134 110L135 110L135 109L134 109L134 110L133 110L133 109ZM6 110L6 111L7 111L7 110ZM20 110L20 111L21 111L21 110ZM34 110L34 111L33 111L33 112L34 112L34 113L35 113L35 112L37 112L37 113L36 113L36 115L35 115L35 116L36 116L36 115L38 115L38 114L39 114L39 115L40 115L40 114L42 114L42 113L41 113L41 112L40 112L40 111L39 111L39 112L37 112L37 111L38 111L38 110L37 110L37 111L36 111L36 110ZM82 110L82 111L83 111L83 110ZM123 110L123 111L125 111L125 110ZM132 110L132 111L131 111L131 112L132 112L132 111L133 111L133 110ZM1 111L1 112L2 112L2 111ZM27 111L27 113L28 113L28 111ZM34 111L34 112L35 112L35 111ZM57 111L57 112L58 112L58 111ZM59 111L59 112L60 112L60 111ZM99 111L99 112L98 112L98 113L97 113L97 114L96 114L96 115L98 115L98 114L99 114L99 115L100 115L100 114L101 114L101 115L102 115L102 116L100 116L100 117L99 117L99 116L98 116L98 117L97 117L97 116L93 116L93 115L92 115L92 116L93 116L93 117L91 117L91 118L90 118L90 117L89 117L89 118L88 118L88 119L87 119L87 118L86 118L86 119L85 119L85 121L84 121L84 122L83 122L83 121L82 121L82 120L80 120L80 121L79 121L79 122L74 122L74 123L75 123L75 124L76 124L76 125L74 125L74 126L73 126L73 125L72 125L72 126L71 126L71 125L70 125L70 126L68 126L68 127L67 127L67 128L65 128L65 127L64 127L64 128L63 128L63 129L62 129L62 127L63 127L63 125L62 125L62 126L61 126L61 127L60 127L60 128L61 128L61 130L64 130L64 129L69 129L69 130L71 130L71 132L72 132L72 131L73 131L73 133L74 133L74 134L71 134L71 133L69 133L69 134L70 134L70 135L71 135L71 136L72 136L72 135L73 135L73 136L74 136L74 134L75 134L75 133L81 133L81 132L80 132L80 131L81 131L81 130L82 130L82 131L84 131L84 132L85 132L85 133L82 133L82 134L83 134L83 136L84 136L84 135L87 135L87 136L86 136L86 137L87 137L87 138L88 138L88 136L89 136L89 135L90 135L90 136L92 136L92 138L90 138L90 137L89 137L89 139L90 139L90 140L91 140L91 139L92 139L92 141L96 141L96 140L97 140L97 139L98 139L98 137L97 137L97 138L96 138L96 139L95 139L95 140L93 140L93 139L92 139L92 138L93 138L93 137L94 137L94 138L95 138L95 137L96 137L96 136L98 136L98 133L99 133L99 134L101 134L101 135L102 135L102 136L103 136L103 137L104 137L104 138L105 138L105 137L108 137L108 136L110 136L110 135L109 135L109 134L110 134L110 133L109 133L109 132L110 132L110 130L111 130L111 131L112 131L112 130L113 130L113 129L112 129L112 127L111 127L111 126L112 126L112 125L113 125L113 123L112 123L112 122L114 122L114 121L113 121L113 120L112 120L112 121L111 121L111 120L110 120L110 121L111 121L111 124L110 124L110 122L107 122L107 120L106 120L106 119L104 119L104 118L105 118L105 117L104 117L104 116L103 116L103 114L102 114L102 113L100 113L100 111ZM147 111L147 112L148 112L148 111ZM159 111L159 112L160 112L160 111ZM39 112L39 113L40 113L40 112ZM47 112L47 115L48 115L48 114L49 114L49 112ZM66 112L66 113L67 113L67 112ZM91 112L91 113L92 113L92 114L93 114L93 113L92 113L92 112ZM125 112L125 113L124 113L124 114L123 114L123 115L122 115L122 116L121 116L121 115L120 115L120 114L119 114L119 115L118 115L118 116L119 116L119 118L120 118L120 117L121 117L121 118L122 118L122 116L124 116L124 115L125 115L125 114L126 114L126 115L127 115L127 114L128 114L128 115L130 115L130 116L131 116L131 115L130 115L130 114L129 114L129 113L128 113L128 112L127 112L127 113L126 113L126 112ZM5 113L5 116L8 116L8 113ZM9 113L9 115L10 115L10 113ZM29 113L29 116L32 116L32 113ZM37 113L37 114L38 114L38 113ZM57 113L57 116L60 116L60 113ZM85 113L85 116L88 116L88 113ZM99 113L99 114L100 114L100 113ZM109 113L109 114L108 114L108 115L110 115L110 113ZM113 113L113 116L116 116L116 113ZM141 113L141 116L144 116L144 113ZM150 113L150 115L151 115L151 116L153 116L153 115L151 115L151 113ZM162 113L162 114L163 114L163 113ZM169 113L169 116L172 116L172 113ZM6 114L6 115L7 115L7 114ZM30 114L30 115L31 115L31 114ZM51 114L51 115L52 115L52 114ZM58 114L58 115L59 115L59 114ZM81 114L81 116L82 116L82 117L83 117L83 116L84 116L84 115L83 115L83 114ZM86 114L86 115L87 115L87 114ZM94 114L94 115L95 115L95 114ZM114 114L114 115L115 115L115 114ZM142 114L142 115L143 115L143 114ZM158 114L158 115L159 115L159 114ZM170 114L170 115L171 115L171 114ZM2 115L2 116L3 116L3 117L2 117L2 118L1 118L1 120L2 120L2 121L3 121L3 122L4 122L4 121L3 121L3 120L4 120L4 119L3 119L3 117L4 117L4 118L5 118L5 117L4 117L4 116L3 116L3 115ZM21 115L21 116L22 116L22 115ZM24 115L24 116L23 116L23 117L22 117L22 118L25 118L25 117L28 117L28 115L27 115L27 116L25 116L25 115ZM119 115L119 116L120 116L120 115ZM102 116L102 117L101 117L101 118L100 118L100 119L99 119L99 118L98 118L98 119L96 119L96 120L95 120L95 117L93 117L93 118L91 118L91 119L92 119L92 120L93 120L93 118L94 118L94 120L95 120L95 121L96 121L96 122L98 122L98 123L97 123L97 124L96 124L96 125L94 125L94 124L95 124L95 122L94 122L94 121L93 121L93 122L92 122L92 121L90 121L90 118L89 118L89 120L88 120L88 121L87 121L87 120L86 120L86 121L85 121L85 122L86 122L86 123L84 123L84 124L83 124L83 125L82 125L82 124L81 124L81 125L80 125L80 124L79 124L79 125L78 125L78 124L77 124L77 123L76 123L76 124L77 124L77 125L76 125L76 126L75 126L75 127L74 127L74 128L73 128L73 127L72 127L72 128L71 128L71 126L70 126L70 127L68 127L68 128L69 128L69 129L71 129L71 130L72 130L72 129L75 129L75 128L76 128L76 127L77 127L77 126L78 126L78 127L79 127L79 128L81 128L81 126L84 126L84 125L85 125L85 124L86 124L86 126L85 126L85 127L86 127L86 129L85 129L85 128L84 128L84 127L82 127L82 129L85 129L85 131L86 131L86 130L87 130L87 131L88 131L88 130L89 130L89 129L91 129L91 128L89 128L89 125L90 125L90 126L92 126L92 127L93 127L93 128L92 128L92 129L93 129L93 130L91 130L91 131L92 131L92 132L93 132L93 130L94 130L94 132L96 132L96 133L95 133L95 134L94 134L94 133L93 133L93 134L92 134L92 133L91 133L91 132L88 132L88 133L87 133L87 132L86 132L86 133L85 133L85 134L87 134L87 135L88 135L88 134L90 134L90 133L91 133L91 135L92 135L92 136L93 136L93 135L94 135L94 136L95 136L95 134L96 134L96 135L97 135L97 133L98 133L98 132L99 132L99 133L101 133L101 134L102 134L102 133L106 133L106 135L105 135L105 134L103 134L103 135L104 135L104 136L107 136L107 133L106 133L106 132L108 132L108 131L107 131L107 130L109 130L109 129L110 129L110 128L111 128L111 127L110 127L110 126L111 126L111 125L112 125L112 124L111 124L111 125L110 125L110 126L109 126L109 124L108 124L108 125L107 125L107 126L106 126L106 125L105 125L105 126L104 126L104 125L103 125L103 124L102 124L102 123L101 123L101 122L99 122L99 121L100 121L100 120L101 120L101 121L102 121L102 122L103 122L103 123L104 123L104 124L106 124L106 123L107 123L107 122L106 122L106 121L105 121L105 120L104 120L104 119L103 119L103 118L102 118L102 117L103 117L103 116ZM154 116L154 117L155 117L155 118L154 118L154 119L157 119L157 116L156 116L156 117L155 117L155 116ZM18 117L18 118L19 118L19 117ZM30 117L30 118L31 118L31 117ZM53 117L53 118L54 118L54 117ZM96 117L96 118L97 118L97 117ZM167 117L167 118L168 118L168 117ZM172 117L172 119L173 119L173 118L174 118L174 119L175 119L175 120L174 120L174 121L175 121L175 120L176 120L176 119L175 119L175 118L174 118L174 117ZM55 118L55 119L56 119L56 118ZM59 118L59 119L60 119L60 118ZM127 118L127 119L126 119L126 120L127 120L127 121L128 121L128 120L129 120L129 121L130 121L130 120L131 120L131 119L132 119L132 118L129 118L129 119L128 119L128 118ZM147 118L147 120L146 120L146 121L145 121L145 120L144 120L144 121L143 121L143 122L142 122L142 121L141 121L141 123L140 123L140 122L139 122L139 124L140 124L140 125L141 125L141 123L142 123L142 124L143 124L143 123L144 123L144 122L145 122L145 123L146 123L146 122L147 122L147 123L150 123L150 124L151 124L151 122L150 122L150 121L149 121L149 120L150 120L150 119L151 119L151 118ZM6 119L6 120L7 120L7 119ZM18 119L18 120L17 120L17 122L18 122L18 121L20 121L20 120L21 120L21 121L22 121L22 119ZM75 119L75 120L76 120L76 119ZM101 119L101 120L103 120L103 122L105 122L105 121L104 121L104 120L103 120L103 119ZM129 119L129 120L130 120L130 119ZM148 119L148 120L149 120L149 119ZM9 120L9 121L10 121L10 120ZM35 120L35 121L36 121L36 120ZM96 120L96 121L98 121L98 120ZM11 121L11 122L9 122L9 123L10 123L10 124L11 124L11 125L10 125L10 126L12 126L12 123L13 123L13 122L12 122L12 121ZM67 121L67 122L68 122L68 121ZM71 121L71 122L72 122L72 121ZM80 121L80 123L81 123L81 122L82 122L82 123L83 123L83 122L82 122L82 121ZM147 121L147 122L149 122L149 121ZM154 121L154 122L155 122L155 121ZM22 122L22 123L21 123L21 124L22 124L22 126L23 126L23 125L24 125L24 124L25 124L25 123L24 123L24 124L23 124L23 122ZM52 122L52 123L51 123L51 125L52 125L52 124L53 124L53 126L55 126L55 127L56 127L56 128L58 128L58 129L59 129L59 130L60 130L60 129L59 129L59 127L58 127L58 126L56 126L56 125L55 125L55 124L54 124L54 123L53 123L53 122ZM115 122L115 123L114 123L114 125L115 125L115 126L114 126L114 129L115 129L115 128L116 128L116 129L117 129L117 127L116 127L116 125L117 125L117 124L118 124L118 125L119 125L119 126L121 126L121 124L123 124L123 123L120 123L120 124L119 124L119 123L118 123L118 122L117 122L117 124L116 124L116 122ZM127 122L127 123L126 123L126 124L127 124L127 123L128 123L128 124L129 124L129 122ZM152 122L152 123L153 123L153 122ZM7 123L7 124L6 124L6 125L7 125L7 124L8 124L8 125L9 125L9 124L8 124L8 123ZM14 123L14 124L16 124L16 123ZM33 123L33 124L32 124L32 125L33 125L33 126L32 126L32 127L33 127L33 126L34 126L34 128L35 128L35 129L36 129L36 128L35 128L35 126L34 126L34 123ZM45 123L45 124L46 124L46 123ZM87 123L87 124L88 124L88 123ZM90 123L90 124L91 124L91 125L92 125L92 126L93 126L93 127L95 127L95 128L93 128L93 129L96 129L96 128L97 128L97 127L98 127L98 126L99 126L99 127L100 127L100 126L101 126L101 127L102 127L102 128L100 128L100 129L99 129L99 128L98 128L98 129L97 129L97 130L96 130L96 132L98 132L98 130L99 130L99 131L100 131L100 130L101 130L101 129L102 129L102 131L101 131L101 132L103 132L103 130L104 130L104 129L102 129L102 128L104 128L104 127L103 127L103 126L102 126L102 125L100 125L100 124L101 124L101 123L99 123L99 124L98 124L98 125L97 125L97 126L96 126L96 127L95 127L95 126L94 126L94 125L92 125L92 124L91 124L91 123ZM93 123L93 124L94 124L94 123ZM47 124L47 125L46 125L46 126L47 126L47 125L48 125L48 124ZM115 124L115 125L116 125L116 124ZM99 125L99 126L100 126L100 125ZM122 125L122 126L123 126L123 125ZM20 126L20 127L21 127L21 128L19 128L19 127L17 127L17 129L21 129L21 130L22 130L22 129L21 129L21 128L23 128L23 127L21 127L21 126ZM36 126L36 127L37 127L37 126ZM50 126L50 127L49 127L49 128L48 128L48 131L49 131L49 132L48 132L48 135L49 135L49 134L50 134L50 131L52 131L52 132L51 132L51 133L52 133L52 132L53 132L53 133L54 133L54 135L56 135L56 136L57 136L57 135L58 135L58 136L59 136L59 135L58 135L58 134L56 134L56 133L55 133L55 132L54 132L54 131L52 131L52 130L50 130L50 128L53 128L53 129L54 129L54 130L55 130L55 131L56 131L56 130L57 130L57 129L56 129L56 130L55 130L55 128L54 128L54 127L51 127L51 126ZM79 126L79 127L80 127L80 126ZM86 126L86 127L88 127L88 126ZM105 126L105 129L106 129L106 130L107 130L107 129L109 129L109 126L108 126L108 127L107 127L107 128L106 128L106 126ZM158 126L158 127L157 127L157 128L156 128L156 129L158 129L158 128L159 128L159 130L160 130L160 131L162 131L162 130L163 130L163 128L162 128L162 127L161 127L161 126L160 126L160 127L159 127L159 126ZM0 127L0 128L1 128L1 127ZM11 127L11 128L12 128L12 127ZM77 128L77 129L76 129L76 130L77 130L77 132L78 132L78 130L80 130L80 129L78 129L78 128ZM87 128L87 129L88 129L88 128ZM130 128L130 131L132 131L132 130L131 130L131 128ZM160 128L160 129L161 129L161 130L162 130L162 129L161 129L161 128ZM13 129L13 131L15 131L15 133L14 133L14 135L13 135L13 136L14 136L14 137L15 137L15 138L16 138L16 135L17 135L17 134L19 134L19 132L18 132L18 130L16 130L16 129ZM45 129L45 131L46 131L46 132L47 132L47 130L46 130L46 129ZM77 129L77 130L78 130L78 129ZM165 129L165 131L164 131L164 132L165 132L165 131L166 131L166 132L167 132L167 134L166 134L166 133L164 133L164 135L166 135L166 136L167 136L167 134L168 134L168 133L169 133L169 131L168 131L168 132L167 132L167 130L166 130L166 129ZM173 129L173 130L172 130L172 131L174 131L174 132L176 132L176 130L174 130L174 129ZM29 130L29 131L30 131L30 130ZM35 130L35 131L36 131L36 130ZM49 130L49 131L50 131L50 130ZM74 130L74 133L75 133L75 132L76 132L76 131L75 131L75 130ZM4 131L4 132L5 132L5 131ZM105 131L105 132L106 132L106 131ZM154 131L154 134L155 134L155 131ZM12 132L12 133L11 133L11 134L12 134L12 133L13 133L13 132ZM16 132L16 133L15 133L15 134L17 134L17 132ZM23 133L23 134L21 134L21 137L20 137L20 138L21 138L21 139L20 139L20 140L21 140L21 141L22 141L22 140L23 140L23 137L22 137L22 135L23 135L23 136L24 136L24 135L25 135L25 134L24 134L24 133ZM27 133L27 134L28 134L28 133ZM108 133L108 134L109 134L109 133ZM156 133L156 134L157 134L157 133ZM4 134L4 135L5 135L5 136L6 136L6 135L5 135L5 134ZM23 134L23 135L24 135L24 134ZM37 134L37 135L38 135L38 134ZM77 134L77 136L75 136L75 137L77 137L77 139L81 139L81 138L83 138L83 137L81 137L81 136L82 136L82 135L80 135L80 134ZM135 134L135 135L136 135L136 134ZM149 134L149 135L150 135L150 134ZM142 135L142 136L143 136L143 135ZM151 135L151 136L152 136L152 135ZM156 135L156 136L157 136L157 135ZM8 136L8 137L9 137L9 136ZM79 136L79 137L78 137L78 138L81 138L81 137L80 137L80 136ZM115 136L115 137L116 137L116 136ZM21 137L21 138L22 138L22 137ZM41 137L41 138L40 138L40 139L41 139L41 138L42 138L42 139L43 139L43 140L44 140L44 139L43 139L43 138L42 138L42 137ZM100 137L100 138L99 138L99 139L100 139L100 138L101 138L101 139L102 139L102 140L103 140L103 141L102 141L102 142L103 142L103 141L104 141L104 142L105 142L105 141L106 141L106 142L107 142L107 141L108 141L108 140L106 140L106 139L105 139L105 140L104 140L104 139L103 139L103 138L102 138L102 137ZM109 137L109 138L108 138L108 139L110 139L110 137ZM147 137L147 138L148 138L148 137ZM173 137L173 138L174 138L174 139L175 139L175 138L174 138L174 137ZM10 138L10 139L11 139L11 140L10 140L10 141L11 141L11 142L12 142L12 141L11 141L11 140L13 140L13 139L11 139L11 138ZM27 138L27 139L28 139L28 138ZM137 138L137 139L136 139L136 140L138 140L138 141L139 141L139 142L140 142L140 141L139 141L139 139L140 139L140 140L141 140L141 139L140 139L140 138L139 138L139 139L138 139L138 138ZM15 139L15 140L16 140L16 139ZM125 139L125 140L126 140L126 139ZM166 139L166 142L168 142L168 141L167 141L167 139ZM33 140L33 142L34 142L34 143L35 143L35 144L33 144L33 145L36 145L36 144L37 144L37 145L38 145L38 144L37 144L37 143L35 143L35 142L36 142L36 140L35 140L35 142L34 142L34 140ZM160 140L160 141L161 141L161 140ZM2 141L2 142L1 142L1 143L2 143L2 144L3 144L3 145L4 145L4 141ZM5 141L5 144L8 144L8 141ZM27 141L27 142L28 142L28 141ZM29 141L29 144L32 144L32 141ZM54 141L54 142L55 142L55 141ZM57 141L57 144L60 144L60 141ZM85 141L85 144L88 144L88 141ZM90 141L90 142L91 142L91 141ZM113 141L113 144L116 144L116 141ZM120 141L120 142L119 142L119 143L120 143L120 142L121 142L121 143L122 143L122 142L121 142L121 141ZM141 141L141 144L144 144L144 141ZM153 141L153 142L154 142L154 141ZM169 141L169 144L172 144L172 141ZM173 141L173 142L174 142L174 141ZM6 142L6 143L7 143L7 142ZM30 142L30 143L31 143L31 142ZM58 142L58 143L59 143L59 142ZM65 142L65 143L66 143L66 145L67 145L67 144L68 144L68 145L69 145L69 143L70 143L70 142L69 142L69 143L68 143L68 142ZM86 142L86 143L87 143L87 142ZM114 142L114 143L115 143L115 142ZM136 142L136 143L137 143L137 146L136 146L136 145L135 145L135 147L134 147L134 148L135 148L135 147L137 147L137 146L138 146L138 147L139 147L139 146L140 146L140 148L138 148L138 150L137 150L137 149L136 149L136 150L135 150L135 151L134 151L134 152L133 152L133 151L132 151L132 152L133 152L133 154L132 154L132 153L131 153L131 150L132 150L132 149L133 149L133 147L132 147L132 148L131 148L131 147L129 147L129 148L128 148L128 147L127 147L127 146L126 146L126 147L127 147L127 148L128 148L128 149L129 149L129 148L131 148L131 150L130 150L130 151L129 151L129 152L130 152L130 153L128 153L128 152L126 152L126 151L125 151L125 152L126 152L126 155L127 155L127 154L128 154L128 155L130 155L130 156L129 156L129 158L128 158L128 156L126 156L126 159L127 159L127 158L128 158L128 159L129 159L129 158L131 158L131 157L132 157L132 158L133 158L133 159L130 159L130 160L131 160L131 162L132 162L132 161L134 161L134 160L135 160L135 159L134 159L134 158L135 158L135 157L136 157L136 156L135 156L135 155L137 155L137 154L138 154L138 155L139 155L139 154L142 154L142 155L144 155L144 154L143 154L143 153L142 153L142 152L143 152L143 151L141 151L141 150L144 150L144 149L145 149L145 150L146 150L146 149L148 149L148 148L150 148L150 147L149 147L149 146L148 146L148 147L146 147L146 149L145 149L145 147L144 147L144 148L143 148L143 149L141 149L141 150L140 150L140 148L141 148L141 146L140 146L140 145L139 145L139 144L138 144L138 143L137 143L137 142ZM142 142L142 143L143 143L143 142ZM156 142L156 143L155 143L155 145L154 145L154 146L156 146L156 147L155 147L155 148L156 148L156 147L157 147L157 148L158 148L158 146L159 146L159 147L160 147L160 146L161 146L161 144L159 144L159 143L158 143L158 146L157 146L157 145L156 145L156 144L157 144L157 142ZM170 142L170 143L171 143L171 142ZM74 143L74 144L75 144L75 143ZM134 143L134 144L135 144L135 143ZM26 144L26 145L27 145L27 146L26 146L26 147L27 147L27 148L28 148L28 149L29 149L29 146L28 146L28 145L27 145L27 144ZM174 144L174 145L175 145L175 144ZM8 145L8 146L9 146L9 145ZM62 145L62 146L63 146L63 148L64 148L64 149L62 149L62 150L61 150L61 148L59 148L59 151L60 151L60 150L61 150L61 152L60 152L60 153L59 153L59 152L58 152L58 151L57 151L57 152L58 152L58 153L57 153L57 159L56 159L56 161L58 161L58 162L59 162L59 163L60 163L60 162L61 162L61 160L60 160L60 161L59 161L59 160L58 160L58 157L59 157L59 156L58 156L58 153L59 153L59 155L60 155L60 154L61 154L61 152L62 152L62 151L63 151L63 150L64 150L64 149L65 149L65 150L66 150L66 151L67 151L67 150L66 150L66 149L67 149L67 147L66 147L66 146L65 146L65 148L64 148L64 146L63 146L63 145ZM81 145L81 147L82 147L82 146L84 146L84 147L83 147L83 148L84 148L84 147L85 147L85 146L84 146L84 145ZM89 145L89 147L90 147L90 148L91 148L91 149L92 149L92 150L93 150L93 151L95 151L95 150L96 150L96 149L95 149L95 148L94 148L94 147L92 147L92 148L91 148L91 146L90 146L90 145ZM164 145L164 147L165 147L165 146L166 146L166 147L167 147L167 146L166 146L166 145ZM171 145L171 146L170 146L170 147L169 147L169 150L170 150L170 149L171 149L171 150L173 150L173 149L172 149L172 148L173 148L173 147L172 147L172 148L170 148L170 147L171 147L171 146L172 146L172 145ZM27 146L27 147L28 147L28 146ZM87 146L87 147L86 147L86 148L85 148L85 150L86 150L86 149L89 149L89 148L87 148L87 147L88 147L88 146ZM96 146L96 147L97 147L97 150L98 150L98 151L100 151L100 150L98 150L98 149L100 149L100 146L99 146L99 148L98 148L98 146ZM103 146L103 147L102 147L102 148L103 148L103 147L104 147L104 146ZM117 146L117 148L118 148L118 149L119 149L119 150L122 150L122 149L121 149L121 148L122 148L122 147L120 147L120 149L119 149L119 147L118 147L118 146ZM6 148L6 149L7 149L7 148ZM14 148L14 149L15 149L15 148ZM65 148L65 149L66 149L66 148ZM68 148L68 149L69 149L69 150L70 150L70 151L71 151L71 152L72 152L72 151L73 151L73 152L74 152L74 151L75 151L75 150L76 150L76 149L74 149L74 150L73 150L73 149L72 149L72 150L71 150L71 149L70 149L70 148ZM93 148L93 149L94 149L94 150L95 150L95 149L94 149L94 148ZM57 149L57 150L58 150L58 149ZM82 149L82 150L83 150L83 149ZM162 149L162 150L163 150L163 151L164 151L164 152L165 152L165 151L167 151L167 150L164 150L164 149ZM10 150L10 152L9 152L9 153L10 153L10 154L11 154L11 153L10 153L10 152L11 152L11 150ZM13 150L13 151L14 151L14 152L15 152L15 151L14 151L14 150ZM32 150L32 151L33 151L33 152L32 152L32 154L33 154L33 155L34 155L34 154L33 154L33 153L36 153L36 152L34 152L34 151L35 151L35 150ZM53 150L53 151L54 151L54 150ZM106 150L106 151L107 151L107 150ZM139 150L139 151L136 151L136 152L135 152L135 153L134 153L134 154L133 154L133 155L135 155L135 154L137 154L137 152L139 152L139 153L141 153L141 151L140 151L140 150ZM160 150L160 151L158 151L158 153L160 153L160 152L161 152L161 155L160 155L160 156L162 156L162 157L159 157L159 158L158 158L158 159L157 159L157 157L158 157L158 156L159 156L159 154L158 154L158 155L157 155L157 156L156 156L156 157L155 157L155 158L154 158L154 157L153 157L153 159L154 159L154 160L155 160L155 161L156 161L156 163L155 163L155 162L154 162L154 161L153 161L153 162L152 162L152 160L150 160L150 159L149 159L149 158L148 158L148 159L146 159L146 161L145 161L145 162L146 162L146 163L147 163L147 164L149 164L149 163L147 163L147 162L148 162L148 160L149 160L149 161L150 161L150 163L152 163L152 164L153 164L153 162L154 162L154 163L155 163L155 164L156 164L156 163L157 163L157 160L158 160L158 161L160 161L160 160L161 160L161 161L162 161L162 162L163 162L163 163L164 163L164 164L165 164L165 163L167 163L167 162L164 162L164 160L163 160L163 159L164 159L164 158L163 158L163 157L164 157L164 156L163 156L163 155L164 155L164 153L163 153L163 152L162 152L162 151L161 151L161 150ZM113 151L113 153L114 153L114 154L116 154L116 153L115 153L115 152L116 152L116 151L115 151L115 152L114 152L114 151ZM144 151L144 152L145 152L145 153L146 153L146 152L145 152L145 151ZM170 151L170 152L169 152L169 154L170 154L170 153L171 153L171 154L172 154L172 153L174 153L174 152L173 152L173 151ZM176 151L176 152L177 152L177 151ZM17 152L17 153L18 153L18 154L16 154L16 155L17 155L17 156L18 156L18 157L19 157L19 156L18 156L18 155L19 155L19 154L20 154L20 152L19 152L19 153L18 153L18 152ZM50 152L50 153L49 153L49 155L48 155L48 156L49 156L49 155L50 155L50 154L51 154L51 152ZM77 152L77 153L76 153L76 156L77 156L77 154L78 154L78 155L79 155L79 153L78 153L78 152ZM28 153L28 154L30 154L30 153ZM64 153L64 154L68 154L68 155L69 155L69 157L68 157L68 156L67 156L67 157L66 157L66 155L65 155L65 156L64 156L64 158L63 158L63 159L64 159L64 160L65 160L65 158L66 158L66 159L67 159L67 158L69 158L69 159L68 159L68 160L69 160L69 161L68 161L68 162L69 162L69 163L70 163L70 162L69 162L69 161L72 161L72 162L74 162L74 161L75 161L75 158L74 158L74 157L75 157L75 154L73 154L73 156L72 156L72 155L70 155L70 154L69 154L69 153ZM124 153L124 154L123 154L123 155L124 155L124 158L123 158L123 157L121 157L121 158L123 158L123 159L125 159L125 153ZM130 153L130 155L132 155L132 154L131 154L131 153ZM162 154L162 155L163 155L163 154ZM31 155L31 156L29 156L29 157L28 157L28 158L29 158L29 157L31 157L31 156L32 156L32 155ZM90 155L90 156L91 156L91 155ZM176 155L176 156L177 156L177 155ZM2 156L2 157L3 157L3 158L4 158L4 156ZM10 156L10 157L11 157L11 156ZM73 156L73 157L69 157L69 158L72 158L72 159L71 159L71 160L72 160L72 159L73 159L73 160L74 160L74 159L73 159L73 157L74 157L74 156ZM93 156L93 157L92 157L92 158L93 158L93 157L94 157L94 156ZM130 156L130 157L131 157L131 156ZM133 156L133 158L134 158L134 156ZM6 157L6 158L5 158L5 159L3 159L3 160L7 160L7 161L5 161L5 162L7 162L7 163L10 163L10 164L9 164L9 165L12 165L12 164L11 164L11 163L10 163L10 162L9 162L9 161L8 161L8 160L7 160L7 159L6 159L6 158L8 158L8 157ZM81 157L81 158L82 158L82 157ZM88 157L88 158L89 158L89 157ZM165 157L165 158L166 158L166 159L165 159L165 161L166 161L166 159L167 159L167 158L166 158L166 157ZM174 157L174 158L175 158L175 159L176 159L176 160L177 160L177 158L176 158L176 157ZM14 158L14 159L15 159L15 158ZM136 158L136 159L137 159L137 158ZM155 158L155 160L157 160L157 159L156 159L156 158ZM160 158L160 159L158 159L158 160L160 160L160 159L163 159L163 158ZM87 159L87 160L88 160L88 159ZM93 159L93 161L92 161L92 162L93 162L93 161L94 161L94 162L96 162L96 161L95 161L95 160L94 160L94 159ZM31 160L31 161L33 161L33 160ZM38 160L38 161L39 161L39 160ZM115 160L115 161L116 161L116 160ZM7 161L7 162L8 162L8 161ZM146 161L146 162L147 162L147 161ZM50 162L50 163L51 163L51 162ZM124 162L124 163L122 163L122 164L121 164L121 166L122 166L122 165L123 165L123 164L124 164L124 163L125 163L125 162ZM62 163L62 164L63 164L63 163ZM88 163L88 164L86 164L86 166L88 166L88 165L89 165L89 163ZM77 164L77 165L76 165L76 166L78 166L78 167L79 167L79 168L80 168L80 166L81 166L81 168L82 168L82 170L83 170L83 171L84 171L84 170L83 170L83 169L84 169L84 168L83 168L83 167L82 167L82 166L81 166L81 165L80 165L80 164L79 164L79 165L78 165L78 164ZM110 164L110 165L109 165L109 166L107 166L107 167L110 167L110 166L111 166L111 167L113 167L113 165L111 165L111 164ZM158 164L158 165L157 165L157 166L159 166L159 167L158 167L158 170L159 170L159 171L160 171L160 170L161 170L161 169L162 169L162 168L159 168L159 167L161 167L161 164L160 164L160 165L159 165L159 164ZM17 165L17 166L18 166L18 167L17 167L17 168L18 168L18 167L20 167L20 166L19 166L19 165ZM45 165L45 166L46 166L46 167L49 167L49 166L48 166L48 165L47 165L47 166L46 166L46 165ZM167 165L167 166L169 166L169 165ZM30 166L30 167L31 167L31 166ZM125 166L125 167L126 167L126 166ZM138 166L138 167L139 167L139 166ZM39 167L39 168L41 168L41 170L44 170L44 169L43 169L43 168L42 168L42 167ZM53 167L53 170L55 170L55 168L54 168L54 167ZM61 167L61 168L62 168L62 167ZM74 167L74 168L73 168L73 169L74 169L74 168L75 168L75 169L76 169L76 168L75 168L75 167ZM93 167L93 168L94 168L94 167ZM170 167L170 168L171 168L171 167ZM172 167L172 168L173 168L173 167ZM1 168L1 169L2 169L2 168ZM22 168L22 169L23 169L23 168ZM27 168L27 169L26 169L26 170L28 170L28 168ZM70 168L70 169L71 169L71 168ZM108 168L108 169L107 169L107 170L108 170L108 169L109 169L109 168ZM147 168L147 169L148 169L148 168ZM29 169L29 172L32 172L32 169ZM39 169L39 170L40 170L40 169ZM57 169L57 172L60 172L60 169ZM85 169L85 172L88 172L88 169ZM113 169L113 172L116 172L116 169ZM122 169L122 170L123 170L123 171L122 171L122 172L124 172L124 171L125 171L125 169L124 169L124 170L123 170L123 169ZM141 169L141 172L144 172L144 169ZM169 169L169 172L172 172L172 169ZM16 170L16 172L15 172L15 173L14 173L14 174L13 174L13 173L12 173L12 174L13 174L13 176L12 176L12 177L13 177L13 176L14 176L14 177L15 177L15 173L16 173L16 172L17 172L17 170ZM18 170L18 174L16 174L16 177L17 177L17 176L18 176L18 177L22 177L22 176L24 176L24 177L25 177L25 175L24 175L24 173L23 173L23 174L22 174L22 175L21 175L21 174L19 174L19 170ZM30 170L30 171L31 171L31 170ZM58 170L58 171L59 171L59 170ZM65 170L65 172L64 172L64 173L65 173L65 172L66 172L66 173L67 173L67 172L68 172L68 170L67 170L67 171L66 171L66 170ZM86 170L86 171L87 171L87 170ZM110 170L110 171L109 171L109 172L108 172L108 173L106 173L106 176L107 176L107 175L108 175L108 174L109 174L109 173L110 173L110 172L111 172L111 174L113 174L113 173L112 173L112 172L111 172L111 170ZM114 170L114 171L115 171L115 170ZM126 170L126 171L127 171L127 170ZM136 170L136 171L137 171L137 170ZM142 170L142 171L143 171L143 170ZM170 170L170 171L171 171L171 170ZM24 171L24 172L25 172L25 173L26 173L26 172L25 172L25 171ZM73 171L73 174L74 174L74 173L76 173L76 172L77 172L77 171L76 171L76 172L74 172L74 171ZM93 171L93 173L94 173L94 174L95 174L95 172L94 172L94 171ZM120 171L120 172L121 172L121 171ZM55 172L55 173L56 173L56 172ZM148 172L148 174L147 174L147 175L149 175L149 174L150 174L150 175L151 175L151 174L150 174L150 173L149 173L149 172ZM30 173L30 175L31 175L31 176L32 176L32 175L31 175L31 173ZM36 174L36 175L37 175L37 174ZM54 174L54 175L55 175L55 174ZM88 174L88 175L89 175L89 174ZM119 174L119 175L120 175L120 174ZM130 174L130 175L131 175L131 174ZM76 175L76 176L75 176L75 177L77 177L77 175ZM156 175L156 176L157 176L157 175ZM10 176L10 177L11 177L11 176ZM34 176L34 177L35 177L35 176ZM86 176L86 177L87 177L87 176ZM100 176L100 177L101 177L101 176ZM113 176L113 177L114 177L114 176ZM115 176L115 177L116 177L116 176ZM0 0L0 7L7 7L7 0ZM1 1L1 6L6 6L6 1ZM2 2L2 5L5 5L5 2ZM170 0L170 7L177 7L177 0ZM171 1L171 6L176 6L176 1ZM172 2L172 5L175 5L175 2ZM0 170L0 177L7 177L7 170ZM1 171L1 176L6 176L6 171ZM2 172L2 175L5 175L5 172Z&quot; fill=&quot;#000000&quot;/&gt;&lt;/g&gt;&lt;/g&gt;&lt;/svg&gt;<span class=\"sf-dump-default sf-dump-ns\">\\n</span></span>
    \"\"\"
</samp>}
</pre><script>Sfdump(\"sf-dump-558411907\", {\"maxDepth\":3,\"maxStringLength\":160})</script>
"}},"exception":"[object] (Spatie\\LaravelIgnition\\Exceptions\\ViewException(code: 0): Attempt to read property \"create_role\" on null at /home/linkatt/public_html/staging/WeddingAppDashboard/resources/views/admin/events/event.blade.php:179)
[stacktrace]
#0 /home/linkatt/public_html/staging/WeddingAppDashboard/vendor/laravel/framework/src/Illuminate/Foundation/Bootstrap/HandleExceptions.php(272): Illuminate\\Foundation\\Bootstrap\\HandleExceptions->handleError(2, 'Attempt to read...', '/home/linkatt/p...', 179)
#1 /home/linkatt/public_html/staging/WeddingAppDashboard/resources/views/admin/events/event.blade.php(179): Illuminate\\Foundation\\Bootstrap\\HandleExceptions->Illuminate\\Foundation\\Bootstrap\\{closure}(2, 'Attempt to read...', '/home/linkatt/p...', 179)
#2 /home/linkatt/public_html/staging/WeddingAppDashboard/vendor/laravel/framework/src/Illuminate/Filesystem/Filesystem.php(109): require('/home/linkatt/p...')
#3 /home/linkatt/public_html/staging/WeddingAppDashboard/vendor/laravel/framework/src/Illuminate/Filesystem/Filesystem.php(110): Illuminate\\Filesystem\\Filesystem::Illuminate\\Filesystem\\{closure}()
#4 /home/linkatt/public_html/staging/WeddingAppDashboard/vendor/laravel/framework/src/Illuminate/View/Engines/PhpEngine.php(58): Illuminate\\Filesystem\\Filesystem->getRequire('/home/linkatt/p...', Array)
#5 /home/linkatt/public_html/staging/WeddingAppDashboard/vendor/laravel/framework/src/Illuminate/View/Engines/CompilerEngine.php(70): Illuminate\\View\\Engines\\PhpEngine->evaluatePath('/home/linkatt/p...', Array)
#6 /home/linkatt/public_html/staging/WeddingAppDashboard/vendor/laravel/framework/src/Illuminate/View/View.php(195): Illuminate\\View\\Engines\\CompilerEngine->get('/home/linkatt/p...', Array)
#7 /home/linkatt/public_html/staging/WeddingAppDashboard/vendor/laravel/framework/src/Illuminate/View/View.php(178): Illuminate\\View\\View->getContents()
#8 /home/linkatt/public_html/staging/WeddingAppDashboard/vendor/laravel/framework/src/Illuminate/View/View.php(147): Illuminate\\View\\View->renderContents()
#9 /home/linkatt/public_html/staging/WeddingAppDashboard/vendor/laravel/framework/src/Illuminate/Http/Response.php(69): Illuminate\\View\\View->render()
#10 /home/linkatt/public_html/staging/WeddingAppDashboard/vendor/laravel/framework/src/Illuminate/Http/Response.php(35): Illuminate\\Http\\Response->setContent(Object(Illuminate\\View\\View))
#11 /home/linkatt/public_html/staging/WeddingAppDashboard/vendor/laravel/framework/src/Illuminate/Routing/Router.php(906): Illuminate\\Http\\Response->__construct(Object(Illuminate\\View\\View), 200, Array)
#12 /home/linkatt/public_html/staging/WeddingAppDashboard/vendor/laravel/framework/src/Illuminate/Routing/Router.php(875): Illuminate\\Routing\\Router::toResponse(Object(Illuminate\\Http\\Request), Object(Illuminate\\View\\View))
#13 /home/linkatt/public_html/staging/WeddingAppDashboard/vendor/laravel/framework/src/Illuminate/Routing/Router.php(797): Illuminate\\Routing\\Router->prepareResponse(Object(Illuminate\\Http\\Request), Object(Illuminate\\View\\View))
#14 /home/linkatt/public_html/staging/WeddingAppDashboard/vendor/laravel/framework/src/Illuminate/Pipeline/Pipeline.php(141): Illuminate\\Routing\\Router->Illuminate\\Routing\\{closure}(Object(Illuminate\\Http\\Request))
#15 /home/linkatt/public_html/staging/WeddingAppDashboard/vendor/laravel/framework/src/Illuminate/Routing/Middleware/SubstituteBindings.php(50): Illuminate\\Pipeline\\Pipeline->Illuminate\\Pipeline\\{closure}(Object(Illuminate\\Http\\Request))
#16 /home/linkatt/public_html/staging/WeddingAppDashboard/vendor/laravel/framework/src/Illuminate/Pipeline/Pipeline.php(180): Illuminate\\Routing\\Middleware\\SubstituteBindings->handle(Object(Illuminate\\Http\\Request), Object(Closure))
#17 /home/linkatt/public_html/staging/WeddingAppDashboard/vendor/laravel/framework/src/Illuminate/Foundation/Http/Middleware/VerifyCsrfToken.php(78): Illuminate\\Pipeline\\Pipeline->Illuminate\\Pipeline\\{closure}(Object(Illuminate\\Http\\Request))
#18 /home/linkatt/public_html/staging/WeddingAppDashboard/vendor/laravel/framework/src/Illuminate/Pipeline/Pipeline.php(180): Illuminate\\Foundation\\Http\\Middleware\\VerifyCsrfToken->handle(Object(Illuminate\\Http\\Request), Object(Closure))
#19 /home/linkatt/public_html/staging/WeddingAppDashboard/vendor/laravel/framework/src/Illuminate/View/Middleware/ShareErrorsFromSession.php(49): Illuminate\\Pipeline\\Pipeline->Illuminate\\Pipeline\\{closure}(Object(Illuminate\\Http\\Request))
#20 /home/linkatt/public_html/staging/WeddingAppDashboard/vendor/laravel/framework/src/Illuminate/Pipeline/Pipeline.php(180): Illuminate\\View\\Middleware\\ShareErrorsFromSession->handle(Object(Illuminate\\Http\\Request), Object(Closure))
#21 /home/linkatt/public_html/staging/WeddingAppDashboard/vendor/laravel/framework/src/Illuminate/Session/Middleware/StartSession.php(121): Illuminate\\Pipeline\\Pipeline->Illuminate\\Pipeline\\{closure}(Object(Illuminate\\Http\\Request))
#22 /home/linkatt/public_html/staging/WeddingAppDashboard/vendor/laravel/framework/src/Illuminate/Session/Middleware/StartSession.php(64): Illuminate\\Session\\Middleware\\StartSession->handleStatefulRequest(Object(Illuminate\\Http\\Request), Object(Illuminate\\Session\\Store), Object(Closure))
#23 /home/linkatt/public_html/staging/WeddingAppDashboard/vendor/laravel/framework/src/Illuminate/Pipeline/Pipeline.php(180): Illuminate\\Session\\Middleware\\StartSession->handle(Object(Illuminate\\Http\\Request), Object(Closure))
#24 /home/linkatt/public_html/staging/WeddingAppDashboard/vendor/laravel/framework/src/Illuminate/Cookie/Middleware/AddQueuedCookiesToResponse.php(37): Illuminate\\Pipeline\\Pipeline->Illuminate\\Pipeline\\{closure}(Object(Illuminate\\Http\\Request))
#25 /home/linkatt/public_html/staging/WeddingAppDashboard/vendor/laravel/framework/src/Illuminate/Pipeline/Pipeline.php(180): Illuminate\\Cookie\\Middleware\\AddQueuedCookiesToResponse->handle(Object(Illuminate\\Http\\Request), Object(Closure))
#26 /home/linkatt/public_html/staging/WeddingAppDashboard/vendor/laravel/framework/src/Illuminate/Cookie/Middleware/EncryptCookies.php(67): Illuminate\\Pipeline\\Pipeline->Illuminate\\Pipeline\\{closure}(Object(Illuminate\\Http\\Request))
#27 /home/linkatt/public_html/staging/WeddingAppDashboard/vendor/laravel/framework/src/Illuminate/Pipeline/Pipeline.php(180): Illuminate\\Cookie\\Middleware\\EncryptCookies->handle(Object(Illuminate\\Http\\Request), Object(Closure))
#28 /home/linkatt/public_html/staging/WeddingAppDashboard/vendor/laravel/framework/src/Illuminate/Pipeline/Pipeline.php(116): Illuminate\\Pipeline\\Pipeline->Illuminate\\Pipeline\\{closure}(Object(Illuminate\\Http\\Request))
#29 /home/linkatt/public_html/staging/WeddingAppDashboard/vendor/laravel/framework/src/Illuminate/Routing/Router.php(797): Illuminate\\Pipeline\\Pipeline->then(Object(Closure))
#30 /home/linkatt/public_html/staging/WeddingAppDashboard/vendor/laravel/framework/src/Illuminate/Routing/Router.php(776): Illuminate\\Routing\\Router->runRouteWithinStack(Object(Illuminate\\Routing\\Route), Object(Illuminate\\Http\\Request))
#31 /home/linkatt/public_html/staging/WeddingAppDashboard/vendor/laravel/framework/src/Illuminate/Routing/Router.php(740): Illuminate\\Routing\\Router->runRoute(Object(Illuminate\\Http\\Request), Object(Illuminate\\Routing\\Route))
#32 /home/linkatt/public_html/staging/WeddingAppDashboard/vendor/laravel/framework/src/Illuminate/Routing/Router.php(729): Illuminate\\Routing\\Router->dispatchToRoute(Object(Illuminate\\Http\\Request))
#33 /home/linkatt/public_html/staging/WeddingAppDashboard/vendor/laravel/framework/src/Illuminate/Foundation/Http/Kernel.php(190): Illuminate\\Routing\\Router->dispatch(Object(Illuminate\\Http\\Request))
#34 /home/linkatt/public_html/staging/WeddingAppDashboard/vendor/laravel/framework/src/Illuminate/Pipeline/Pipeline.php(141): Illuminate\\Foundation\\Http\\Kernel->Illuminate\\Foundation\\Http\\{closure}(Object(Illuminate\\Http\\Request))
#35 /home/linkatt/public_html/staging/WeddingAppDashboard/vendor/laravel/framework/src/Illuminate/Foundation/Http/Middleware/TransformsRequest.php(21): Illuminate\\Pipeline\\Pipeline->Illuminate\\Pipeline\\{closure}(Object(Illuminate\\Http\\Request))
#36 /home/linkatt/public_html/staging/WeddingAppDashboard/vendor/laravel/framework/src/Illuminate/Foundation/Http/Middleware/ConvertEmptyStringsToNull.php(31): Illuminate\\Foundation\\Http\\Middleware\\TransformsRequest->handle(Object(Illuminate\\Http\\Request), Object(Closure))
#37 /home/linkatt/public_html/staging/WeddingAppDashboard/vendor/laravel/framework/src/Illuminate/Pipeline/Pipeline.php(180): Illuminate\\Foundation\\Http\\Middleware\\ConvertEmptyStringsToNull->handle(Object(Illuminate\\Http\\Request), Object(Closure))
#38 /home/linkatt/public_html/staging/WeddingAppDashboard/vendor/laravel/framework/src/Illuminate/Foundation/Http/Middleware/TransformsRequest.php(21): Illuminate\\Pipeline\\Pipeline->Illuminate\\Pipeline\\{closure}(Object(Illuminate\\Http\\Request))
#39 /home/linkatt/public_html/staging/WeddingAppDashboard/vendor/laravel/framework/src/Illuminate/Foundation/Http/Middleware/TrimStrings.php(40): Illuminate\\Foundation\\Http\\Middleware\\TransformsRequest->handle(Object(Illuminate\\Http\\Request), Object(Closure))
#40 /home/linkatt/public_html/staging/WeddingAppDashboard/vendor/laravel/framework/src/Illuminate/Pipeline/Pipeline.php(180): Illuminate\\Foundation\\Http\\Middleware\\TrimStrings->handle(Object(Illuminate\\Http\\Request), Object(Closure))
#41 /home/linkatt/public_html/staging/WeddingAppDashboard/vendor/laravel/framework/src/Illuminate/Foundation/Http/Middleware/ValidatePostSize.php(27): Illuminate\\Pipeline\\Pipeline->Illuminate\\Pipeline\\{closure}(Object(Illuminate\\Http\\Request))
#42 /home/linkatt/public_html/staging/WeddingAppDashboard/vendor/laravel/framework/src/Illuminate/Pipeline/Pipeline.php(180): Illuminate\\Foundation\\Http\\Middleware\\ValidatePostSize->handle(Object(Illuminate\\Http\\Request), Object(Closure))
#43 /home/linkatt/public_html/staging/WeddingAppDashboard/vendor/laravel/framework/src/Illuminate/Foundation/Http/Middleware/PreventRequestsDuringMaintenance.php(86): Illuminate\\Pipeline\\Pipeline->Illuminate\\Pipeline\\{closure}(Object(Illuminate\\Http\\Request))
#44 /home/linkatt/public_html/staging/WeddingAppDashboard/vendor/laravel/framework/src/Illuminate/Pipeline/Pipeline.php(180): Illuminate\\Foundation\\Http\\Middleware\\PreventRequestsDuringMaintenance->handle(Object(Illuminate\\Http\\Request), Object(Closure))
#45 /home/linkatt/public_html/staging/WeddingAppDashboard/vendor/laravel/framework/src/Illuminate/Http/Middleware/HandleCors.php(49): Illuminate\\Pipeline\\Pipeline->Illuminate\\Pipeline\\{closure}(Object(Illuminate\\Http\\Request))
#46 /home/linkatt/public_html/staging/WeddingAppDashboard/vendor/laravel/framework/src/Illuminate/Pipeline/Pipeline.php(180): Illuminate\\Http\\Middleware\\HandleCors->handle(Object(Illuminate\\Http\\Request), Object(Closure))
#47 /home/linkatt/public_html/staging/WeddingAppDashboard/vendor/laravel/framework/src/Illuminate/Http/Middleware/TrustProxies.php(39): Illuminate\\Pipeline\\Pipeline->Illuminate\\Pipeline\\{closure}(Object(Illuminate\\Http\\Request))
#48 /home/linkatt/public_html/staging/WeddingAppDashboard/vendor/laravel/framework/src/Illuminate/Pipeline/Pipeline.php(180): Illuminate\\Http\\Middleware\\TrustProxies->handle(Object(Illuminate\\Http\\Request), Object(Closure))
#49 /home/linkatt/public_html/staging/WeddingAppDashboard/vendor/laravel/framework/src/Illuminate/Pipeline/Pipeline.php(116): Illuminate\\Pipeline\\Pipeline->Illuminate\\Pipeline\\{closure}(Object(Illuminate\\Http\\Request))
#50 /home/linkatt/public_html/staging/WeddingAppDashboard/vendor/laravel/framework/src/Illuminate/Foundation/Http/Kernel.php(165): Illuminate\\Pipeline\\Pipeline->then(Object(Closure))
#51 /home/linkatt/public_html/staging/WeddingAppDashboard/vendor/laravel/framework/src/Illuminate/Foundation/Http/Kernel.php(134): Illuminate\\Foundation\\Http\\Kernel->sendRequestThroughRouter(Object(Illuminate\\Http\\Request))
#52 /home/linkatt/public_html/staging/WeddingAppDashboard/public/index.php(51): Illuminate\\Foundation\\Http\\Kernel->handle(Object(Illuminate\\Http\\Request))
#53 {main}

[previous exception] [object] (ErrorException(code: 0): Attempt to read property \"create_role\" on null at /home/linkatt/public_html/staging/WeddingAppDashboard/storage/framework/views/dd1904de53db63841d0e5efbd9ad5419bbafa18b.php:179)
[stacktrace]
#0 /home/linkatt/public_html/staging/WeddingAppDashboard/vendor/laravel/framework/src/Illuminate/Foundation/Bootstrap/HandleExceptions.php(272): Illuminate\\Foundation\\Bootstrap\\HandleExceptions->handleError(2, 'Attempt to read...', '/home/linkatt/p...', 179)
#1 /home/linkatt/public_html/staging/WeddingAppDashboard/storage/framework/views/dd1904de53db63841d0e5efbd9ad5419bbafa18b.php(179): Illuminate\\Foundation\\Bootstrap\\HandleExceptions->Illuminate\\Foundation\\Bootstrap\\{closure}(2, 'Attempt to read...', '/home/linkatt/p...', 179)
#2 /home/linkatt/public_html/staging/WeddingAppDashboard/vendor/laravel/framework/src/Illuminate/Filesystem/Filesystem.php(109): require('/home/linkatt/p...')
#3 /home/linkatt/public_html/staging/WeddingAppDashboard/vendor/laravel/framework/src/Illuminate/Filesystem/Filesystem.php(110): Illuminate\\Filesystem\\Filesystem::Illuminate\\Filesystem\\{closure}()
#4 /home/linkatt/public_html/staging/WeddingAppDashboard/vendor/laravel/framework/src/Illuminate/View/Engines/PhpEngine.php(58): Illuminate\\Filesystem\\Filesystem->getRequire('/home/linkatt/p...', Array)
#5 /home/linkatt/public_html/staging/WeddingAppDashboard/vendor/laravel/framework/src/Illuminate/View/Engines/CompilerEngine.php(70): Illuminate\\View\\Engines\\PhpEngine->evaluatePath('/home/linkatt/p...', Array)
#6 /home/linkatt/public_html/staging/WeddingAppDashboard/vendor/laravel/framework/src/Illuminate/View/View.php(195): Illuminate\\View\\Engines\\CompilerEngine->get('/home/linkatt/p...', Array)
#7 /home/linkatt/public_html/staging/WeddingAppDashboard/vendor/laravel/framework/src/Illuminate/View/View.php(178): Illuminate\\View\\View->getContents()
#8 /home/linkatt/public_html/staging/WeddingAppDashboard/vendor/laravel/framework/src/Illuminate/View/View.php(147): Illuminate\\View\\View->renderContents()
#9 /home/linkatt/public_html/staging/WeddingAppDashboard/vendor/laravel/framework/src/Illuminate/Http/Response.php(69): Illuminate\\View\\View->render()
#10 /home/linkatt/public_html/staging/WeddingAppDashboard/vendor/laravel/framework/src/Illuminate/Http/Response.php(35): Illuminate\\Http\\Response->setContent(Object(Illuminate\\View\\View))
#11 /home/linkatt/public_html/staging/WeddingAppDashboard/vendor/laravel/framework/src/Illuminate/Routing/Router.php(906): Illuminate\\Http\\Response->__construct(Object(Illuminate\\View\\View), 200, Array)
#12 /home/linkatt/public_html/staging/WeddingAppDashboard/vendor/laravel/framework/src/Illuminate/Routing/Router.php(875): Illuminate\\Routing\\Router::toResponse(Object(Illuminate\\Http\\Request), Object(Illuminate\\View\\View))
#13 /home/linkatt/public_html/staging/WeddingAppDashboard/vendor/laravel/framework/src/Illuminate/Routing/Router.php(797): Illuminate\\Routing\\Router->prepareResponse(Object(Illuminate\\Http\\Request), Object(Illuminate\\View\\View))
#14 /home/linkatt/public_html/staging/WeddingAppDashboard/vendor/laravel/framework/src/Illuminate/Pipeline/Pipeline.php(141): Illuminate\\Routing\\Router->Illuminate\\Routing\\{closure}(Object(Illuminate\\Http\\Request))
#15 /home/linkatt/public_html/staging/WeddingAppDashboard/vendor/laravel/framework/src/Illuminate/Routing/Middleware/SubstituteBindings.php(50): Illuminate\\Pipeline\\Pipeline->Illuminate\\Pipeline\\{closure}(Object(Illuminate\\Http\\Request))
#16 /home/linkatt/public_html/staging/WeddingAppDashboard/vendor/laravel/framework/src/Illuminate/Pipeline/Pipeline.php(180): Illuminate\\Routing\\Middleware\\SubstituteBindings->handle(Object(Illuminate\\Http\\Request), Object(Closure))
#17 /home/linkatt/public_html/staging/WeddingAppDashboard/vendor/laravel/framework/src/Illuminate/Foundation/Http/Middleware/VerifyCsrfToken.php(78): Illuminate\\Pipeline\\Pipeline->Illuminate\\Pipeline\\{closure}(Object(Illuminate\\Http\\Request))
#18 /home/linkatt/public_html/staging/WeddingAppDashboard/vendor/laravel/framework/src/Illuminate/Pipeline/Pipeline.php(180): Illuminate\\Foundation\\Http\\Middleware\\VerifyCsrfToken->handle(Object(Illuminate\\Http\\Request), Object(Closure))
#19 /home/linkatt/public_html/staging/WeddingAppDashboard/vendor/laravel/framework/src/Illuminate/View/Middleware/ShareErrorsFromSession.php(49): Illuminate\\Pipeline\\Pipeline->Illuminate\\Pipeline\\{closure}(Object(Illuminate\\Http\\Request))
#20 /home/linkatt/public_html/staging/WeddingAppDashboard/vendor/laravel/framework/src/Illuminate/Pipeline/Pipeline.php(180): Illuminate\\View\\Middleware\\ShareErrorsFromSession->handle(Object(Illuminate\\Http\\Request), Object(Closure))
#21 /home/linkatt/public_html/staging/WeddingAppDashboard/vendor/laravel/framework/src/Illuminate/Session/Middleware/StartSession.php(121): Illuminate\\Pipeline\\Pipeline->Illuminate\\Pipeline\\{closure}(Object(Illuminate\\Http\\Request))
#22 /home/linkatt/public_html/staging/WeddingAppDashboard/vendor/laravel/framework/src/Illuminate/Session/Middleware/StartSession.php(64): Illuminate\\Session\\Middleware\\StartSession->handleStatefulRequest(Object(Illuminate\\Http\\Request), Object(Illuminate\\Session\\Store), Object(Closure))
#23 /home/linkatt/public_html/staging/WeddingAppDashboard/vendor/laravel/framework/src/Illuminate/Pipeline/Pipeline.php(180): Illuminate\\Session\\Middleware\\StartSession->handle(Object(Illuminate\\Http\\Request), Object(Closure))
#24 /home/linkatt/public_html/staging/WeddingAppDashboard/vendor/laravel/framework/src/Illuminate/Cookie/Middleware/AddQueuedCookiesToResponse.php(37): Illuminate\\Pipeline\\Pipeline->Illuminate\\Pipeline\\{closure}(Object(Illuminate\\Http\\Request))
#25 /home/linkatt/public_html/staging/WeddingAppDashboard/vendor/laravel/framework/src/Illuminate/Pipeline/Pipeline.php(180): Illuminate\\Cookie\\Middleware\\AddQueuedCookiesToResponse->handle(Object(Illuminate\\Http\\Request), Object(Closure))
#26 /home/linkatt/public_html/staging/WeddingAppDashboard/vendor/laravel/framework/src/Illuminate/Cookie/Middleware/EncryptCookies.php(67): Illuminate\\Pipeline\\Pipeline->Illuminate\\Pipeline\\{closure}(Object(Illuminate\\Http\\Request))
#27 /home/linkatt/public_html/staging/WeddingAppDashboard/vendor/laravel/framework/src/Illuminate/Pipeline/Pipeline.php(180): Illuminate\\Cookie\\Middleware\\EncryptCookies->handle(Object(Illuminate\\Http\\Request), Object(Closure))
#28 /home/linkatt/public_html/staging/WeddingAppDashboard/vendor/laravel/framework/src/Illuminate/Pipeline/Pipeline.php(116): Illuminate\\Pipeline\\Pipeline->Illuminate\\Pipeline\\{closure}(Object(Illuminate\\Http\\Request))
#29 /home/linkatt/public_html/staging/WeddingAppDashboard/vendor/laravel/framework/src/Illuminate/Routing/Router.php(797): Illuminate\\Pipeline\\Pipeline->then(Object(Closure))
#30 /home/linkatt/public_html/staging/WeddingAppDashboard/vendor/laravel/framework/src/Illuminate/Routing/Router.php(776): Illuminate\\Routing\\Router->runRouteWithinStack(Object(Illuminate\\Routing\\Route), Object(Illuminate\\Http\\Request))
#31 /home/linkatt/public_html/staging/WeddingAppDashboard/vendor/laravel/framework/src/Illuminate/Routing/Router.php(740): Illuminate\\Routing\\Router->runRoute(Object(Illuminate\\Http\\Request), Object(Illuminate\\Routing\\Route))
#32 /home/linkatt/public_html/staging/WeddingAppDashboard/vendor/laravel/framework/src/Illuminate/Routing/Router.php(729): Illuminate\\Routing\\Router->dispatchToRoute(Object(Illuminate\\Http\\Request))
#33 /home/linkatt/public_html/staging/WeddingAppDashboard/vendor/laravel/framework/src/Illuminate/Foundation/Http/Kernel.php(190): Illuminate\\Routing\\Router->dispatch(Object(Illuminate\\Http\\Request))
#34 /home/linkatt/public_html/staging/WeddingAppDashboard/vendor/laravel/framework/src/Illuminate/Pipeline/Pipeline.php(141): Illuminate\\Foundation\\Http\\Kernel->Illuminate\\Foundation\\Http\\{closure}(Object(Illuminate\\Http\\Request))
#35 /home/linkatt/public_html/staging/WeddingAppDashboard/vendor/laravel/framework/src/Illuminate/Foundation/Http/Middleware/TransformsRequest.php(21): Illuminate\\Pipeline\\Pipeline->Illuminate\\Pipeline\\{closure}(Object(Illuminate\\Http\\Request))
#36 /home/linkatt/public_html/staging/WeddingAppDashboard/vendor/laravel/framework/src/Illuminate/Foundation/Http/Middleware/ConvertEmptyStringsToNull.php(31): Illuminate\\Foundation\\Http\\Middleware\\TransformsRequest->handle(Object(Illuminate\\Http\\Request), Object(Closure))
#37 /home/linkatt/public_html/staging/WeddingAppDashboard/vendor/laravel/framework/src/Illuminate/Pipeline/Pipeline.php(180): Illuminate\\Foundation\\Http\\Middleware\\ConvertEmptyStringsToNull->handle(Object(Illuminate\\Http\\Request), Object(Closure))
#38 /home/linkatt/public_html/staging/WeddingAppDashboard/vendor/laravel/framework/src/Illuminate/Foundation/Http/Middleware/TransformsRequest.php(21): Illuminate\\Pipeline\\Pipeline->Illuminate\\Pipeline\\{closure}(Object(Illuminate\\Http\\Request))
#39 /home/linkatt/public_html/staging/WeddingAppDashboard/vendor/laravel/framework/src/Illuminate/Foundation/Http/Middleware/TrimStrings.php(40): Illuminate\\Foundation\\Http\\Middleware\\TransformsRequest->handle(Object(Illuminate\\Http\\Request), Object(Closure))
#40 /home/linkatt/public_html/staging/WeddingAppDashboard/vendor/laravel/framework/src/Illuminate/Pipeline/Pipeline.php(180): Illuminate\\Foundation\\Http\\Middleware\\TrimStrings->handle(Object(Illuminate\\Http\\Request), Object(Closure))
#41 /home/linkatt/public_html/staging/WeddingAppDashboard/vendor/laravel/framework/src/Illuminate/Foundation/Http/Middleware/ValidatePostSize.php(27): Illuminate\\Pipeline\\Pipeline->Illuminate\\Pipeline\\{closure}(Object(Illuminate\\Http\\Request))
#42 /home/linkatt/public_html/staging/WeddingAppDashboard/vendor/laravel/framework/src/Illuminate/Pipeline/Pipeline.php(180): Illuminate\\Foundation\\Http\\Middleware\\ValidatePostSize->handle(Object(Illuminate\\Http\\Request), Object(Closure))
#43 /home/linkatt/public_html/staging/WeddingAppDashboard/vendor/laravel/framework/src/Illuminate/Foundation/Http/Middleware/PreventRequestsDuringMaintenance.php(86): Illuminate\\Pipeline\\Pipeline->Illuminate\\Pipeline\\{closure}(Object(Illuminate\\Http\\Request))
#44 /home/linkatt/public_html/staging/WeddingAppDashboard/vendor/laravel/framework/src/Illuminate/Pipeline/Pipeline.php(180): Illuminate\\Foundation\\Http\\Middleware\\PreventRequestsDuringMaintenance->handle(Object(Illuminate\\Http\\Request), Object(Closure))
#45 /home/linkatt/public_html/staging/WeddingAppDashboard/vendor/laravel/framework/src/Illuminate/Http/Middleware/HandleCors.php(49): Illuminate\\Pipeline\\Pipeline->Illuminate\\Pipeline\\{closure}(Object(Illuminate\\Http\\Request))
#46 /home/linkatt/public_html/staging/WeddingAppDashboard/vendor/laravel/framework/src/Illuminate/Pipeline/Pipeline.php(180): Illuminate\\Http\\Middleware\\HandleCors->handle(Object(Illuminate\\Http\\Request), Object(Closure))
#47 /home/linkatt/public_html/staging/WeddingAppDashboard/vendor/laravel/framework/src/Illuminate/Http/Middleware/TrustProxies.php(39): Illuminate\\Pipeline\\Pipeline->Illuminate\\Pipeline\\{closure}(Object(Illuminate\\Http\\Request))
#48 /home/linkatt/public_html/staging/WeddingAppDashboard/vendor/laravel/framework/src/Illuminate/Pipeline/Pipeline.php(180): Illuminate\\Http\\Middleware\\TrustProxies->handle(Object(Illuminate\\Http\\Request), Object(Closure))
#49 /home/linkatt/public_html/staging/WeddingAppDashboard/vendor/laravel/framework/src/Illuminate/Pipeline/Pipeline.php(116): Illuminate\\Pipeline\\Pipeline->Illuminate\\Pipeline\\{closure}(Object(Illuminate\\Http\\Request))
#50 /home/linkatt/public_html/staging/WeddingAppDashboard/vendor/laravel/framework/src/Illuminate/Foundation/Http/Kernel.php(165): Illuminate\\Pipeline\\Pipeline->then(Object(Closure))
#51 /home/linkatt/public_html/staging/WeddingAppDashboard/vendor/laravel/framework/src/Illuminate/Foundation/Http/Kernel.php(134): Illuminate\\Foundation\\Http\\Kernel->sendRequestThroughRouter(Object(Illuminate\\Http\\Request))
#52 /home/linkatt/public_html/staging/WeddingAppDashboard/public/index.php(51): Illuminate\\Foundation\\Http\\Kernel->handle(Object(Illuminate\\Http\\Request))
#53 {main}
"} 
[2026-01-22 09:38:01] local.INFO: Raw Webhook Data: {"object":"whatsapp_business_account","entry":[{"id":"1275182881062952","changes":[{"value":{"messaging_product":"whatsapp","metadata":{"display_phone_number":"96590094353","phone_number_id":"699682719900962"},"contacts":[{"profile":{"name":"Over 9 levels deep, aborting normalization"},"wa_id":"96555467117"}],"messages":[{"context":{"forwarded":"Over 9 levels deep, aborting normalization"},"from":"96555467117","id":"wamid.HBgLOTY1NTU0NjcxMTcVAgASGCBBQ0JBMUU2QjI2MkJBMkI2RDg2QjQyREJDMkQ5ODdEQQA=","timestamp":"1769074676","type":"document","document":{"filename":"Over 9 levels deep, aborting normalization","mime_type":"Over 9 levels deep, aborting normalization","sha256":"Over 9 levels deep, aborting normalization","id":"Over 9 levels deep, aborting normalization","url":"Over 9 levels deep, aborting normalization"}}]},"field":"messages"}]}]} 
[2026-01-22 09:38:01] local.INFO: Raw Webhook Data: {"object":"whatsapp_business_account","entry":[{"id":"1275182881062952","changes":[{"value":{"messaging_product":"whatsapp","metadata":{"display_phone_number":"96590094353","phone_number_id":"699682719900962"},"contacts":[{"profile":{"name":"Over 9 levels deep, aborting normalization"},"wa_id":"96555467117"}],"messages":[{"context":{"forwarded":"Over 9 levels deep, aborting normalization"},"from":"96555467117","id":"wamid.HBgLOTY1NTU0NjcxMTcVAgASGCBBQ0U3MUU3QTdENTUzNDNEMzJDRjBGMTY5OUUwQzEwQgA=","timestamp":"1769074677","type":"document","document":{"filename":"Over 9 levels deep, aborting normalization","mime_type":"Over 9 levels deep, aborting normalization","sha256":"Over 9 levels deep, aborting normalization","id":"Over 9 levels deep, aborting normalization","url":"Over 9 levels deep, aborting normalization"}}]},"field":"messages"}]}]} 
[2026-01-29 19:51:14] local.INFO: Raw Webhook Data: {"object":"whatsapp_business_account","entry":[{"id":"1275182881062952","changes":[{"value":{"messaging_product":"whatsapp","metadata":{"display_phone_number":"96590094353","phone_number_id":"699682719900962"},"statuses":[{"id":"wamid.HBgMOTY2NTQ2NDIxNzY2FQIAERgSQTJBNjMxOTQ4MzRBNEFDMzJCAA==","status":"sent","timestamp":"1769716272","recipient_id":"966546421766","conversation":{"id":"Over 9 levels deep, aborting normalization","expiration_timestamp":"Over 9 levels deep, aborting normalization","origin":"Over 9 levels deep, aborting normalization"},"pricing":{"billable":"Over 9 levels deep, aborting normalization","pricing_model":"Over 9 levels deep, aborting normalization","category":"Over 9 levels deep, aborting normalization","type":"Over 9 levels deep, aborting normalization"}}]},"field":"messages"}]}]} 
[2026-01-29 19:51:17] local.INFO: Raw Webhook Data: {"object":"whatsapp_business_account","entry":[{"id":"1275182881062952","changes":[{"value":{"messaging_product":"whatsapp","metadata":{"display_phone_number":"96590094353","phone_number_id":"699682719900962"},"statuses":[{"id":"wamid.HBgMOTY2NTQ2NDIxNzY2FQIAERgSQTJBNjMxOTQ4MzRBNEFDMzJCAA==","status":"delivered","timestamp":"1769716275","recipient_id":"966546421766","conversation":{"id":"Over 9 levels deep, aborting normalization","origin":"Over 9 levels deep, aborting normalization"},"pricing":{"billable":"Over 9 levels deep, aborting normalization","pricing_model":"Over 9 levels deep, aborting normalization","category":"Over 9 levels deep, aborting normalization","type":"Over 9 levels deep, aborting normalization"}}]},"field":"messages"}]}]} 
[2026-01-29 19:51:49] local.INFO: Raw Webhook Data: {"object":"whatsapp_business_account","entry":[{"id":"1275182881062952","changes":[{"value":{"messaging_product":"whatsapp","metadata":{"display_phone_number":"96590094353","phone_number_id":"699682719900962"},"contacts":[{"profile":{"name":"Over 9 levels deep, aborting normalization"},"wa_id":"966546421766"}],"messages":[{"context":{"from":"Over 9 levels deep, aborting normalization","id":"Over 9 levels deep, aborting normalization"},"from":"966546421766","id":"wamid.HBgMOTY2NTQ2NDIxNzY2FQIAEhgUMkFERTUxNDAxMjUwM0ZCMDIxQkEA","timestamp":"1769716307","type":"button","button":{"payload":"Over 9 levels deep, aborting normalization","text":"Over 9 levels deep, aborting normalization"}}]},"field":"messages"}]}]} 
[2026-01-29 19:51:49] local.INFO: Button Press Detected {"phone":"966546421766","button":"حضور"} 
[2026-01-29 19:51:49] local.INFO: Status Updated Successfully {"phone":"966546421766","status":"accepted"} 
[2026-01-29 19:51:51] local.INFO: Attendance List Message Sent {"phone":"966546421766","response":{"status":"success","message_id":1450682,"message_wamid":"wamid.HBgMOTY2NTQ2NDIxNzY2FQIAERgSQjEwRjg3MTMyQ0M1NjU0QTg2AA=="}} 
[2026-01-29 19:51:52] local.INFO: Raw Webhook Data: {"object":"whatsapp_business_account","entry":[{"id":"1275182881062952","changes":[{"value":{"messaging_product":"whatsapp","metadata":{"display_phone_number":"96590094353","phone_number_id":"699682719900962"},"statuses":[{"id":"wamid.HBgMOTY2NTQ2NDIxNzY2FQIAERgSQjEwRjg3MTMyQ0M1NjU0QTg2AA==","status":"sent","timestamp":"1769716310","recipient_id":"966546421766","conversation":{"id":"Over 9 levels deep, aborting normalization","expiration_timestamp":"Over 9 levels deep, aborting normalization","origin":"Over 9 levels deep, aborting normalization"},"pricing":{"billable":"Over 9 levels deep, aborting normalization","pricing_model":"Over 9 levels deep, aborting normalization","category":"Over 9 levels deep, aborting normalization","type":"Over 9 levels deep, aborting normalization"}}]},"field":"messages"}]}]} 
[2026-01-29 19:51:52] local.INFO: Raw Webhook Data: {"object":"whatsapp_business_account","entry":[{"id":"1275182881062952","changes":[{"value":{"messaging_product":"whatsapp","metadata":{"display_phone_number":"96590094353","phone_number_id":"699682719900962"},"statuses":[{"id":"wamid.HBgMOTY2NTQ2NDIxNzY2FQIAERgSQjEwRjg3MTMyQ0M1NjU0QTg2AA==","status":"delivered","timestamp":"1769716311","recipient_id":"966546421766","conversation":{"id":"Over 9 levels deep, aborting normalization","origin":"Over 9 levels deep, aborting normalization"},"pricing":{"billable":"Over 9 levels deep, aborting normalization","pricing_model":"Over 9 levels deep, aborting normalization","category":"Over 9 levels deep, aborting normalization","type":"Over 9 levels deep, aborting normalization"}}]},"field":"messages"}]}]} 
[2026-01-31 16:59:56] local.ERROR: Attempt to read property "create_role" on null {"view":{"view":"/home/linkatt/public_html/staging/WeddingAppDashboard/resources/views/admin/events/event.blade.php","data":{"errors":"<pre class=sf-dump id=sf-dump-485445948 data-indent-pad=\"  \"><span class=sf-dump-note>Illuminate\\Support\\ViewErrorBag</span> {<a class=sf-dump-ref>#1500</a><samp data-depth=1 class=sf-dump-expanded>
  #<span class=sf-dump-protected title=\"Protected property\">bags</span>: []
</samp>}
</pre><script>Sfdump(\"sf-dump-485445948\", {\"maxDepth\":3,\"maxStringLength\":160})</script>
","event":"<pre class=sf-dump id=sf-dump-1103566004 data-indent-pad=\"  \"><span class=sf-dump-note>App\\Models\\Event</span> {<a class=sf-dump-ref>#27549</a><samp data-depth=1 class=sf-dump-expanded>
  #<span class=sf-dump-protected title=\"Protected property\">connection</span>: \"<span class=sf-dump-str title=\"5 characters\">mysql</span>\"
  #<span class=sf-dump-protected title=\"Protected property\">table</span>: \"<span class=sf-dump-str title=\"6 characters\">events</span>\"
  #<span class=sf-dump-protected title=\"Protected property\">primaryKey</span>: \"<span class=sf-dump-str title=\"2 characters\">id</span>\"
  #<span class=sf-dump-protected title=\"Protected property\">keyType</span>: \"<span class=sf-dump-str title=\"3 characters\">int</span>\"
  +<span class=sf-dump-public title=\"Public property\">incrementing</span>: <span class=sf-dump-const>true</span>
  #<span class=sf-dump-protected title=\"Protected property\">with</span>: []
  #<span class=sf-dump-protected title=\"Protected property\">withCount</span>: []
  +<span class=sf-dump-public title=\"Public property\">preventsLazyLoading</span>: <span class=sf-dump-const>false</span>
  #<span class=sf-dump-protected title=\"Protected property\">perPage</span>: <span class=sf-dump-num>15</span>
  +<span class=sf-dump-public title=\"Public property\">exists</span>: <span class=sf-dump-const>true</span>
  +<span class=sf-dump-public title=\"Public property\">wasRecentlyCreated</span>: <span class=sf-dump-const>false</span>
  #<span class=sf-dump-protected title=\"Protected property\">escapeWhenCastingToString</span>: <span class=sf-dump-const>false</span>
  #<span class=sf-dump-protected title=\"Protected property\">attributes</span>: <span class=sf-dump-note>array:21</span> [<samp data-depth=2 class=sf-dump-compact>
    \"<span class=sf-dump-key>id</span>\" => <span class=sf-dump-num>3</span>
    \"<span class=sf-dump-key>name</span>\" => \"<span class=sf-dump-str title=\"11 characters\">wedding f&amp;m</span>\"
    \"<span class=sf-dump-key>description</span>\" => \"<span class=sf-dump-str title=\"5 characters\">ccccw</span>\"
    \"<span class=sf-dump-key>thumbnail_image</span>\" => \"<span class=sf-dump-str title=\"51 characters\">events/jKoOt7zttEBfmojTR9nz5wv5rR4rtyQ30YluxyEF.jpg</span>\"
    \"<span class=sf-dump-key>date</span>\" => \"<span class=sf-dump-str title=\"10 characters\">2025-02-27</span>\"
    \"<span class=sf-dump-key>time</span>\" => \"<span class=sf-dump-str title=\"8 characters\">09:00:00</span>\"
    \"<span class=sf-dump-key>location</span>\" => \"<span class=sf-dump-str title=\"5 characters\">Egypt</span>\"
    \"<span class=sf-dump-key>maps</span>\" => \"<span class=sf-dump-str title=\"4 characters\">cewc</span>\"
    \"<span class=sf-dump-key>lat</span>\" => <span class=sf-dump-const>null</span>
    \"<span class=sf-dump-key>long</span>\" => <span class=sf-dump-const>null</span>
    \"<span class=sf-dump-key>category_id</span>\" => \"<span class=sf-dump-str>2</span>\"
    \"<span class=sf-dump-key>type</span>\" => <span class=sf-dump-const>null</span>
    \"<span class=sf-dump-key>user_id</span>\" => \"<span class=sf-dump-str>2</span>\"
    \"<span class=sf-dump-key>qr_code</span>\" => <span class=sf-dump-const>null</span>
    \"<span class=sf-dump-key>status</span>\" => \"<span class=sf-dump-str title=\"9 characters\">published</span>\"
    \"<span class=sf-dump-key>confirmed</span>\" => <span class=sf-dump-const>null</span>
    \"<span class=sf-dump-key>canceled</span>\" => <span class=sf-dump-const>null</span>
    \"<span class=sf-dump-key>failed</span>\" => <span class=sf-dump-const>null</span>
    \"<span class=sf-dump-key>scanned</span>\" => \"<span class=sf-dump-str>1</span>\"
    \"<span class=sf-dump-key>created_at</span>\" => \"<span class=sf-dump-str title=\"19 characters\">2025-02-12 12:46:29</span>\"
    \"<span class=sf-dump-key>updated_at</span>\" => \"<span class=sf-dump-str title=\"19 characters\">2025-06-05 15:37:10</span>\"
  </samp>]
  #<span class=sf-dump-protected title=\"Protected property\">original</span>: <span class=sf-dump-note>array:21</span> [<samp data-depth=2 class=sf-dump-compact>
    \"<span class=sf-dump-key>id</span>\" => <span class=sf-dump-num>3</span>
    \"<span class=sf-dump-key>name</span>\" => \"<span class=sf-dump-str title=\"11 characters\">wedding f&amp;m</span>\"
    \"<span class=sf-dump-key>description</span>\" => \"<span class=sf-dump-str title=\"5 characters\">ccccw</span>\"
    \"<span class=sf-dump-key>thumbnail_image</span>\" => \"<span class=sf-dump-str title=\"51 characters\">events/jKoOt7zttEBfmojTR9nz5wv5rR4rtyQ30YluxyEF.jpg</span>\"
    \"<span class=sf-dump-key>date</span>\" => \"<span class=sf-dump-str title=\"10 characters\">2025-02-27</span>\"
    \"<span class=sf-dump-key>time</span>\" => \"<span class=sf-dump-str title=\"8 characters\">09:00:00</span>\"
    \"<span class=sf-dump-key>location</span>\" => \"<span class=sf-dump-str title=\"5 characters\">Egypt</span>\"
    \"<span class=sf-dump-key>maps</span>\" => \"<span class=sf-dump-str title=\"4 characters\">cewc</span>\"
    \"<span class=sf-dump-key>lat</span>\" => <span class=sf-dump-const>null</span>
    \"<span class=sf-dump-key>long</span>\" => <span class=sf-dump-const>null</span>
    \"<span class=sf-dump-key>category_id</span>\" => \"<span class=sf-dump-str>2</span>\"
    \"<span class=sf-dump-key>type</span>\" => <span class=sf-dump-const>null</span>
    \"<span class=sf-dump-key>user_id</span>\" => \"<span class=sf-dump-str>2</span>\"
    \"<span class=sf-dump-key>qr_code</span>\" => <span class=sf-dump-const>null</span>
    \"<span class=sf-dump-key>status</span>\" => \"<span class=sf-dump-str title=\"9 characters\">published</span>\"
    \"<span class=sf-dump-key>confirmed</span>\" => <span class=sf-dump-const>null</span>
    \"<span class=sf-dump-key>canceled</span>\" => <span class=sf-dump-const>null</span>
    \"<span class=sf-dump-key>failed</span>\" => <span class=sf-dump-const>null</span>
    \"<span class=sf-dump-key>scanned</span>\" => \"<span class=sf-dump-str>1</span>\"
    \"<span class=sf-dump-key>created_at</span>\" => \"<span class=sf-dump-str title=\"19 characters\">2025-02-12 12:46:29</span>\"
    \"<span class=sf-dump-key>updated_at</span>\" => \"<span class=sf-dump-str title=\"19 characters\">2025-06-05 15:37:10</span>\"
  </samp>]
  #<span class=sf-dump-protected title=\"Protected property\">changes</span>: []
  #<span class=sf-dump-protected title=\"Protected property\">casts</span>: []
  #<span class=sf-dump-protected title=\"Protected property\">classCastCache</span>: []
  #<span class=sf-dump-protected title=\"Protected property\">attributeCastCache</span>: []
  #<span class=sf-dump-protected title=\"Protected property\">dates</span>: []
  #<span class=sf-dump-protected title=\"Protected property\">dateFormat</span>: <span class=sf-dump-const>null</span>
  #<span class=sf-dump-protected title=\"Protected property\">appends</span>: []
  #<span class=sf-dump-protected title=\"Protected property\">dispatchesEvents</span>: []
  #<span class=sf-dump-protected title=\"Protected property\">observables</span>: []
  #<span class=sf-dump-protected title=\"Protected property\">relations</span>: <span class=sf-dump-note>array:2</span> [<samp data-depth=2 class=sf-dump-compact>
    \"<span class=sf-dump-key>category</span>\" => <span class=sf-dump-note title=\"App\\Models\\Category
\"><span class=\"sf-dump-ellipsis sf-dump-ellipsis-note\">App\\Models</span><span class=\"sf-dump-ellipsis sf-dump-ellipsis-note\">\\</span>Category</span> {<a class=sf-dump-ref>#27543</a><samp data-depth=3 class=sf-dump-compact>
      #<span class=sf-dump-protected title=\"Protected property\">connection</span>: \"<span class=sf-dump-str title=\"5 characters\">mysql</span>\"
      #<span class=sf-dump-protected title=\"Protected property\">table</span>: \"<span class=sf-dump-str title=\"10 characters\">categories</span>\"
      #<span class=sf-dump-protected title=\"Protected property\">primaryKey</span>: \"<span class=sf-dump-str title=\"2 characters\">id</span>\"
      #<span class=sf-dump-protected title=\"Protected property\">keyType</span>: \"<span class=sf-dump-str title=\"3 characters\">int</span>\"
      +<span class=sf-dump-public title=\"Public property\">incrementing</span>: <span class=sf-dump-const>true</span>
      #<span class=sf-dump-protected title=\"Protected property\">with</span>: []
      #<span class=sf-dump-protected title=\"Protected property\">withCount</span>: []
      +<span class=sf-dump-public title=\"Public property\">preventsLazyLoading</span>: <span class=sf-dump-const>false</span>
      #<span class=sf-dump-protected title=\"Protected property\">perPage</span>: <span class=sf-dump-num>15</span>
      +<span class=sf-dump-public title=\"Public property\">exists</span>: <span class=sf-dump-const>true</span>
      +<span class=sf-dump-public title=\"Public property\">wasRecentlyCreated</span>: <span class=sf-dump-const>false</span>
      #<span class=sf-dump-protected title=\"Protected property\">escapeWhenCastingToString</span>: <span class=sf-dump-const>false</span>
      #<span class=sf-dump-protected title=\"Protected property\">attributes</span>: <span class=sf-dump-note>array:5</span> [ &#8230;5]
      #<span class=sf-dump-protected title=\"Protected property\">original</span>: <span class=sf-dump-note>array:5</span> [ &#8230;5]
      #<span class=sf-dump-protected title=\"Protected property\">changes</span>: []
      #<span class=sf-dump-protected title=\"Protected property\">casts</span>: []
      #<span class=sf-dump-protected title=\"Protected property\">classCastCache</span>: []
      #<span class=sf-dump-protected title=\"Protected property\">attributeCastCache</span>: []
      #<span class=sf-dump-protected title=\"Protected property\">dates</span>: []
      #<span class=sf-dump-protected title=\"Protected property\">dateFormat</span>: <span class=sf-dump-const>null</span>
      #<span class=sf-dump-protected title=\"Protected property\">appends</span>: []
      #<span class=sf-dump-protected title=\"Protected property\">dispatchesEvents</span>: []
      #<span class=sf-dump-protected title=\"Protected property\">observables</span>: []
      #<span class=sf-dump-protected title=\"Protected property\">relations</span>: []
      #<span class=sf-dump-protected title=\"Protected property\">touches</span>: []
      +<span class=sf-dump-public title=\"Public property\">timestamps</span>: <span class=sf-dump-const>true</span>
      #<span class=sf-dump-protected title=\"Protected property\">hidden</span>: []
      #<span class=sf-dump-protected title=\"Protected property\">visible</span>: []
      #<span class=sf-dump-protected title=\"Protected property\">fillable</span>: <span class=sf-dump-note>array:2</span> [ &#8230;2]
      #<span class=sf-dump-protected title=\"Protected property\">guarded</span>: <span class=sf-dump-note>array:1</span> [ &#8230;1]
    </samp>}
    \"<span class=sf-dump-key>user</span>\" => <span class=sf-dump-note title=\"App\\Models\\User
\"><span class=\"sf-dump-ellipsis sf-dump-ellipsis-note\">App\\Models</span><span class=\"sf-dump-ellipsis sf-dump-ellipsis-note\">\\</span>User</span> {<a class=sf-dump-ref>#27538</a><samp data-depth=3 class=sf-dump-compact>
      #<span class=sf-dump-protected title=\"Protected property\">connection</span>: \"<span class=sf-dump-str title=\"5 characters\">mysql</span>\"
      #<span class=sf-dump-protected title=\"Protected property\">table</span>: \"<span class=sf-dump-str title=\"5 characters\">users</span>\"
      #<span class=sf-dump-protected title=\"Protected property\">primaryKey</span>: \"<span class=sf-dump-str title=\"2 characters\">id</span>\"
      #<span class=sf-dump-protected title=\"Protected property\">keyType</span>: \"<span class=sf-dump-str title=\"3 characters\">int</span>\"
      +<span class=sf-dump-public title=\"Public property\">incrementing</span>: <span class=sf-dump-const>true</span>
      #<span class=sf-dump-protected title=\"Protected property\">with</span>: []
      #<span class=sf-dump-protected title=\"Protected property\">withCount</span>: []
      +<span class=sf-dump-public title=\"Public property\">preventsLazyLoading</span>: <span class=sf-dump-const>false</span>
      #<span class=sf-dump-protected title=\"Protected property\">perPage</span>: <span class=sf-dump-num>15</span>
      +<span class=sf-dump-public title=\"Public property\">exists</span>: <span class=sf-dump-const>true</span>
      +<span class=sf-dump-public title=\"Public property\">wasRecentlyCreated</span>: <span class=sf-dump-const>false</span>
      #<span class=sf-dump-protected title=\"Protected property\">escapeWhenCastingToString</span>: <span class=sf-dump-const>false</span>
      #<span class=sf-dump-protected title=\"Protected property\">attributes</span>: <span class=sf-dump-note>array:22</span> [ &#8230;22]
      #<span class=sf-dump-protected title=\"Protected property\">original</span>: <span class=sf-dump-note>array:22</span> [ &#8230;22]
      #<span class=sf-dump-protected title=\"Protected property\">changes</span>: []
      #<span class=sf-dump-protected title=\"Protected property\">casts</span>: <span class=sf-dump-note>array:4</span> [ &#8230;4]
      #<span class=sf-dump-protected title=\"Protected property\">classCastCache</span>: []
      #<span class=sf-dump-protected title=\"Protected property\">attributeCastCache</span>: []
      #<span class=sf-dump-protected title=\"Protected property\">dates</span>: []
      #<span class=sf-dump-protected title=\"Protected property\">dateFormat</span>: <span class=sf-dump-const>null</span>
      #<span class=sf-dump-protected title=\"Protected property\">appends</span>: []
      #<span class=sf-dump-protected title=\"Protected property\">dispatchesEvents</span>: []
      #<span class=sf-dump-protected title=\"Protected property\">observables</span>: []
      #<span class=sf-dump-protected title=\"Protected property\">relations</span>: []
      #<span class=sf-dump-protected title=\"Protected property\">touches</span>: []
      +<span class=sf-dump-public title=\"Public property\">timestamps</span>: <span class=sf-dump-const>true</span>
      #<span class=sf-dump-protected title=\"Protected property\">hidden</span>: <span class=sf-dump-note>array:4</span> [ &#8230;4]
      #<span class=sf-dump-protected title=\"Protected property\">visible</span>: []
      #<span class=sf-dump-protected title=\"Protected property\">fillable</span>: <span class=sf-dump-note>array:14</span> [ &#8230;14]
      #<span class=sf-dump-protected title=\"Protected property\">guarded</span>: <span class=sf-dump-note>array:1</span> [ &#8230;1]
      #<span class=sf-dump-protected title=\"Protected property\">rememberTokenName</span>: \"<span class=sf-dump-str title=\"14 characters\">remember_token</span>\"
      #<span class=sf-dump-protected title=\"Protected property\">accessToken</span>: <span class=sf-dump-const>null</span>
    </samp>}
  </samp>]
  #<span class=sf-dump-protected title=\"Protected property\">touches</span>: []
  +<span class=sf-dump-public title=\"Public property\">timestamps</span>: <span class=sf-dump-const>true</span>
  #<span class=sf-dump-protected title=\"Protected property\">hidden</span>: []
  #<span class=sf-dump-protected title=\"Protected property\">visible</span>: []
  #<span class=sf-dump-protected title=\"Protected property\">fillable</span>: <span class=sf-dump-note>array:15</span> [<samp data-depth=2 class=sf-dump-compact>
    <span class=sf-dump-index>0</span> => \"<span class=sf-dump-str title=\"4 characters\">name</span>\"
    <span class=sf-dump-index>1</span> => \"<span class=sf-dump-str title=\"11 characters\">description</span>\"
    <span class=sf-dump-index>2</span> => \"<span class=sf-dump-str title=\"15 characters\">thumbnail_image</span>\"
    <span class=sf-dump-index>3</span> => \"<span class=sf-dump-str title=\"4 characters\">date</span>\"
    <span class=sf-dump-index>4</span> => \"<span class=sf-dump-str title=\"4 characters\">time</span>\"
    <span class=sf-dump-index>5</span> => \"<span class=sf-dump-str title=\"8 characters\">location</span>\"
    <span class=sf-dump-index>6</span> => \"<span class=sf-dump-str title=\"4 characters\">maps</span>\"
    <span class=sf-dump-index>7</span> => \"<span class=sf-dump-str title=\"11 characters\">category_id</span>\"
    <span class=sf-dump-index>8</span> => \"<span class=sf-dump-str title=\"7 characters\">qr_code</span>\"
    <span class=sf-dump-index>9</span> => \"<span class=sf-dump-str title=\"6 characters\">status</span>\"
    <span class=sf-dump-index>10</span> => \"<span class=sf-dump-str title=\"9 characters\">confirmed</span>\"
    <span class=sf-dump-index>11</span> => \"<span class=sf-dump-str title=\"8 characters\">canceled</span>\"
    <span class=sf-dump-index>12</span> => \"<span class=sf-dump-str title=\"6 characters\">failed</span>\"
    <span class=sf-dump-index>13</span> => \"<span class=sf-dump-str title=\"7 characters\">scanned</span>\"
    <span class=sf-dump-index>14</span> => \"<span class=sf-dump-str title=\"7 characters\">user_id</span>\"
  </samp>]
  #<span class=sf-dump-protected title=\"Protected property\">guarded</span>: <span class=sf-dump-note>array:1</span> [<samp data-depth=2 class=sf-dump-compact>
    <span class=sf-dump-index>0</span> => \"<span class=sf-dump-str>*</span>\"
  </samp>]
</samp>}
</pre><script>Sfdump(\"sf-dump-1103566004\", {\"maxDepth\":3,\"maxStringLength\":160})</script>
","contacts":"<pre class=sf-dump id=sf-dump-1828524625 data-indent-pad=\"  \"><span class=sf-dump-note>Illuminate\\Database\\Eloquent\\Collection</span> {<a class=sf-dump-ref>#1527</a><samp data-depth=1 class=sf-dump-expanded>
  #<span class=sf-dump-protected title=\"Protected property\">items</span>: <span class=sf-dump-note>array:1</span> [<samp data-depth=2 class=sf-dump-compact>
    <span class=sf-dump-index>0</span> => <span class=sf-dump-note title=\"App\\Models\\Contact
\"><span class=\"sf-dump-ellipsis sf-dump-ellipsis-note\">App\\Models</span><span class=\"sf-dump-ellipsis sf-dump-ellipsis-note\">\\</span>Contact</span> {<a class=sf-dump-ref>#1525</a><samp data-depth=3 class=sf-dump-compact>
      #<span class=sf-dump-protected title=\"Protected property\">connection</span>: \"<span class=sf-dump-str title=\"5 characters\">mysql</span>\"
      #<span class=sf-dump-protected title=\"Protected property\">table</span>: \"<span class=sf-dump-str title=\"8 characters\">contacts</span>\"
      #<span class=sf-dump-protected title=\"Protected property\">primaryKey</span>: \"<span class=sf-dump-str title=\"2 characters\">id</span>\"
      #<span class=sf-dump-protected title=\"Protected property\">keyType</span>: \"<span class=sf-dump-str title=\"3 characters\">int</span>\"
      +<span class=sf-dump-public title=\"Public property\">incrementing</span>: <span class=sf-dump-const>true</span>
      #<span class=sf-dump-protected title=\"Protected property\">with</span>: []
      #<span class=sf-dump-protected title=\"Protected property\">withCount</span>: []
      +<span class=sf-dump-public title=\"Public property\">preventsLazyLoading</span>: <span class=sf-dump-const>false</span>
      #<span class=sf-dump-protected title=\"Protected property\">perPage</span>: <span class=sf-dump-num>15</span>
      +<span class=sf-dump-public title=\"Public property\">exists</span>: <span class=sf-dump-const>true</span>
      +<span class=sf-dump-public title=\"Public property\">wasRecentlyCreated</span>: <span class=sf-dump-const>false</span>
      #<span class=sf-dump-protected title=\"Protected property\">escapeWhenCastingToString</span>: <span class=sf-dump-const>false</span>
      #<span class=sf-dump-protected title=\"Protected property\">attributes</span>: <span class=sf-dump-note>array:14</span> [ &#8230;14]
      #<span class=sf-dump-protected title=\"Protected property\">original</span>: <span class=sf-dump-note>array:14</span> [ &#8230;14]
      #<span class=sf-dump-protected title=\"Protected property\">changes</span>: []
      #<span class=sf-dump-protected title=\"Protected property\">casts</span>: []
      #<span class=sf-dump-protected title=\"Protected property\">classCastCache</span>: []
      #<span class=sf-dump-protected title=\"Protected property\">attributeCastCache</span>: []
      #<span class=sf-dump-protected title=\"Protected property\">dates</span>: []
      #<span class=sf-dump-protected title=\"Protected property\">dateFormat</span>: <span class=sf-dump-const>null</span>
      #<span class=sf-dump-protected title=\"Protected property\">appends</span>: []
      #<span class=sf-dump-protected title=\"Protected property\">dispatchesEvents</span>: []
      #<span class=sf-dump-protected title=\"Protected property\">observables</span>: []
      #<span class=sf-dump-protected title=\"Protected property\">relations</span>: <span class=sf-dump-note>array:1</span> [ &#8230;1]
      #<span class=sf-dump-protected title=\"Protected property\">touches</span>: []
      +<span class=sf-dump-public title=\"Public property\">timestamps</span>: <span class=sf-dump-const>true</span>
      #<span class=sf-dump-protected title=\"Protected property\">hidden</span>: []
      #<span class=sf-dump-protected title=\"Protected property\">visible</span>: []
      #<span class=sf-dump-protected title=\"Protected property\">fillable</span>: <span class=sf-dump-note>array:8</span> [ &#8230;8]
      #<span class=sf-dump-protected title=\"Protected property\">guarded</span>: <span class=sf-dump-note>array:1</span> [ &#8230;1]
    </samp>}
  </samp>]
  #<span class=sf-dump-protected title=\"Protected property\">escapeWhenCastingToString</span>: <span class=sf-dump-const>false</span>
</samp>}
</pre><script>Sfdump(\"sf-dump-1828524625\", {\"maxDepth\":3,\"maxStringLength\":160})</script>
","qrCode":"<pre class=sf-dump id=sf-dump-1363462608 data-indent-pad=\"  \"><span class=sf-dump-note>Illuminate\\Support\\HtmlString</span> {<a class=sf-dump-ref>#1563</a><samp data-depth=1 class=sf-dump-expanded>
  #<span class=sf-dump-protected title=\"Protected property\">html</span>: \"\"\"
    <span class=sf-dump-str title=\"170903 characters\">&lt;?xml version=&quot;1.0&quot; encoding=&quot;UTF-8&quot;?&gt;<span class=\"sf-dump-default sf-dump-ns\">\\n</span></span>
    <span class=sf-dump-str title=\"170903 characters\">&lt;svg xmlns=&quot;http://www.w3.org/2000/svg&quot; version=&quot;1.1&quot; width=&quot;100&quot; height=&quot;100&quot; viewBox=&quot;0 0 100 100&quot;&gt;&lt;rect x=&quot;0&quot; y=&quot;0&quot; width=&quot;100&quot; height=&quot;100&quot; fill=&quot;#ffffff&quot;/&gt;&lt;g transform=&quot;scale(0.565)&quot;&gt;&lt;g transform=&quot;translate(0,0)&quot;&gt;&lt;path fill-rule=&quot;evenodd&quot; d=&quot;M9 0L9 1L8 1L8 2L9 2L9 3L8 3L8 4L9 4L9 3L10 3L10 2L11 2L11 1L14 1L14 2L16 2L16 3L15 3L15 5L14 5L14 4L12 4L12 3L11 3L11 4L12 4L12 7L13 7L13 8L12 8L12 9L13 9L13 11L11 11L11 10L10 10L10 11L9 11L9 8L6 8L6 9L5 9L5 8L0 8L0 10L2 10L2 12L1 12L1 11L0 11L0 12L1 12L1 13L2 13L2 15L1 15L1 14L0 14L0 15L1 15L1 18L0 18L0 19L1 19L1 18L3 18L3 20L2 20L2 22L3 22L3 20L4 20L4 26L3 26L3 27L5 27L5 22L6 22L6 23L8 23L8 25L7 25L7 24L6 24L6 25L7 25L7 26L6 26L6 27L7 27L7 28L4 28L4 29L3 29L3 31L4 31L4 32L3 32L3 33L2 33L2 34L0 34L0 36L1 36L1 35L2 35L2 36L3 36L3 35L4 35L4 33L8 33L8 34L6 34L6 35L5 35L5 37L7 37L7 38L6 38L6 39L5 39L5 40L4 40L4 39L3 39L3 38L4 38L4 37L3 37L3 38L2 38L2 40L3 40L3 41L5 41L5 42L6 42L6 43L7 43L7 44L6 44L6 45L7 45L7 46L6 46L6 47L7 47L7 48L5 48L5 49L4 49L4 48L3 48L3 47L5 47L5 45L4 45L4 42L3 42L3 43L1 43L1 40L0 40L0 43L1 43L1 44L0 44L0 48L2 48L2 49L4 49L4 50L3 50L3 52L4 52L4 55L3 55L3 56L4 56L4 58L3 58L3 57L2 57L2 56L1 56L1 57L0 57L0 61L2 61L2 63L1 63L1 62L0 62L0 63L1 63L1 64L0 64L0 71L2 71L2 72L0 72L0 73L1 73L1 75L0 75L0 82L2 82L2 81L3 81L3 83L2 83L2 84L4 84L4 85L3 85L3 86L2 86L2 85L1 85L1 83L0 83L0 85L1 85L1 86L0 86L0 88L1 88L1 87L4 87L4 89L3 89L3 88L2 88L2 89L1 89L1 90L2 90L2 91L1 91L1 92L0 92L0 94L1 94L1 92L3 92L3 93L2 93L2 94L3 94L3 93L4 93L4 96L3 96L3 99L2 99L2 97L1 97L1 98L0 98L0 103L3 103L3 99L5 99L5 97L7 97L7 98L6 98L6 99L7 99L7 100L6 100L6 101L5 101L5 100L4 100L4 103L5 103L5 102L6 102L6 103L7 103L7 104L5 104L5 105L4 105L4 104L0 104L0 105L4 105L4 106L3 106L3 107L5 107L5 108L6 108L6 109L4 109L4 108L2 108L2 106L1 106L1 109L0 109L0 110L1 110L1 111L0 111L0 113L1 113L1 114L0 114L0 116L2 116L2 117L0 117L0 120L1 120L1 121L2 121L2 122L1 122L1 123L0 123L0 125L2 125L2 126L3 126L3 127L5 127L5 126L6 126L6 127L7 127L7 128L6 128L6 129L5 129L5 128L2 128L2 131L1 131L1 130L0 130L0 131L1 131L1 133L0 133L0 134L1 134L1 135L2 135L2 136L0 136L0 138L1 138L1 137L2 137L2 138L3 138L3 139L4 139L4 138L3 138L3 137L5 137L5 140L2 140L2 141L1 141L1 139L0 139L0 145L1 145L1 146L0 146L0 149L1 149L1 147L2 147L2 145L3 145L3 147L4 147L4 146L5 146L5 145L7 145L7 146L6 146L6 147L5 147L5 148L4 148L4 152L3 152L3 150L1 150L1 151L2 151L2 152L1 152L1 153L0 153L0 154L1 154L1 153L3 153L3 154L5 154L5 153L7 153L7 154L6 154L6 155L7 155L7 156L6 156L6 157L5 157L5 155L2 155L2 156L1 156L1 155L0 155L0 156L1 156L1 157L0 157L0 158L2 158L2 159L1 159L1 160L0 160L0 161L1 161L1 162L0 162L0 164L1 164L1 162L2 162L2 160L3 160L3 165L2 165L2 166L1 166L1 165L0 165L0 167L3 167L3 169L4 169L4 167L3 167L3 166L4 166L4 162L5 162L5 163L7 163L7 164L5 164L5 165L9 165L9 166L10 166L10 167L9 167L9 168L8 168L8 166L5 166L5 167L7 167L7 168L5 168L5 169L8 169L8 171L11 171L11 172L8 172L8 177L9 177L9 175L10 175L10 173L11 173L11 172L12 172L12 170L11 170L11 169L10 169L10 167L11 167L11 168L12 168L12 169L14 169L14 170L15 170L15 169L14 169L14 168L12 168L12 167L15 167L15 166L12 166L12 165L13 165L13 164L12 164L12 163L11 163L11 162L10 162L10 161L9 161L9 160L8 160L8 158L9 158L9 159L10 159L10 160L11 160L11 161L16 161L16 162L14 162L14 163L16 163L16 162L17 162L17 160L15 160L15 159L16 159L16 158L20 158L20 155L21 155L21 156L22 156L22 158L21 158L21 159L20 159L20 160L19 160L19 159L18 159L18 160L19 160L19 161L18 161L18 162L19 162L19 161L20 161L20 160L21 160L21 162L22 162L22 163L20 163L20 164L16 164L16 168L17 168L17 169L20 169L20 167L21 167L21 166L22 166L22 165L20 165L20 164L22 164L22 163L23 163L23 164L24 164L24 165L23 165L23 167L24 167L24 169L25 169L25 170L26 170L26 171L27 171L27 172L28 172L28 173L29 173L29 176L28 176L28 175L27 175L27 177L29 177L29 176L30 176L30 177L32 177L32 176L33 176L33 175L32 175L32 174L34 174L34 173L33 173L33 171L34 171L34 172L35 172L35 170L34 170L34 167L33 167L33 166L35 166L35 168L36 168L36 166L35 166L35 165L36 165L36 164L35 164L35 163L34 163L34 162L36 162L36 163L37 163L37 161L38 161L38 162L39 162L39 163L40 163L40 164L39 164L39 165L38 165L38 164L37 164L37 166L38 166L38 167L37 167L37 170L36 170L36 171L37 171L37 172L36 172L36 174L35 174L35 175L36 175L36 176L37 176L37 177L38 177L38 175L39 175L39 177L40 177L40 176L41 176L41 177L43 177L43 176L45 176L45 175L46 175L46 176L47 176L47 175L48 175L48 174L50 174L50 175L49 175L49 176L48 176L48 177L50 177L50 175L51 175L51 177L52 177L52 176L56 176L56 177L58 177L58 176L57 176L57 175L56 175L56 174L59 174L59 173L60 173L60 174L61 174L61 175L59 175L59 176L61 176L61 177L62 177L62 175L63 175L63 176L64 176L64 177L65 177L65 176L66 176L66 177L67 177L67 176L68 176L68 177L70 177L70 176L69 176L69 175L68 175L68 173L69 173L69 174L70 174L70 175L72 175L72 176L71 176L71 177L72 177L72 176L74 176L74 175L75 175L75 174L76 174L76 173L77 173L77 172L78 172L78 173L81 173L81 175L80 175L80 174L78 174L78 177L79 177L79 176L80 176L80 177L82 177L82 176L83 176L83 177L84 177L84 176L85 176L85 174L82 174L82 172L83 172L83 173L86 173L86 175L88 175L88 176L91 176L91 177L95 177L95 176L94 176L94 175L93 175L93 176L92 176L92 174L90 174L90 173L89 173L89 171L90 171L90 172L91 172L91 173L92 173L92 172L91 172L91 171L92 171L92 170L94 170L94 169L92 169L92 168L91 168L91 165L92 165L92 166L93 166L93 165L94 165L94 166L95 166L95 165L96 165L96 164L97 164L97 165L99 165L99 166L98 166L98 167L97 167L97 166L96 166L96 167L95 167L95 169L96 169L96 168L97 168L97 170L96 170L96 173L97 173L97 174L96 174L96 177L99 177L99 176L97 176L97 175L98 175L98 174L99 174L99 175L100 175L100 174L102 174L102 176L103 176L103 177L107 177L107 176L108 176L108 177L110 177L110 176L109 176L109 175L110 175L110 174L111 174L111 175L113 175L113 174L114 174L114 175L115 175L115 174L116 174L116 175L117 175L117 177L123 177L123 175L125 175L125 177L128 177L128 176L126 176L126 175L127 175L127 174L128 174L128 175L129 175L129 176L130 176L130 177L135 177L135 176L136 176L136 175L139 175L139 176L141 176L141 175L142 175L142 176L143 176L143 174L142 174L142 173L146 173L146 172L147 172L147 174L146 174L146 175L144 175L144 177L146 177L146 176L149 176L149 177L150 177L150 176L151 176L151 175L152 175L152 176L153 176L153 175L154 175L154 176L156 176L156 177L158 177L158 176L159 176L159 177L160 177L160 176L161 176L161 177L163 177L163 176L162 176L162 175L161 175L161 174L160 174L160 175L159 175L159 174L158 174L158 175L157 175L157 174L156 174L156 175L155 175L155 174L154 174L154 172L153 172L153 170L152 170L152 169L151 169L151 168L149 168L149 167L148 167L148 166L151 166L151 167L152 167L152 168L153 168L153 167L156 167L156 166L157 166L157 168L156 168L156 169L155 169L155 170L154 170L154 171L156 171L156 170L158 170L158 171L157 171L157 172L155 172L155 173L158 173L158 171L159 171L159 173L160 173L160 172L161 172L161 173L162 173L162 174L163 174L163 175L164 175L164 176L165 176L165 175L168 175L168 176L167 176L167 177L169 177L169 175L168 175L168 174L164 174L164 172L165 172L165 173L166 173L166 172L165 172L165 171L164 171L164 172L162 172L162 171L161 171L161 170L164 170L164 168L165 168L165 167L166 167L166 168L167 168L167 169L168 169L168 170L166 170L166 171L168 171L168 173L173 173L173 174L172 174L172 175L171 175L171 174L170 174L170 175L171 175L171 177L172 177L172 176L173 176L173 177L174 177L174 176L175 176L175 177L176 177L176 176L177 176L177 175L174 175L174 174L176 174L176 173L175 173L175 172L174 172L174 171L173 171L173 169L174 169L174 170L175 170L175 171L176 171L176 172L177 172L177 170L176 170L176 169L175 169L175 168L174 168L174 167L173 167L173 166L175 166L175 165L176 165L176 167L177 167L177 165L176 165L176 164L175 164L175 163L176 163L176 161L175 161L175 160L174 160L174 159L173 159L173 157L172 157L172 158L171 158L171 157L169 157L169 156L170 156L170 155L171 155L171 156L172 156L172 155L173 155L173 156L174 156L174 155L173 155L173 154L175 154L175 151L174 151L174 150L175 150L175 148L174 148L174 147L173 147L173 145L174 145L174 146L175 146L175 147L176 147L176 148L177 148L177 146L176 146L176 144L177 144L177 143L174 143L174 142L177 142L177 141L175 141L175 139L176 139L176 140L177 140L177 138L176 138L176 137L175 137L175 136L174 136L174 135L173 135L173 136L172 136L172 137L171 137L171 136L170 136L170 137L171 137L171 139L172 139L172 138L173 138L173 139L174 139L174 140L170 140L170 139L167 139L167 138L168 138L168 137L169 137L169 135L170 135L170 134L173 134L173 133L174 133L174 134L175 134L175 133L176 133L176 135L177 135L177 133L176 133L176 132L177 132L177 130L176 130L176 129L175 129L175 128L174 128L174 127L173 127L173 128L172 128L172 129L171 129L171 128L170 128L170 129L169 129L169 127L168 127L168 128L167 128L167 126L169 126L169 125L167 125L167 126L166 126L166 124L165 124L165 122L164 122L164 121L163 121L163 119L164 119L164 120L165 120L165 119L166 119L166 120L167 120L167 122L166 122L166 123L167 123L167 122L168 122L168 121L169 121L169 123L168 123L168 124L169 124L169 123L170 123L170 122L175 122L175 124L173 124L173 123L171 123L171 124L170 124L170 125L171 125L171 127L172 127L172 125L174 125L174 126L175 126L175 127L176 127L176 128L177 128L177 126L176 126L176 125L175 125L175 124L177 124L177 123L176 123L176 122L177 122L177 121L176 121L176 120L177 120L177 119L176 119L176 118L175 118L175 116L174 116L174 115L173 115L173 113L174 113L174 114L175 114L175 115L176 115L176 116L177 116L177 114L176 114L176 113L175 113L175 112L177 112L177 111L175 111L175 112L173 112L173 110L175 110L175 109L176 109L176 110L177 110L177 109L176 109L176 108L177 108L177 107L176 107L176 106L175 106L175 104L174 104L174 103L172 103L172 104L171 104L171 103L170 103L170 104L169 104L169 103L167 103L167 102L166 102L166 101L168 101L168 100L169 100L169 102L170 102L170 101L171 101L171 102L172 102L172 101L173 101L173 100L174 100L174 99L173 99L173 100L172 100L172 98L171 98L171 97L172 97L172 96L171 96L171 95L170 95L170 96L169 96L169 95L168 95L168 96L167 96L167 95L166 95L166 93L164 93L164 92L165 92L165 91L166 91L166 92L167 92L167 93L169 93L169 94L170 94L170 93L171 93L171 94L172 94L172 93L174 93L174 94L175 94L175 95L176 95L176 96L174 96L174 95L173 95L173 98L175 98L175 99L176 99L176 100L177 100L177 98L176 98L176 96L177 96L177 95L176 95L176 94L175 94L175 92L174 92L174 91L172 91L172 92L171 92L171 91L170 91L170 92L169 92L169 91L167 91L167 90L166 90L166 89L165 89L165 91L164 91L164 90L163 90L163 88L162 88L162 87L159 87L159 86L158 86L158 87L157 87L157 88L156 88L156 89L155 89L155 90L154 90L154 89L153 89L153 90L152 90L152 88L153 88L153 87L154 87L154 88L155 88L155 87L156 87L156 86L157 86L157 85L158 85L158 84L156 84L156 83L155 83L155 82L153 82L153 83L152 83L152 84L153 84L153 87L152 87L152 85L151 85L151 84L150 84L150 83L149 83L149 82L148 82L148 83L147 83L147 82L146 82L146 80L147 80L147 81L148 81L148 79L149 79L149 80L150 80L150 82L151 82L151 79L152 79L152 80L153 80L153 79L154 79L154 80L155 80L155 79L156 79L156 78L157 78L157 79L159 79L159 81L160 81L160 80L161 80L161 81L162 81L162 82L163 82L163 83L164 83L164 84L162 84L162 83L159 83L159 82L158 82L158 81L157 81L157 80L156 80L156 81L157 81L157 82L158 82L158 83L159 83L159 84L161 84L161 86L163 86L163 87L164 87L164 88L165 88L165 87L166 87L166 86L164 86L164 84L165 84L165 85L166 85L166 84L165 84L165 83L166 83L166 82L165 82L165 83L164 83L164 80L165 80L165 79L166 79L166 80L167 80L167 82L168 82L168 83L167 83L167 86L168 86L168 87L167 87L167 88L168 88L168 89L169 89L169 90L170 90L170 89L174 89L174 90L175 90L175 91L176 91L176 92L177 92L177 90L176 90L176 89L174 89L174 88L175 88L175 87L176 87L176 88L177 88L177 86L176 86L176 85L175 85L175 84L174 84L174 83L171 83L171 82L170 82L170 83L169 83L169 82L168 82L168 81L169 81L169 80L170 80L170 79L171 79L171 78L172 78L172 76L173 76L173 74L172 74L172 75L171 75L171 74L168 74L168 75L169 75L169 78L166 78L166 77L168 77L168 76L165 76L165 74L164 74L164 72L166 72L166 71L167 71L167 73L168 73L168 72L169 72L169 71L170 71L170 73L172 73L172 72L173 72L173 73L174 73L174 74L175 74L175 75L174 75L174 78L175 78L175 80L174 80L174 79L172 79L172 80L173 80L173 81L174 81L174 82L175 82L175 83L176 83L176 84L177 84L177 82L176 82L176 81L175 81L175 80L177 80L177 79L176 79L176 77L177 77L177 75L176 75L176 74L175 74L175 73L174 73L174 72L175 72L175 71L176 71L176 72L177 72L177 70L176 70L176 68L175 68L175 67L176 67L176 66L175 66L175 65L176 65L176 64L177 64L177 63L176 63L176 62L177 62L177 61L176 61L176 62L175 62L175 60L174 60L174 59L173 59L173 57L174 57L174 58L175 58L175 59L176 59L176 60L177 60L177 58L176 58L176 57L175 57L175 56L177 56L177 55L173 55L173 54L175 54L175 53L176 53L176 54L177 54L177 53L176 53L176 52L175 52L175 51L177 51L177 49L176 49L176 50L175 50L175 48L177 48L177 47L175 47L175 48L174 48L174 47L173 47L173 45L174 45L174 46L175 46L175 45L176 45L176 44L177 44L177 43L176 43L176 42L175 42L175 40L174 40L174 39L173 39L173 37L174 37L174 38L175 38L175 39L176 39L176 40L177 40L177 38L176 38L176 37L175 37L175 36L174 36L174 35L173 35L173 33L174 33L174 34L175 34L175 35L176 35L176 36L177 36L177 34L176 34L176 32L177 32L177 29L176 29L176 30L175 30L175 28L174 28L174 27L173 27L173 28L168 28L168 32L167 32L167 30L166 30L166 29L164 29L164 30L163 30L163 28L162 28L162 27L161 27L161 26L160 26L160 27L159 27L159 26L158 26L158 27L157 27L157 28L156 28L156 29L155 29L155 30L154 30L154 29L153 29L153 30L152 30L152 29L151 29L151 28L150 28L150 27L149 27L149 26L148 26L148 27L147 27L147 26L146 26L146 24L147 24L147 25L148 25L148 24L149 24L149 25L150 25L150 26L151 26L151 27L152 27L152 28L153 28L153 27L154 27L154 28L155 28L155 27L156 27L156 26L157 26L157 24L156 24L156 25L155 25L155 26L154 26L154 25L153 25L153 26L152 26L152 24L153 24L153 23L154 23L154 24L155 24L155 23L156 23L156 22L157 22L157 20L155 20L155 22L154 22L154 19L158 19L158 21L159 21L159 23L158 23L158 25L160 25L160 24L162 24L162 26L163 26L163 27L164 27L164 28L165 28L165 27L166 27L166 28L167 28L167 26L166 26L166 25L167 25L167 22L164 22L164 21L159 21L159 20L160 20L160 19L162 19L162 18L163 18L163 19L164 19L164 20L165 20L165 21L167 21L167 20L168 20L168 19L169 19L169 20L170 20L170 19L172 19L172 18L173 18L173 19L174 19L174 20L175 20L175 21L173 21L173 20L172 20L172 21L171 21L171 24L170 24L170 25L169 25L169 24L168 24L168 26L169 26L169 27L170 27L170 26L171 26L171 27L172 27L172 26L173 26L173 25L172 25L172 22L175 22L175 21L176 21L176 23L177 23L177 21L176 21L176 20L177 20L177 18L176 18L176 17L175 17L175 16L174 16L174 15L173 15L173 16L172 16L172 17L171 17L171 16L170 16L170 14L173 14L173 13L171 13L171 12L170 12L170 13L168 13L168 14L166 14L166 13L165 13L165 15L164 15L164 16L162 16L162 15L161 15L161 14L160 14L160 15L159 15L159 14L157 14L157 13L158 13L158 12L159 12L159 13L160 13L160 12L161 12L161 13L162 13L162 14L164 14L164 13L163 13L163 12L161 12L161 11L160 11L160 8L161 8L161 6L160 6L160 3L161 3L161 4L162 4L162 7L163 7L163 6L164 6L164 8L165 8L165 10L164 10L164 9L161 9L161 10L163 10L163 11L164 11L164 12L165 12L165 11L166 11L166 12L168 12L168 11L170 11L170 10L171 10L171 11L172 11L172 12L174 12L174 14L175 14L175 15L176 15L176 16L177 16L177 14L176 14L176 13L175 13L175 12L177 12L177 11L176 11L176 10L177 10L177 9L176 9L176 8L175 8L175 9L174 9L174 8L173 8L173 9L172 9L172 8L171 8L171 9L170 9L170 8L169 8L169 9L168 9L168 10L166 10L166 9L167 9L167 8L168 8L168 7L169 7L169 5L168 5L168 7L167 7L167 5L164 5L164 4L163 4L163 3L162 3L162 2L161 2L161 1L160 1L160 2L159 2L159 1L154 1L154 0L153 0L153 2L150 2L150 5L151 5L151 6L150 6L150 7L149 7L149 5L148 5L148 7L147 7L147 5L146 5L146 7L145 7L145 3L142 3L142 2L141 2L141 4L138 4L138 3L135 3L135 2L134 2L134 3L133 3L133 2L132 2L132 3L131 3L131 2L130 2L130 1L129 1L129 0L126 0L126 2L125 2L125 0L124 0L124 1L123 1L123 2L122 2L122 0L121 0L121 2L120 2L120 3L119 3L119 4L120 4L120 5L119 5L119 6L118 6L118 8L119 8L119 6L120 6L120 9L117 9L117 5L118 5L118 4L117 4L117 3L118 3L118 2L117 2L117 3L114 3L114 4L112 4L112 3L113 3L113 2L112 2L112 3L110 3L110 4L109 4L109 3L107 3L107 6L106 6L106 5L105 5L105 4L106 4L106 3L105 3L105 2L104 2L104 3L103 3L103 1L102 1L102 0L100 0L100 1L99 1L99 2L100 2L100 1L101 1L101 2L102 2L102 3L103 3L103 4L102 4L102 7L101 7L101 6L100 6L100 5L101 5L101 3L100 3L100 4L99 4L99 3L98 3L98 2L97 2L97 1L96 1L96 0L95 0L95 1L94 1L94 2L95 2L95 1L96 1L96 2L97 2L97 3L98 3L98 4L97 4L97 5L95 5L95 6L94 6L94 5L93 5L93 4L96 4L96 3L93 3L93 2L92 2L92 1L93 1L93 0L92 0L92 1L91 1L91 0L89 0L89 1L88 1L88 0L87 0L87 1L86 1L86 0L82 0L82 1L83 1L83 2L84 2L84 3L83 3L83 4L82 4L82 2L81 2L81 1L80 1L80 2L78 2L78 1L77 1L77 3L76 3L76 0L74 0L74 1L73 1L73 0L72 0L72 1L71 1L71 0L70 0L70 1L71 1L71 3L72 3L72 2L73 2L73 3L74 3L74 2L75 2L75 4L72 4L72 5L73 5L73 6L72 6L72 7L73 7L73 9L72 9L72 8L71 8L71 9L70 9L70 8L69 8L69 5L71 5L71 4L69 4L69 2L68 2L68 1L67 1L67 2L66 2L66 1L63 1L63 0L62 0L62 2L60 2L60 3L59 3L59 2L58 2L58 1L56 1L56 0L54 0L54 1L55 1L55 2L56 2L56 3L58 3L58 4L56 4L56 5L55 5L55 3L54 3L54 2L51 2L51 1L50 1L50 2L49 2L49 3L48 3L48 5L46 5L46 4L45 4L45 5L46 5L46 7L45 7L45 6L44 6L44 4L43 4L43 2L44 2L44 3L45 3L45 2L46 2L46 3L47 3L47 2L48 2L48 1L49 1L49 0L47 0L47 1L46 1L46 0L45 0L45 1L44 1L44 0L42 0L42 1L40 1L40 2L39 2L39 1L37 1L37 2L36 2L36 4L34 4L34 3L33 3L33 1L35 1L35 0L33 0L33 1L32 1L32 0L31 0L31 2L32 2L32 3L29 3L29 2L30 2L30 1L29 1L29 0L28 0L28 1L29 1L29 2L28 2L28 4L26 4L26 3L27 3L27 1L24 1L24 0L23 0L23 1L22 1L22 0L21 0L21 1L18 1L18 2L17 2L17 1L15 1L15 0L11 0L11 1L10 1L10 0ZM59 0L59 1L60 1L60 0ZM104 0L104 1L105 1L105 0ZM106 0L106 1L107 1L107 0ZM109 0L109 1L108 1L108 2L110 2L110 0ZM111 0L111 1L114 1L114 0ZM119 0L119 1L120 1L120 0ZM131 0L131 1L132 1L132 0ZM137 0L137 1L136 1L136 2L137 2L137 1L138 1L138 2L139 2L139 3L140 3L140 2L139 2L139 1L140 1L140 0ZM142 0L142 1L143 1L143 0ZM150 0L150 1L151 1L151 0ZM162 0L162 1L163 1L163 0ZM165 0L165 1L166 1L166 2L164 2L164 3L165 3L165 4L166 4L166 3L167 3L167 4L169 4L169 3L167 3L167 0ZM9 1L9 2L10 2L10 1ZM23 1L23 3L22 3L22 2L20 2L20 3L21 3L21 5L20 5L20 6L19 6L19 5L15 5L15 7L14 7L14 6L13 6L13 7L14 7L14 8L13 8L13 9L14 9L14 10L15 10L15 9L17 9L17 10L16 10L16 11L14 11L14 12L12 12L12 13L13 13L13 14L12 14L12 16L11 16L11 13L10 13L10 12L9 12L9 11L8 11L8 12L7 12L7 11L6 11L6 10L8 10L8 9L6 9L6 10L5 10L5 9L4 9L4 10L5 10L5 11L3 11L3 13L4 13L4 14L3 14L3 15L5 15L5 17L4 17L4 16L3 16L3 18L5 18L5 17L6 17L6 18L7 18L7 19L6 19L6 20L5 20L5 19L4 19L4 20L5 20L5 21L6 21L6 22L7 22L7 21L8 21L8 20L9 20L9 19L10 19L10 21L11 21L11 22L12 22L12 24L13 24L13 22L14 22L14 25L13 25L13 27L14 27L14 28L16 28L16 29L15 29L15 30L12 30L12 29L11 29L11 30L12 30L12 31L13 31L13 32L12 32L12 33L13 33L13 32L14 32L14 31L15 31L15 30L16 30L16 32L17 32L17 34L15 34L15 33L14 33L14 34L13 34L13 35L14 35L14 36L15 36L15 37L14 37L14 38L13 38L13 41L15 41L15 40L17 40L17 45L15 45L15 44L16 44L16 42L12 42L12 43L10 43L10 42L11 42L11 41L12 41L12 40L11 40L11 39L10 39L10 41L9 41L9 42L7 42L7 41L6 41L6 40L8 40L8 39L9 39L9 37L10 37L10 38L11 38L11 37L12 37L12 36L11 36L11 33L9 33L9 34L8 34L8 35L6 35L6 36L7 36L7 37L8 37L8 38L7 38L7 39L6 39L6 40L5 40L5 41L6 41L6 42L7 42L7 43L8 43L8 44L7 44L7 45L8 45L8 44L10 44L10 46L9 46L9 47L8 47L8 48L9 48L9 49L6 49L6 50L9 50L9 49L11 49L11 52L10 52L10 51L6 51L6 52L5 52L5 53L6 53L6 54L7 54L7 55L5 55L5 56L7 56L7 55L8 55L8 56L10 56L10 58L9 58L9 59L13 59L13 58L11 58L11 57L12 57L12 56L11 56L11 54L10 54L10 55L8 55L8 54L9 54L9 53L11 53L11 52L13 52L13 51L14 51L14 53L13 53L13 54L12 54L12 55L13 55L13 54L16 54L16 53L15 53L15 51L16 51L16 52L18 52L18 53L17 53L17 55L16 55L16 56L14 56L14 57L15 57L15 59L14 59L14 60L13 60L13 61L14 61L14 60L15 60L15 61L17 61L17 60L18 60L18 59L17 59L17 60L16 60L16 57L17 57L17 58L18 58L18 56L17 56L17 55L20 55L20 57L19 57L19 59L20 59L20 60L21 60L21 61L22 61L22 62L21 62L21 64L20 64L20 65L23 65L23 66L18 66L18 67L23 67L23 68L21 68L21 69L20 69L20 68L18 68L18 70L17 70L17 68L16 68L16 66L15 66L15 65L16 65L16 64L15 64L15 63L14 63L14 62L13 62L13 63L14 63L14 64L13 64L13 67L12 67L12 66L10 66L10 67L9 67L9 68L10 68L10 69L9 69L9 70L8 70L8 68L7 68L7 67L8 67L8 66L7 66L7 65L6 65L6 66L5 66L5 65L4 65L4 64L5 64L5 63L6 63L6 64L8 64L8 65L10 65L10 64L12 64L12 63L11 63L11 62L12 62L12 60L11 60L11 61L9 61L9 62L10 62L10 63L9 63L9 64L8 64L8 63L6 63L6 62L8 62L8 61L6 61L6 62L4 62L4 60L3 60L3 59L1 59L1 60L3 60L3 63L4 63L4 64L1 64L1 66L2 66L2 65L3 65L3 66L4 66L4 67L3 67L3 68L1 68L1 69L3 69L3 70L2 70L2 71L4 71L4 68L5 68L5 67L6 67L6 68L7 68L7 69L6 69L6 70L5 70L5 73L3 73L3 72L2 72L2 75L1 75L1 76L3 76L3 78L2 78L2 77L1 77L1 78L2 78L2 79L1 79L1 80L3 80L3 79L4 79L4 80L5 80L5 81L4 81L4 82L5 82L5 83L4 83L4 84L5 84L5 83L6 83L6 84L8 84L8 82L9 82L9 81L8 81L8 82L7 82L7 81L6 81L6 80L7 80L7 79L8 79L8 80L11 80L11 81L13 81L13 82L12 82L12 83L13 83L13 84L12 84L12 85L11 85L11 84L10 84L10 83L9 83L9 85L11 85L11 86L12 86L12 87L14 87L14 88L13 88L13 91L14 91L14 92L12 92L12 93L10 93L10 92L11 92L11 90L10 90L10 89L9 89L9 90L7 90L7 89L6 89L6 90L5 90L5 89L4 89L4 90L5 90L5 91L4 91L4 92L5 92L5 91L6 91L6 92L9 92L9 93L8 93L8 94L9 94L9 93L10 93L10 94L13 94L13 95L14 95L14 94L15 94L15 95L16 95L16 96L17 96L17 95L16 95L16 94L17 94L17 93L18 93L18 96L19 96L19 95L20 95L20 96L21 96L21 97L18 97L18 98L19 98L19 101L16 101L16 99L17 99L17 97L16 97L16 99L15 99L15 96L13 96L13 98L12 98L12 97L11 97L11 99L10 99L10 100L7 100L7 101L6 101L6 102L7 102L7 103L8 103L8 101L9 101L9 105L8 105L8 104L7 104L7 105L6 105L6 106L8 106L8 107L6 107L6 108L7 108L7 109L6 109L6 110L5 110L5 111L4 111L4 110L3 110L3 109L1 109L1 110L3 110L3 111L4 111L4 112L3 112L3 113L2 113L2 114L4 114L4 112L5 112L5 111L6 111L6 112L7 112L7 111L9 111L9 110L10 110L10 112L11 112L11 114L12 114L12 115L11 115L11 117L10 117L10 116L9 116L9 117L6 117L6 118L11 118L11 117L12 117L12 115L14 115L14 116L13 116L13 117L14 117L14 116L15 116L15 119L16 119L16 120L14 120L14 122L13 122L13 119L14 119L14 118L12 118L12 119L11 119L11 120L10 120L10 119L8 119L8 122L7 122L7 121L5 121L5 122L7 122L7 123L2 123L2 124L5 124L5 125L3 125L3 126L5 126L5 125L6 125L6 126L10 126L10 129L11 129L11 131L10 131L10 132L9 132L9 133L6 133L6 134L5 134L5 132L7 132L7 131L8 131L8 130L9 130L9 127L8 127L8 130L7 130L7 129L6 129L6 130L7 130L7 131L5 131L5 129L4 129L4 131L3 131L3 133L1 133L1 134L2 134L2 135L4 135L4 136L5 136L5 137L6 137L6 138L7 138L7 137L6 137L6 136L7 136L7 135L6 135L6 134L10 134L10 136L11 136L11 137L10 137L10 138L8 138L8 139L6 139L6 140L8 140L8 139L10 139L10 140L9 140L9 141L10 141L10 143L9 143L9 144L10 144L10 143L15 143L15 142L16 142L16 144L15 144L15 146L13 146L13 145L14 145L14 144L11 144L11 145L10 145L10 147L11 147L11 146L12 146L12 147L13 147L13 149L12 149L12 150L11 150L11 149L10 149L10 148L9 148L9 149L8 149L8 148L7 148L7 147L6 147L6 148L5 148L5 149L6 149L6 150L5 150L5 152L7 152L7 151L6 151L6 150L7 150L7 149L8 149L8 150L9 150L9 151L8 151L8 153L9 153L9 154L10 154L10 155L8 155L8 154L7 154L7 155L8 155L8 156L9 156L9 157L10 157L10 159L11 159L11 157L12 157L12 159L13 159L13 157L14 157L14 156L13 156L13 157L12 157L12 155L11 155L11 154L12 154L12 153L13 153L13 152L14 152L14 154L13 154L13 155L14 155L14 154L15 154L15 153L16 153L16 151L15 151L15 149L16 149L16 150L17 150L17 151L22 151L22 150L18 150L18 149L21 149L21 147L19 147L19 148L18 148L18 147L17 147L17 148L18 148L18 149L16 149L16 147L15 147L15 146L18 146L18 145L16 145L16 144L18 144L18 143L19 143L19 144L20 144L20 145L19 145L19 146L20 146L20 145L22 145L22 144L20 144L20 143L21 143L21 142L22 142L22 143L24 143L24 142L23 142L23 140L24 140L24 136L25 136L25 140L29 140L29 138L28 138L28 137L27 137L27 138L26 138L26 134L27 134L27 136L28 136L28 135L30 135L30 133L28 133L28 132L26 132L26 134L25 134L25 133L24 133L24 132L25 132L25 131L26 131L26 130L24 130L24 129L26 129L26 126L27 126L27 124L28 124L28 127L29 127L29 125L30 125L30 124L28 124L28 123L30 123L30 122L31 122L31 121L30 121L30 120L32 120L32 121L35 121L35 123L34 123L34 122L33 122L33 123L32 123L32 124L31 124L31 127L32 127L32 129L31 129L31 130L30 130L30 128L29 128L29 129L28 129L28 128L27 128L27 129L28 129L28 131L29 131L29 132L30 132L30 131L31 131L31 132L33 132L33 131L32 131L32 130L33 130L33 128L34 128L34 133L33 133L33 134L34 134L34 135L32 135L32 134L31 134L31 136L32 136L32 138L31 138L31 137L30 137L30 136L29 136L29 137L30 137L30 140L32 140L32 139L38 139L38 140L40 140L40 141L38 141L38 142L39 142L39 143L40 143L40 142L41 142L41 143L43 143L43 144L44 144L44 147L45 147L45 146L47 146L47 147L46 147L46 148L43 148L43 146L42 146L42 145L41 145L41 144L40 144L40 145L39 145L39 146L37 146L37 147L36 147L36 149L35 149L35 146L34 146L34 147L33 147L33 146L32 146L32 147L31 147L31 146L29 146L29 145L28 145L28 144L27 144L27 143L26 143L26 141L25 141L25 143L26 143L26 144L24 144L24 146L22 146L22 147L23 147L23 148L24 148L24 146L25 146L25 147L26 147L26 149L25 149L25 150L24 150L24 149L23 149L23 150L24 150L24 151L25 151L25 152L21 152L21 153L22 153L22 154L21 154L21 155L23 155L23 154L24 154L24 153L26 153L26 151L25 151L25 150L27 150L27 149L28 149L28 152L27 152L27 155L26 155L26 154L25 154L25 155L24 155L24 156L23 156L23 157L25 157L25 158L26 158L26 159L27 159L27 160L25 160L25 159L24 159L24 158L22 158L22 159L21 159L21 160L23 160L23 161L22 161L22 162L23 162L23 163L24 163L24 164L25 164L25 166L26 166L26 165L27 165L27 164L29 164L29 166L28 166L28 167L30 167L30 168L31 168L31 167L32 167L32 166L31 166L31 162L32 162L32 164L33 164L33 165L34 165L34 163L33 163L33 161L34 161L34 160L35 160L35 161L36 161L36 160L35 160L35 158L37 158L37 159L38 159L38 156L37 156L37 155L36 155L36 154L39 154L39 155L40 155L40 154L42 154L42 155L41 155L41 156L40 156L40 159L41 159L41 160L40 160L40 163L41 163L41 164L40 164L40 165L39 165L39 167L38 167L38 170L37 170L37 171L38 171L38 174L39 174L39 175L40 175L40 174L41 174L41 175L42 175L42 176L43 176L43 175L45 175L45 173L46 173L46 174L47 174L47 173L48 173L48 172L50 172L50 174L51 174L51 175L52 175L52 174L53 174L53 172L54 172L54 171L55 171L55 170L56 170L56 168L61 168L61 170L62 170L62 169L63 169L63 170L64 170L64 171L62 171L62 172L61 172L61 174L62 174L62 173L63 173L63 174L64 174L64 176L65 176L65 174L66 174L66 175L67 175L67 173L68 173L68 172L69 172L69 170L71 170L71 171L70 171L70 173L72 173L72 172L71 172L71 171L72 171L72 169L73 169L73 170L78 170L78 171L79 171L79 172L80 172L80 170L81 170L81 169L78 169L78 168L76 168L76 167L75 167L75 166L73 166L73 168L72 168L72 165L75 165L75 164L76 164L76 163L79 163L79 162L80 162L80 163L81 163L81 164L82 164L82 165L83 165L83 166L85 166L85 168L88 168L88 167L89 167L89 169L90 169L90 170L91 170L91 168L90 168L90 165L91 165L91 164L90 164L90 163L89 163L89 161L90 161L90 162L91 162L91 163L92 163L92 164L93 164L93 163L94 163L94 164L95 164L95 163L96 163L96 162L97 162L97 161L98 161L98 160L99 160L99 161L100 161L100 160L101 160L101 161L102 161L102 162L104 162L104 164L105 164L105 162L106 162L106 161L107 161L107 163L106 163L106 164L107 164L107 163L108 163L108 162L109 162L109 165L107 165L107 166L106 166L106 165L105 165L105 166L104 166L104 165L103 165L103 164L102 164L102 163L101 163L101 162L100 162L100 163L99 163L99 162L98 162L98 163L97 163L97 164L99 164L99 165L100 165L100 164L101 164L101 165L102 165L102 166L103 166L103 168L102 168L102 167L101 167L101 166L100 166L100 168L99 168L99 167L98 167L98 168L99 168L99 169L98 169L98 170L99 170L99 171L97 171L97 173L98 173L98 172L99 172L99 171L100 171L100 173L99 173L99 174L100 174L100 173L102 173L102 174L103 174L103 175L104 175L104 176L105 176L105 174L103 174L103 173L104 173L104 171L105 171L105 170L104 170L104 171L102 171L102 172L101 172L101 170L100 170L100 169L102 169L102 170L103 170L103 168L104 168L104 169L105 169L105 167L106 167L106 168L107 168L107 169L106 169L106 172L107 172L107 171L108 171L108 170L109 170L109 169L110 169L110 168L111 168L111 169L112 169L112 168L113 168L113 167L114 167L114 168L115 168L115 167L116 167L116 168L117 168L117 170L118 170L118 172L119 172L119 174L117 174L117 175L119 175L119 176L120 176L120 175L121 175L121 176L122 176L122 175L123 175L123 174L125 174L125 175L126 175L126 174L125 174L125 172L126 172L126 173L127 173L127 171L128 171L128 173L129 173L129 171L128 171L128 170L127 170L127 169L128 169L128 168L129 168L129 170L130 170L130 172L131 172L131 173L132 173L132 172L131 172L131 171L133 171L133 172L134 172L134 171L136 171L136 172L135 172L135 174L134 174L134 173L133 173L133 174L132 174L132 175L133 175L133 176L134 176L134 175L135 175L135 174L136 174L136 173L137 173L137 172L138 172L138 173L139 173L139 175L141 175L141 174L140 174L140 172L139 172L139 171L138 171L138 170L137 170L137 169L136 169L136 170L135 170L135 168L134 168L134 167L135 167L135 166L136 166L136 165L137 165L137 167L136 167L136 168L138 168L138 169L140 169L140 167L141 167L141 168L143 168L143 167L142 167L142 166L141 166L141 160L142 160L142 161L143 161L143 160L144 160L144 159L145 159L145 161L144 161L144 162L142 162L142 165L144 165L144 163L146 163L146 165L145 165L145 166L144 166L144 167L145 167L145 171L146 171L146 170L147 170L147 171L148 171L148 170L149 170L149 171L150 171L150 172L152 172L152 174L153 174L153 172L152 172L152 170L150 170L150 169L149 169L149 168L148 168L148 167L146 167L146 166L147 166L147 165L152 165L152 166L155 166L155 165L156 165L156 164L157 164L157 163L158 163L158 162L159 162L159 163L160 163L160 162L161 162L161 163L162 163L162 164L163 164L163 166L162 166L162 167L163 167L163 166L164 166L164 167L165 167L165 166L164 166L164 165L165 165L165 164L166 164L166 166L167 166L167 168L169 168L169 166L170 166L170 165L171 165L171 166L172 166L172 165L175 165L175 164L174 164L174 163L175 163L175 162L174 162L174 161L173 161L173 159L172 159L172 162L174 162L174 163L172 163L172 164L171 164L171 162L170 162L170 161L171 161L171 158L169 158L169 159L170 159L170 161L169 161L169 162L170 162L170 164L168 164L168 162L167 162L167 161L168 161L168 157L167 157L167 156L166 156L166 155L165 155L165 153L166 153L166 154L167 154L167 155L168 155L168 153L167 153L167 151L168 151L168 149L165 149L165 147L166 147L166 148L167 148L167 147L168 147L168 146L167 146L167 145L168 145L168 144L166 144L166 143L164 143L164 141L165 141L165 140L164 140L164 139L163 139L163 138L162 138L162 136L160 136L160 135L161 135L161 134L160 134L160 135L158 135L158 136L160 136L160 137L155 137L155 136L154 136L154 135L153 135L153 132L152 132L152 131L151 131L151 130L150 130L150 129L149 129L149 128L148 128L148 129L143 129L143 130L142 130L142 129L141 129L141 127L142 127L142 128L145 128L145 127L146 127L146 128L147 128L147 127L148 127L148 126L149 126L149 127L150 127L150 128L151 128L151 129L152 129L152 130L153 130L153 128L151 128L151 127L154 127L154 130L157 130L157 131L156 131L156 132L157 132L157 131L158 131L158 130L159 130L159 131L160 131L160 132L158 132L158 134L159 134L159 133L163 133L163 134L162 134L162 135L163 135L163 137L164 137L164 138L165 138L165 137L166 137L166 138L167 138L167 136L168 136L168 135L169 135L169 133L170 133L170 132L171 132L171 133L172 133L172 132L171 132L171 130L170 130L170 131L169 131L169 129L168 129L168 130L167 130L167 128L166 128L166 127L165 127L165 128L164 128L164 127L163 127L163 126L162 126L162 123L163 123L163 125L164 125L164 126L165 126L165 124L164 124L164 123L163 123L163 122L162 122L162 119L163 119L163 118L162 118L162 117L161 117L161 116L160 116L160 119L161 119L161 120L160 120L160 123L161 123L161 124L160 124L160 125L159 125L159 119L158 119L158 118L159 118L159 115L160 115L160 114L161 114L161 115L162 115L162 116L164 116L164 118L167 118L167 120L168 120L168 119L169 119L169 121L170 121L170 120L171 120L171 121L172 121L172 120L171 120L171 118L170 118L170 119L169 119L169 117L168 117L168 116L166 116L166 115L163 115L163 114L164 114L164 113L166 113L166 114L167 114L167 115L168 115L168 114L167 114L167 112L168 112L168 111L169 111L169 112L170 112L170 111L171 111L171 110L170 110L170 109L171 109L171 108L172 108L172 107L173 107L173 109L172 109L172 110L173 110L173 109L175 109L175 108L176 108L176 107L174 107L174 105L172 105L172 106L171 106L171 105L170 105L170 107L169 107L169 105L167 105L167 104L166 104L166 103L165 103L165 104L163 104L163 103L164 103L164 101L165 101L165 100L164 100L164 99L163 99L163 98L162 98L162 99L161 99L161 96L162 96L162 95L163 95L163 94L162 94L162 93L161 93L161 92L160 92L160 93L161 93L161 94L162 94L162 95L161 95L161 96L159 96L159 97L158 97L158 96L157 96L157 95L160 95L160 94L159 94L159 93L158 93L158 92L159 92L159 91L160 91L160 90L161 90L161 91L162 91L162 92L164 92L164 91L163 91L163 90L162 90L162 89L161 89L161 88L158 88L158 89L157 89L157 90L156 90L156 91L155 91L155 92L154 92L154 91L153 91L153 92L152 92L152 91L151 91L151 90L149 90L149 88L146 88L146 89L145 89L145 90L147 90L147 91L144 91L144 92L142 92L142 91L143 91L143 89L140 89L140 88L139 88L139 87L140 87L140 86L139 86L139 87L138 87L138 86L137 86L137 87L136 87L136 90L137 90L137 91L136 91L136 92L138 92L138 93L139 93L139 95L136 95L136 94L137 94L137 93L136 93L136 94L134 94L134 93L135 93L135 92L133 92L133 94L132 94L132 91L135 91L135 89L134 89L134 90L133 90L133 89L132 89L132 90L131 90L131 89L130 89L130 88L129 88L129 87L128 87L128 86L127 86L127 87L126 87L126 86L125 86L125 84L126 84L126 85L127 85L127 83L128 83L128 85L129 85L129 86L130 86L130 87L131 87L131 88L132 88L132 87L133 87L133 88L134 88L134 87L135 87L135 86L136 86L136 85L137 85L137 84L138 84L138 85L139 85L139 83L140 83L140 84L142 84L142 83L141 83L141 82L140 82L140 81L139 81L139 79L138 79L138 77L137 77L137 79L135 79L135 78L136 78L136 77L134 77L134 79L133 79L133 77L132 77L132 78L131 78L131 77L130 77L130 76L129 76L129 75L128 75L128 74L127 74L127 75L126 75L126 74L125 74L125 75L124 75L124 74L123 74L123 72L122 72L122 73L121 73L121 74L120 74L120 71L121 71L121 70L122 70L122 71L123 71L123 70L124 70L124 69L125 69L125 68L127 68L127 69L128 69L128 70L129 70L129 71L128 71L128 73L129 73L129 74L130 74L130 75L133 75L133 76L134 76L134 75L135 75L135 74L136 74L136 73L137 73L137 74L139 74L139 75L136 75L136 76L140 76L140 77L139 77L139 78L140 78L140 80L142 80L142 79L143 79L143 81L142 81L142 82L144 82L144 83L143 83L143 84L145 84L145 87L146 87L146 86L147 86L147 87L148 87L148 86L147 86L147 85L146 85L146 84L145 84L145 83L146 83L146 82L145 82L145 81L144 81L144 80L145 80L145 79L146 79L146 78L147 78L147 77L152 77L152 78L153 78L153 77L154 77L154 78L155 78L155 77L156 77L156 76L157 76L157 75L158 75L158 74L159 74L159 75L160 75L160 74L161 74L161 75L162 75L162 76L163 76L163 78L162 78L162 77L161 77L161 76L160 76L160 77L159 77L159 76L158 76L158 77L157 77L157 78L159 78L159 79L160 79L160 78L161 78L161 79L162 79L162 80L164 80L164 79L163 79L163 78L164 78L164 77L165 77L165 76L164 76L164 75L163 75L163 74L162 74L162 73L161 73L161 72L162 72L162 71L163 71L163 70L164 70L164 71L165 71L165 70L167 70L167 71L168 71L168 70L171 70L171 72L172 72L172 71L173 71L173 70L174 70L174 71L175 71L175 70L174 70L174 69L173 69L173 68L174 68L174 67L175 67L175 66L173 66L173 65L174 65L174 63L175 63L175 62L174 62L174 61L173 61L173 62L172 62L172 63L171 63L171 64L170 64L170 65L168 65L168 64L167 64L167 63L168 63L168 62L169 62L169 63L170 63L170 62L171 62L171 61L167 61L167 60L166 60L166 59L165 59L165 57L166 57L166 58L167 58L167 59L168 59L168 58L167 58L167 57L168 57L168 56L166 56L166 55L165 55L165 54L164 54L164 53L166 53L166 54L167 54L167 55L169 55L169 56L173 56L173 55L171 55L171 54L173 54L173 52L174 52L174 51L175 51L175 50L173 50L173 51L172 51L172 52L170 52L170 50L169 50L169 49L171 49L171 50L172 50L172 49L173 49L173 47L172 47L172 48L171 48L171 47L170 47L170 48L167 48L167 47L166 47L166 46L170 46L170 45L171 45L171 46L172 46L172 45L173 45L173 44L174 44L174 45L175 45L175 43L174 43L174 41L171 41L171 39L170 39L170 41L171 41L171 42L170 42L170 43L168 43L168 42L169 42L169 41L168 41L168 40L169 40L169 39L168 39L168 38L170 38L170 37L171 37L171 38L172 38L172 37L173 37L173 35L172 35L172 36L171 36L171 35L170 35L170 36L167 36L167 37L165 37L165 33L166 33L166 35L167 35L167 34L170 34L170 33L167 33L167 32L166 32L166 31L163 31L163 30L161 30L161 28L160 28L160 29L159 29L159 28L158 28L158 29L157 29L157 31L155 31L155 32L157 32L157 31L158 31L158 30L160 30L160 31L163 31L163 32L164 32L164 33L163 33L163 34L161 34L161 32L158 32L158 33L157 33L157 35L156 35L156 34L155 34L155 33L154 33L154 34L155 34L155 36L154 36L154 35L153 35L153 32L152 32L152 31L151 31L151 30L149 30L149 28L148 28L148 29L146 29L146 28L145 28L145 31L146 31L146 30L147 30L147 31L148 31L148 30L149 30L149 31L151 31L151 32L150 32L150 33L149 33L149 32L148 32L148 33L147 33L147 32L146 32L146 33L145 33L145 34L144 34L144 33L143 33L143 35L142 35L142 34L141 34L141 33L140 33L140 31L138 31L138 30L137 30L137 29L134 29L134 30L129 30L129 31L128 31L128 30L127 30L127 31L126 31L126 30L125 30L125 31L123 31L123 30L124 30L124 29L123 29L123 28L122 28L122 27L123 27L123 26L124 26L124 25L125 25L125 24L126 24L126 23L123 23L123 22L124 22L124 21L126 21L126 20L128 20L128 21L127 21L127 23L128 23L128 24L127 24L127 26L130 26L130 27L126 27L126 26L125 26L125 27L124 27L124 28L126 28L126 29L127 29L127 28L128 28L128 29L129 29L129 28L130 28L130 27L131 27L131 29L133 29L133 28L134 28L134 27L135 27L135 26L136 26L136 25L137 25L137 24L138 24L138 25L139 25L139 27L138 27L138 26L137 26L137 27L136 27L136 28L138 28L138 29L140 29L140 28L141 28L141 25L140 25L140 24L139 24L139 23L138 23L138 22L137 22L137 20L138 20L138 21L139 21L139 22L140 22L140 23L142 23L142 24L143 24L143 23L144 23L144 22L145 22L145 23L146 23L146 22L147 22L147 23L150 23L150 24L152 24L152 23L153 23L153 20L152 20L152 19L150 19L150 18L149 18L149 17L150 17L150 16L148 16L148 17L145 17L145 16L144 16L144 17L143 17L143 18L142 18L142 17L140 17L140 16L139 16L139 15L138 15L138 14L140 14L140 15L141 15L141 14L143 14L143 15L142 15L142 16L143 16L143 15L144 15L144 14L145 14L145 15L146 15L146 16L147 16L147 15L148 15L148 14L149 14L149 15L154 15L154 18L156 18L156 16L157 16L157 18L159 18L159 19L160 19L160 18L159 18L159 17L158 17L158 15L157 15L157 14L156 14L156 15L154 15L154 14L155 14L155 13L156 13L156 12L157 12L157 11L158 11L158 10L159 10L159 7L160 7L160 6L159 6L159 7L158 7L158 6L157 6L157 5L156 5L156 4L155 4L155 3L154 3L154 2L153 2L153 3L151 3L151 4L152 4L152 5L153 5L153 4L154 4L154 6L153 6L153 7L154 7L154 6L155 6L155 8L157 8L157 10L156 10L156 11L155 11L155 12L154 12L154 11L153 11L153 10L152 10L152 11L153 11L153 12L152 12L152 13L151 13L151 14L149 14L149 13L150 13L150 11L151 11L151 10L150 10L150 9L149 9L149 8L146 8L146 9L143 9L143 10L142 10L142 9L140 9L140 5L139 5L139 8L138 8L138 5L136 5L136 6L135 6L135 4L134 4L134 5L132 5L132 4L131 4L131 3L130 3L130 2L129 2L129 3L127 3L127 2L128 2L128 1L127 1L127 2L126 2L126 3L125 3L125 2L124 2L124 3L122 3L122 2L121 2L121 3L122 3L122 5L121 5L121 8L122 8L122 6L123 6L123 7L124 7L124 9L122 9L122 10L120 10L120 11L123 11L123 12L121 12L121 13L120 13L120 14L119 14L119 13L118 13L118 12L117 12L117 13L116 13L116 12L115 12L115 13L113 13L113 12L112 12L112 13L110 13L110 14L109 14L109 12L108 12L108 13L107 13L107 14L106 14L106 13L105 13L105 14L104 14L104 13L103 13L103 12L102 12L102 11L101 11L101 10L98 10L98 11L97 11L97 12L96 12L96 13L94 13L94 12L95 12L95 10L97 10L97 9L98 9L98 8L99 8L99 9L100 9L100 8L101 8L101 9L102 9L102 10L103 10L103 11L104 11L104 12L105 12L105 10L109 10L109 11L110 11L110 12L111 12L111 11L112 11L112 10L114 10L114 11L115 11L115 10L116 10L116 11L117 11L117 9L110 9L110 10L109 10L109 9L108 9L108 8L107 8L107 7L108 7L108 6L107 6L107 7L106 7L106 6L105 6L105 5L104 5L104 4L105 4L105 3L104 3L104 4L103 4L103 5L104 5L104 6L103 6L103 7L104 7L104 8L105 8L105 10L104 10L104 9L103 9L103 8L101 8L101 7L100 7L100 6L99 6L99 5L98 5L98 6L97 6L97 9L95 9L95 10L94 10L94 9L93 9L93 10L92 10L92 9L91 9L91 8L90 8L90 6L89 6L89 9L84 9L84 8L83 8L83 7L84 7L84 4L83 4L83 7L82 7L82 5L81 5L81 4L80 4L80 3L79 3L79 4L78 4L78 5L79 5L79 4L80 4L80 6L79 6L79 7L80 7L80 8L79 8L79 9L77 9L77 10L76 10L76 9L75 9L75 8L76 8L76 6L77 6L77 8L78 8L78 6L77 6L77 4L76 4L76 6L75 6L75 5L74 5L74 6L73 6L73 7L74 7L74 9L75 9L75 10L74 10L74 11L72 11L72 12L71 12L71 11L70 11L70 10L69 10L69 8L68 8L68 5L69 5L69 4L68 4L68 3L67 3L67 4L66 4L66 3L64 3L64 5L63 5L63 7L62 7L62 6L61 6L61 7L62 7L62 8L61 8L61 9L63 9L63 8L64 8L64 6L65 6L65 9L64 9L64 10L65 10L65 13L63 13L63 12L64 12L64 11L63 11L63 10L62 10L62 11L63 11L63 12L62 12L62 13L60 13L60 14L59 14L59 13L58 13L58 15L59 15L59 16L58 16L58 18L56 18L56 17L55 17L55 19L56 19L56 20L57 20L57 21L58 21L58 20L59 20L59 24L60 24L60 23L61 23L61 22L62 22L62 21L63 21L63 20L64 20L64 19L65 19L65 21L64 21L64 22L63 22L63 23L62 23L62 24L61 24L61 25L60 25L60 26L59 26L59 25L58 25L58 24L57 24L57 23L58 23L58 22L56 22L56 21L55 21L55 22L54 22L54 21L53 21L53 20L54 20L54 19L53 19L53 20L52 20L52 21L51 21L51 19L52 19L52 18L54 18L54 17L53 17L53 16L52 16L52 15L51 15L51 16L50 16L50 18L49 18L49 19L48 19L48 16L49 16L49 15L50 15L50 14L53 14L53 15L56 15L56 16L57 16L57 14L56 14L56 13L55 13L55 14L53 14L53 13L54 13L54 12L52 12L52 13L51 13L51 11L52 11L52 10L53 10L53 11L54 11L54 10L53 10L53 9L50 9L50 6L49 6L49 7L48 7L48 6L47 6L47 7L46 7L46 11L48 11L48 12L47 12L47 13L48 13L48 12L49 12L49 14L48 14L48 15L47 15L47 16L46 16L46 15L45 15L45 14L46 14L46 13L45 13L45 12L44 12L44 11L45 11L45 8L44 8L44 6L43 6L43 5L42 5L42 2L43 2L43 1L42 1L42 2L41 2L41 3L40 3L40 4L39 4L39 2L37 2L37 4L36 4L36 6L35 6L35 5L34 5L34 4L33 4L33 3L32 3L32 4L33 4L33 5L34 5L34 6L33 6L33 9L32 9L32 12L31 12L31 9L30 9L30 10L28 10L28 9L27 9L27 10L26 10L26 8L27 8L27 7L28 7L28 6L27 6L27 5L26 5L26 6L25 6L25 7L26 7L26 8L25 8L25 9L24 9L24 8L23 8L23 9L22 9L22 8L21 8L21 7L22 7L22 5L23 5L23 4L25 4L25 3L26 3L26 2L25 2L25 3L24 3L24 1ZM87 1L87 2L86 2L86 3L85 3L85 4L86 4L86 3L87 3L87 4L88 4L88 3L87 3L87 2L88 2L88 1ZM144 1L144 2L147 2L147 3L146 3L146 4L148 4L148 3L149 3L149 1L148 1L148 2L147 2L147 1ZM168 1L168 2L169 2L169 1ZM62 2L62 3L60 3L60 4L61 4L61 5L62 5L62 4L63 4L63 2ZM91 2L91 3L89 3L89 4L93 4L93 3L92 3L92 2ZM156 2L156 3L157 3L157 4L158 4L158 5L159 5L159 4L158 4L158 2ZM16 3L16 4L17 4L17 3ZM50 3L50 4L49 4L49 5L51 5L51 7L52 7L52 8L55 8L55 11L56 11L56 12L58 12L58 11L61 11L61 10L59 10L59 9L57 9L57 10L56 10L56 8L55 8L55 7L56 7L56 6L55 6L55 5L54 5L54 4L53 4L53 3ZM126 3L126 4L127 4L127 3ZM129 3L129 5L128 5L128 7L129 7L129 8L128 8L128 9L129 9L129 10L126 10L126 9L127 9L127 8L126 8L126 7L127 7L127 5L125 5L125 4L124 4L124 5L123 5L123 6L124 6L124 7L125 7L125 8L126 8L126 9L125 9L125 10L123 10L123 11L125 11L125 10L126 10L126 11L129 11L129 12L130 12L130 13L131 13L131 14L132 14L132 13L133 13L133 14L134 14L134 12L136 12L136 11L137 11L137 10L136 10L136 9L135 9L135 10L136 10L136 11L134 11L134 10L133 10L133 8L136 8L136 7L137 7L137 6L136 6L136 7L135 7L135 6L134 6L134 7L133 7L133 6L132 6L132 7L131 7L131 6L130 6L130 7L129 7L129 5L131 5L131 4L130 4L130 3ZM52 4L52 5L53 5L53 6L52 6L52 7L53 7L53 6L54 6L54 7L55 7L55 6L54 6L54 5L53 5L53 4ZM108 4L108 5L109 5L109 4ZM111 4L111 5L110 5L110 6L109 6L109 7L110 7L110 8L111 8L111 7L112 7L112 4ZM8 5L8 7L9 7L9 6L10 6L10 8L11 8L11 5ZM29 5L29 8L32 8L32 5ZM37 5L37 6L36 6L36 7L37 7L37 6L38 6L38 7L39 7L39 8L38 8L38 9L39 9L39 14L38 14L38 15L37 15L37 19L36 19L36 20L35 20L35 18L36 18L36 16L35 16L35 15L33 15L33 16L32 16L32 14L33 14L33 13L32 13L32 14L31 14L31 15L30 15L30 16L29 16L29 14L30 14L30 13L31 13L31 12L30 12L30 13L29 13L29 14L27 14L27 13L28 13L28 10L27 10L27 11L26 11L26 12L27 12L27 13L26 13L26 15L25 15L25 16L26 16L26 18L24 18L24 19L23 19L23 18L22 18L22 21L19 21L19 20L18 20L18 19L19 19L19 17L20 17L20 16L21 16L21 17L22 17L22 16L21 16L21 14L23 14L23 13L24 13L24 14L25 14L25 13L24 13L24 9L23 9L23 12L22 12L22 10L21 10L21 9L20 9L20 8L19 8L19 6L18 6L18 7L17 7L17 6L16 6L16 7L15 7L15 8L16 8L16 7L17 7L17 9L18 9L18 10L17 10L17 11L16 11L16 12L17 12L17 11L18 11L18 13L15 13L15 12L14 12L14 14L13 14L13 16L12 16L12 17L15 17L15 18L16 18L16 19L15 19L15 20L14 20L14 22L15 22L15 20L16 20L16 21L17 21L17 22L22 22L22 23L21 23L21 24L20 24L20 25L19 25L19 24L18 24L18 23L15 23L15 24L17 24L17 25L16 25L16 26L14 26L14 27L16 27L16 28L19 28L19 31L20 31L20 29L22 29L22 28L23 28L23 31L21 31L21 32L23 32L23 33L20 33L20 32L18 32L18 30L17 30L17 29L16 29L16 30L17 30L17 32L18 32L18 34L17 34L17 35L16 35L16 38L15 38L15 39L14 39L14 40L15 40L15 39L16 39L16 38L17 38L17 37L18 37L18 36L17 36L17 35L19 35L19 34L20 34L20 36L21 36L21 37L22 37L22 36L23 36L23 37L24 37L24 39L23 39L23 38L20 38L20 37L19 37L19 38L20 38L20 41L21 41L21 43L22 43L22 44L21 44L21 45L22 45L22 47L23 47L23 49L21 49L21 50L20 50L20 49L19 49L19 50L18 50L18 49L17 49L17 48L18 48L18 47L20 47L20 48L21 48L21 47L20 47L20 46L19 46L19 45L20 45L20 44L19 44L19 45L18 45L18 47L17 47L17 48L16 48L16 47L15 47L15 45L13 45L13 44L15 44L15 43L12 43L12 44L11 44L11 47L10 47L10 48L11 48L11 49L12 49L12 48L11 48L11 47L12 47L12 46L13 46L13 47L14 47L14 48L13 48L13 49L14 49L14 50L16 50L16 51L18 51L18 52L19 52L19 50L20 50L20 52L21 52L21 50L23 50L23 49L24 49L24 51L23 51L23 52L24 52L24 53L23 53L23 54L22 54L22 55L21 55L21 56L22 56L22 55L24 55L24 57L23 57L23 58L22 58L22 57L20 57L20 59L21 59L21 60L22 60L22 61L24 61L24 60L26 60L26 59L28 59L28 61L27 61L27 63L26 63L26 61L25 61L25 62L24 62L24 64L26 64L26 65L28 65L28 64L29 64L29 66L28 66L28 67L29 67L29 68L30 68L30 69L29 69L29 70L28 70L28 71L27 71L27 70L26 70L26 69L25 69L25 70L26 70L26 71L24 71L24 70L23 70L23 71L22 71L22 73L21 73L21 72L20 72L20 71L19 71L19 70L18 70L18 71L17 71L17 70L16 70L16 68L15 68L15 66L14 66L14 68L12 68L12 69L11 69L11 70L9 70L9 71L11 71L11 70L13 70L13 73L12 73L12 72L11 72L11 73L10 73L10 72L9 72L9 73L10 73L10 74L11 74L11 73L12 73L12 75L10 75L10 76L9 76L9 74L6 74L6 73L8 73L8 72L6 72L6 73L5 73L5 75L4 75L4 74L3 74L3 75L4 75L4 79L5 79L5 80L6 80L6 79L7 79L7 78L9 78L9 79L12 79L12 80L13 80L13 79L14 79L14 78L16 78L16 77L17 77L17 78L18 78L18 79L16 79L16 80L14 80L14 81L15 81L15 83L16 83L16 84L14 84L14 87L16 87L16 85L18 85L18 86L17 86L17 87L18 87L18 88L17 88L17 89L18 89L18 88L19 88L19 87L21 87L21 88L20 88L20 89L21 89L21 90L22 90L22 91L21 91L21 92L20 92L20 91L17 91L17 92L20 92L20 93L21 93L21 94L22 94L22 95L21 95L21 96L22 96L22 97L23 97L23 96L24 96L24 98L25 98L25 99L26 99L26 100L27 100L27 99L26 99L26 98L29 98L29 96L28 96L28 97L26 97L26 98L25 98L25 96L26 96L26 92L27 92L27 94L28 94L28 93L30 93L30 94L29 94L29 95L30 95L30 94L31 94L31 93L33 93L33 92L32 92L32 91L34 91L34 92L35 92L35 94L34 94L34 95L36 95L36 96L37 96L37 97L36 97L36 98L35 98L35 96L33 96L33 97L34 97L34 98L33 98L33 100L30 100L30 99L31 99L31 98L30 98L30 99L29 99L29 100L28 100L28 102L25 102L25 101L24 101L24 102L23 102L23 101L21 101L21 100L22 100L22 99L23 99L23 100L24 100L24 99L23 99L23 98L20 98L20 101L19 101L19 102L20 102L20 103L19 103L19 104L18 104L18 103L17 103L17 102L16 102L16 104L18 104L18 105L19 105L19 106L20 106L20 107L17 107L17 106L16 106L16 105L15 105L15 103L14 103L14 102L15 102L15 101L14 101L14 100L15 100L15 99L14 99L14 98L13 98L13 99L11 99L11 100L10 100L10 101L11 101L11 102L12 102L12 100L13 100L13 101L14 101L14 102L13 102L13 103L14 103L14 104L12 104L12 103L10 103L10 104L12 104L12 105L10 105L10 106L9 106L9 108L8 108L8 110L9 110L9 108L10 108L10 109L11 109L11 108L12 108L12 107L13 107L13 105L14 105L14 107L15 107L15 108L16 108L16 109L17 109L17 110L18 110L18 111L17 111L17 112L16 112L16 111L15 111L15 109L14 109L14 108L13 108L13 109L12 109L12 110L11 110L11 111L12 111L12 112L13 112L13 114L14 114L14 115L15 115L15 116L16 116L16 115L15 115L15 112L16 112L16 114L17 114L17 113L18 113L18 112L19 112L19 111L20 111L20 112L21 112L21 111L23 111L23 112L25 112L25 111L24 111L24 110L25 110L25 108L26 108L26 109L27 109L27 108L26 108L26 107L25 107L25 106L26 106L26 105L23 105L23 106L22 106L22 103L23 103L23 104L25 104L25 103L27 103L27 107L29 107L29 106L30 106L30 107L31 107L31 106L32 106L32 107L33 107L33 111L32 111L32 112L31 112L31 111L30 111L30 110L31 110L31 109L30 109L30 108L29 108L29 109L30 109L30 110L27 110L27 111L26 111L26 113L25 113L25 114L24 114L24 115L22 115L22 114L23 114L23 113L20 113L20 114L18 114L18 115L20 115L20 116L18 116L18 117L17 117L17 118L16 118L16 119L17 119L17 120L16 120L16 121L15 121L15 122L17 122L17 123L18 123L18 122L19 122L19 123L20 123L20 126L19 126L19 124L18 124L18 125L16 125L16 126L15 126L15 127L16 127L16 128L14 128L14 126L13 126L13 129L12 129L12 131L11 131L11 132L10 132L10 134L11 134L11 135L12 135L12 138L13 138L13 137L14 137L14 141L16 141L16 142L19 142L19 143L20 143L20 142L19 142L19 141L17 141L17 139L18 139L18 140L19 140L19 139L18 139L18 138L17 138L17 135L19 135L19 136L18 136L18 137L19 137L19 136L20 136L20 135L19 135L19 134L20 134L20 133L21 133L21 132L20 132L20 130L21 130L21 131L24 131L24 130L23 130L23 129L24 129L24 128L25 128L25 127L24 127L24 125L25 125L25 124L26 124L26 123L25 123L25 121L23 121L23 119L25 119L25 118L26 118L26 119L28 119L28 118L29 118L29 120L27 120L27 121L26 121L26 122L27 122L27 123L28 123L28 122L27 122L27 121L29 121L29 120L30 120L30 119L33 119L33 120L34 120L34 119L33 119L33 118L32 118L32 117L33 117L33 113L34 113L34 114L35 114L35 115L34 115L34 117L38 117L38 115L39 115L39 117L40 117L40 116L41 116L41 115L42 115L42 118L43 118L43 115L42 115L42 114L43 114L43 112L45 112L45 113L44 113L44 115L45 115L45 116L46 116L46 115L45 115L45 114L46 114L46 112L45 112L45 111L46 111L46 110L45 110L45 109L47 109L47 111L49 111L49 108L46 108L46 107L48 107L48 106L46 106L46 105L45 105L45 106L44 106L44 105L41 105L41 106L40 106L40 107L39 107L39 106L37 106L37 105L38 105L38 104L39 104L39 105L40 105L40 104L41 104L41 103L42 103L42 104L43 104L43 103L44 103L44 104L45 104L45 103L46 103L46 104L47 104L47 103L48 103L48 102L49 102L49 100L50 100L50 101L51 101L51 102L50 102L50 103L49 103L49 104L48 104L48 105L50 105L50 104L51 104L51 102L53 102L53 101L54 101L54 102L55 102L55 101L56 101L56 99L55 99L55 100L54 100L54 99L53 99L53 98L52 98L52 99L51 99L51 98L50 98L50 97L51 97L51 96L53 96L53 97L54 97L54 98L57 98L57 99L58 99L58 100L60 100L60 101L59 101L59 102L57 102L57 103L59 103L59 102L60 102L60 105L61 105L61 103L62 103L62 104L63 104L63 101L65 101L65 100L66 100L66 101L67 101L67 100L68 100L68 101L69 101L69 102L70 102L70 103L71 103L71 104L72 104L72 103L73 103L73 104L74 104L74 103L75 103L75 104L76 104L76 105L75 105L75 106L74 106L74 108L76 108L76 107L75 107L75 106L76 106L76 105L79 105L79 106L77 106L77 109L79 109L79 112L78 112L78 113L79 113L79 112L80 112L80 113L81 113L81 114L80 114L80 115L78 115L78 114L77 114L77 116L75 116L75 114L76 114L76 113L77 113L77 111L78 111L78 110L77 110L77 111L76 111L76 112L75 112L75 110L76 110L76 109L75 109L75 110L74 110L74 112L75 112L75 114L74 114L74 116L75 116L75 117L74 117L74 118L73 118L73 117L72 117L72 118L73 118L73 121L72 121L72 120L71 120L71 121L70 121L70 120L68 120L68 118L67 118L67 117L66 117L66 116L68 116L68 117L69 117L69 118L71 118L71 117L69 117L69 115L68 115L68 114L69 114L69 113L70 113L70 114L71 114L71 116L72 116L72 115L73 115L73 113L72 113L72 112L73 112L73 109L70 109L70 108L73 108L73 105L72 105L72 106L71 106L71 105L70 105L70 104L69 104L69 103L68 103L68 102L67 102L67 103L66 103L66 102L64 102L64 103L65 103L65 104L64 104L64 105L62 105L62 106L60 106L60 108L59 108L59 106L58 106L58 105L59 105L59 104L56 104L56 105L55 105L55 104L54 104L54 103L52 103L52 104L53 104L53 105L54 105L54 107L55 107L55 106L56 106L56 108L55 108L55 109L53 109L53 108L52 108L52 109L53 109L53 110L52 110L52 111L51 111L51 110L50 110L50 111L51 111L51 114L50 114L50 115L49 115L49 116L48 116L48 118L46 118L46 117L44 117L44 119L46 119L46 120L47 120L47 121L49 121L49 124L48 124L48 123L47 123L47 122L44 122L44 121L43 121L43 119L42 119L42 122L43 122L43 123L44 123L44 124L45 124L45 126L44 126L44 125L43 125L43 124L42 124L42 123L40 123L40 120L41 120L41 118L40 118L40 119L39 119L39 118L38 118L38 119L37 119L37 121L38 121L38 120L39 120L39 122L38 122L38 123L37 123L37 122L36 122L36 123L37 123L37 124L36 124L36 125L38 125L38 124L39 124L39 127L38 127L38 129L40 129L40 128L41 128L41 129L42 129L42 130L40 130L40 131L39 131L39 130L37 130L37 131L39 131L39 132L38 132L38 133L40 133L40 134L41 134L41 133L40 133L40 132L41 132L41 131L42 131L42 130L43 130L43 133L42 133L42 134L43 134L43 135L44 135L44 136L45 136L45 138L43 138L43 136L42 136L42 135L40 135L40 136L41 136L41 137L38 137L38 136L37 136L37 137L36 137L36 134L35 134L35 135L34 135L34 136L33 136L33 138L34 138L34 136L35 136L35 137L36 137L36 138L37 138L37 137L38 137L38 138L39 138L39 139L40 139L40 140L41 140L41 142L44 142L44 141L45 141L45 139L46 139L46 140L47 140L47 139L48 139L48 138L49 138L49 136L50 136L50 137L51 137L51 138L50 138L50 139L49 139L49 140L48 140L48 141L49 141L49 143L48 143L48 142L45 142L45 143L44 143L44 144L45 144L45 143L48 143L48 144L47 144L47 145L49 145L49 146L48 146L48 147L47 147L47 148L48 148L48 149L47 149L47 150L46 150L46 149L45 149L45 150L44 150L44 149L43 149L43 148L42 148L42 147L37 147L37 148L41 148L41 149L42 149L42 150L43 150L43 151L44 151L44 152L45 152L45 151L46 151L46 152L47 152L47 151L48 151L48 150L49 150L49 149L50 149L50 147L51 147L51 149L52 149L52 148L53 148L53 150L52 150L52 151L51 151L51 150L50 150L50 151L49 151L49 152L48 152L48 154L46 154L46 153L45 153L45 154L44 154L44 153L43 153L43 152L42 152L42 151L41 151L41 150L40 150L40 151L39 151L39 149L38 149L38 151L36 151L36 150L37 150L37 149L36 149L36 150L35 150L35 149L33 149L33 148L31 148L31 147L30 147L30 148L31 148L31 149L30 149L30 150L31 150L31 151L32 151L32 152L31 152L31 155L28 155L28 157L26 157L26 155L25 155L25 157L26 157L26 158L27 158L27 159L28 159L28 160L29 160L29 161L25 161L25 162L24 162L24 161L23 161L23 162L24 162L24 163L25 163L25 164L27 164L27 163L26 163L26 162L28 162L28 163L29 163L29 164L30 164L30 163L29 163L29 161L30 161L30 160L29 160L29 159L31 159L31 157L34 157L34 158L35 158L35 157L36 157L36 156L35 156L35 154L36 154L36 153L40 153L40 152L41 152L41 153L42 153L42 154L43 154L43 155L44 155L44 156L45 156L45 154L46 154L46 155L47 155L47 157L48 157L48 158L45 158L45 157L44 157L44 158L43 158L43 156L42 156L42 158L41 158L41 159L42 159L42 158L43 158L43 159L48 159L48 160L47 160L47 162L46 162L46 161L44 161L44 160L43 160L43 161L42 161L42 162L41 162L41 163L42 163L42 164L41 164L41 165L42 165L42 166L43 166L43 167L44 167L44 168L45 168L45 169L47 169L47 170L45 170L45 171L44 171L44 172L43 172L43 171L40 171L40 172L41 172L41 173L42 173L42 174L43 174L43 173L44 173L44 172L45 172L45 171L46 171L46 172L47 172L47 171L48 171L48 170L49 170L49 171L51 171L51 172L52 172L52 171L51 171L51 170L52 170L52 169L51 169L51 170L49 170L49 168L52 168L52 167L51 167L51 165L52 165L52 164L53 164L53 165L54 165L54 166L55 166L55 167L56 167L56 165L58 165L58 166L59 166L59 167L60 167L60 166L61 166L61 164L62 164L62 165L63 165L63 167L65 167L65 168L64 168L64 169L65 169L65 168L66 168L66 169L67 169L67 168L68 168L68 169L69 169L69 167L68 167L68 166L64 166L64 165L63 165L63 164L64 164L64 163L63 163L63 161L65 161L65 160L66 160L66 161L67 161L67 162L68 162L68 163L69 163L69 164L67 164L67 163L66 163L66 162L65 162L65 165L69 165L69 166L70 166L70 167L71 167L71 165L70 165L70 164L72 164L72 163L73 163L73 164L74 164L74 163L75 163L75 162L76 162L76 161L79 161L79 160L80 160L80 161L81 161L81 162L82 162L82 161L81 161L81 160L82 160L82 159L80 159L80 158L79 158L79 159L78 159L78 158L77 158L77 160L76 160L76 157L77 157L77 156L78 156L78 157L80 157L80 156L79 156L79 155L80 155L80 153L79 153L79 152L81 152L81 154L82 154L82 155L83 155L83 156L84 156L84 157L83 157L83 158L84 158L84 159L83 159L83 160L85 160L85 162L83 162L83 164L85 164L85 162L86 162L86 161L89 161L89 159L90 159L90 160L91 160L91 158L90 158L90 157L89 157L89 155L88 155L88 156L87 156L87 155L86 155L86 156L87 156L87 159L86 159L86 160L85 160L85 158L84 158L84 157L85 157L85 154L83 154L83 153L82 153L82 152L87 152L87 154L88 154L88 152L91 152L91 151L92 151L92 152L93 152L93 153L89 153L89 154L94 154L94 153L95 153L95 154L96 154L96 155L95 155L95 157L96 157L96 156L98 156L98 157L97 157L97 158L96 158L96 159L98 159L98 157L99 157L99 158L102 158L102 157L104 157L104 158L103 158L103 159L102 159L102 160L103 160L103 161L104 161L104 162L105 162L105 161L106 161L106 160L105 160L105 161L104 161L104 158L105 158L105 157L107 157L107 156L105 156L105 155L104 155L104 156L103 156L103 153L104 153L104 154L105 154L105 153L106 153L106 154L107 154L107 155L109 155L109 156L110 156L110 157L108 157L108 159L107 159L107 161L108 161L108 160L109 160L109 159L110 159L110 158L111 158L111 160L112 160L112 157L111 157L111 156L110 156L110 154L111 154L111 155L113 155L113 157L114 157L114 158L117 158L117 160L116 160L116 159L115 159L115 160L114 160L114 159L113 159L113 161L110 161L110 163L113 163L113 164L115 164L115 165L114 165L114 166L115 166L115 165L116 165L116 166L117 166L117 168L118 168L118 169L119 169L119 170L120 170L120 169L121 169L121 168L124 168L124 167L125 167L125 168L126 168L126 167L127 167L127 166L128 166L128 167L129 167L129 168L130 168L130 169L131 169L131 170L133 170L133 171L134 171L134 168L133 168L133 167L134 167L134 165L135 165L135 164L136 164L136 163L137 163L137 164L138 164L138 163L139 163L139 165L140 165L140 163L139 163L139 162L140 162L140 160L141 160L141 158L142 158L142 159L144 159L144 158L145 158L145 157L146 157L146 156L147 156L147 157L148 157L148 156L149 156L149 155L150 155L150 154L151 154L151 155L152 155L152 156L151 156L151 157L150 157L150 158L151 158L151 159L152 159L152 158L151 158L151 157L152 157L152 156L153 156L153 155L156 155L156 154L157 154L157 152L156 152L156 151L157 151L157 150L156 150L156 151L155 151L155 150L154 150L154 149L153 149L153 150L152 150L152 148L153 148L153 147L154 147L154 148L155 148L155 149L158 149L158 148L159 148L159 149L160 149L160 148L162 148L162 147L161 147L161 146L163 146L163 143L159 143L159 142L157 142L157 141L158 141L158 140L159 140L159 141L160 141L160 142L163 142L163 140L162 140L162 139L161 139L161 138L160 138L160 139L159 139L159 138L158 138L158 139L157 139L157 138L156 138L156 139L155 139L155 138L154 138L154 137L153 137L153 138L152 138L152 136L153 136L153 135L152 135L152 133L151 133L151 131L150 131L150 133L149 133L149 134L148 134L148 135L147 135L147 134L146 134L146 135L145 135L145 134L144 134L144 135L143 135L143 134L141 134L141 133L144 133L144 132L145 132L145 133L146 133L146 132L147 132L147 133L148 133L148 132L149 132L149 130L148 130L148 131L147 131L147 130L146 130L146 131L145 131L145 130L143 130L143 132L142 132L142 131L141 131L141 130L139 130L139 129L138 129L138 128L137 128L137 131L141 131L141 133L140 133L140 132L139 132L139 133L138 133L138 132L137 132L137 134L138 134L138 135L139 135L139 134L140 134L140 135L141 135L141 137L142 137L142 138L143 138L143 137L144 137L144 136L145 136L145 138L144 138L144 139L145 139L145 140L142 140L142 139L141 139L141 138L140 138L140 136L139 136L139 137L138 137L138 136L137 136L137 137L136 137L136 138L135 138L135 136L134 136L134 138L135 138L135 139L134 139L134 140L133 140L133 139L132 139L132 140L130 140L130 138L127 138L127 137L126 137L126 136L125 136L125 137L124 137L124 138L123 138L123 139L118 139L118 138L117 138L117 140L116 140L116 139L115 139L115 140L112 140L112 139L113 139L113 136L114 136L114 138L116 138L116 137L117 137L117 136L118 136L118 137L119 137L119 138L122 138L122 137L123 137L123 135L125 135L125 134L123 134L123 135L122 135L122 136L121 136L121 135L120 135L120 137L119 137L119 135L118 135L118 134L116 134L116 135L115 135L115 134L113 134L113 133L115 133L115 132L116 132L116 133L117 133L117 132L118 132L118 133L119 133L119 134L120 134L120 133L121 133L121 134L122 134L122 133L123 133L123 131L126 131L126 132L125 132L125 133L126 133L126 132L127 132L127 133L128 133L128 132L127 132L127 130L128 130L128 131L129 131L129 134L128 134L128 135L127 135L127 134L126 134L126 135L127 135L127 136L128 136L128 135L129 135L129 136L130 136L130 137L131 137L131 138L132 138L132 137L133 137L133 135L132 135L132 136L131 136L131 135L130 135L130 132L131 132L131 134L132 134L132 133L133 133L133 134L134 134L134 133L136 133L136 132L135 132L135 131L136 131L136 130L135 130L135 131L134 131L134 132L133 132L133 130L134 130L134 129L135 129L135 128L136 128L136 127L137 127L137 125L136 125L136 126L135 126L135 127L134 127L134 128L133 128L133 127L132 127L132 128L131 128L131 127L130 127L130 126L126 126L126 127L129 127L129 129L128 129L128 128L127 128L127 129L126 129L126 128L125 128L125 130L123 130L123 129L122 129L122 128L124 128L124 127L125 127L125 125L127 125L127 124L128 124L128 125L129 125L129 124L130 124L130 125L131 125L131 126L132 126L132 125L133 125L133 123L132 123L132 124L131 124L131 123L130 123L130 122L132 122L132 121L133 121L133 118L134 118L134 117L135 117L135 120L134 120L134 122L135 122L135 123L134 123L134 124L136 124L136 122L137 122L137 120L136 120L136 118L138 118L138 120L139 120L139 122L138 122L138 124L139 124L139 126L138 126L138 127L139 127L139 126L140 126L140 127L141 127L141 125L142 125L142 126L143 126L143 125L144 125L144 124L145 124L145 126L144 126L144 127L145 127L145 126L146 126L146 127L147 127L147 126L146 126L146 124L149 124L149 125L150 125L150 126L151 126L151 125L152 125L152 126L154 126L154 127L156 127L156 126L157 126L157 125L158 125L158 123L157 123L157 124L156 124L156 125L155 125L155 126L154 126L154 125L152 125L152 124L153 124L153 123L154 123L154 124L155 124L155 123L156 123L156 122L158 122L158 121L157 121L157 120L154 120L154 121L151 121L151 119L152 119L152 120L153 120L153 118L152 118L152 117L148 117L148 116L149 116L149 114L148 114L148 115L147 115L147 114L146 114L146 115L147 115L147 118L146 118L146 119L145 119L145 118L144 118L144 119L143 119L143 120L141 120L141 121L140 121L140 120L139 120L139 117L140 117L140 118L141 118L141 117L142 117L142 118L143 118L143 117L145 117L145 113L146 113L146 112L147 112L147 113L148 113L148 112L149 112L149 111L150 111L150 112L151 112L151 111L150 111L150 110L151 110L151 108L150 108L150 107L148 107L148 106L146 106L146 107L145 107L145 105L144 105L144 106L143 106L143 107L142 107L142 106L141 106L141 104L142 104L142 105L143 105L143 104L144 104L144 103L147 103L147 105L148 105L148 104L149 104L149 105L150 105L150 106L151 106L151 107L152 107L152 108L153 108L153 111L152 111L152 112L153 112L153 111L154 111L154 112L155 112L155 110L154 110L154 108L153 108L153 107L154 107L154 106L152 106L152 105L150 105L150 104L151 104L151 103L152 103L152 104L153 104L153 103L154 103L154 104L155 104L155 106L156 106L156 107L155 107L155 109L157 109L157 108L156 108L156 107L157 107L157 106L156 106L156 105L157 105L157 101L158 101L158 100L161 100L161 99L159 99L159 98L158 98L158 99L157 99L157 100L156 100L156 101L155 101L155 102L154 102L154 101L153 101L153 102L152 102L152 101L149 101L149 102L148 102L148 103L147 103L147 102L145 102L145 101L146 101L146 100L147 100L147 101L148 101L148 100L149 100L149 99L150 99L150 100L153 100L153 99L156 99L156 98L157 98L157 96L155 96L155 95L156 95L156 94L158 94L158 93L157 93L157 92L156 92L156 93L155 93L155 95L154 95L154 93L153 93L153 94L152 94L152 93L151 93L151 91L149 91L149 90L148 90L148 91L147 91L147 92L146 92L146 93L144 93L144 94L143 94L143 95L142 95L142 96L144 96L144 95L145 95L145 97L144 97L144 98L143 98L143 97L142 97L142 98L141 98L141 97L140 97L140 95L141 95L141 93L140 93L140 92L139 92L139 93L140 93L140 95L139 95L139 96L138 96L138 97L136 97L136 98L135 98L135 99L134 99L134 100L135 100L135 101L136 101L136 102L135 102L135 103L134 103L134 104L133 104L133 103L132 103L132 104L133 104L133 106L132 106L132 105L131 105L131 106L132 106L132 107L129 107L129 106L130 106L130 104L131 104L131 103L130 103L130 102L129 102L129 103L130 103L130 104L128 104L128 106L126 106L126 105L127 105L127 104L126 104L126 103L128 103L128 102L127 102L127 101L128 101L128 100L127 100L127 98L128 98L128 99L129 99L129 100L130 100L130 101L131 101L131 102L132 102L132 101L133 101L133 99L132 99L132 100L131 100L131 99L130 99L130 98L129 98L129 97L128 97L128 95L129 95L129 96L130 96L130 97L131 97L131 95L129 95L129 94L131 94L131 93L130 93L130 92L131 92L131 91L130 91L130 90L129 90L129 89L128 89L128 88L127 88L127 89L126 89L126 88L125 88L125 90L124 90L124 87L125 87L125 86L124 86L124 83L125 83L125 82L126 82L126 83L127 83L127 82L128 82L128 81L126 81L126 80L125 80L125 81L124 81L124 82L123 82L123 83L122 83L122 84L121 84L121 82L122 82L122 80L124 80L124 79L127 79L127 78L125 78L125 77L124 77L124 78L123 78L123 79L122 79L122 77L123 77L123 76L124 76L124 75L122 75L122 76L121 76L121 75L120 75L120 76L119 76L119 75L117 75L117 73L116 73L116 71L118 71L118 72L119 72L119 71L118 71L118 70L116 70L116 69L117 69L117 68L118 68L118 69L119 69L119 70L120 70L120 69L121 69L121 67L120 67L120 68L119 68L119 67L118 67L118 66L117 66L117 65L119 65L119 66L120 66L120 65L121 65L121 66L122 66L122 65L123 65L123 64L124 64L124 63L125 63L125 65L124 65L124 66L123 66L123 67L122 67L122 68L124 68L124 67L127 67L127 66L128 66L128 67L129 67L129 68L130 68L130 69L131 69L131 70L132 70L132 69L131 69L131 67L130 67L130 66L129 66L129 65L128 65L128 64L126 64L126 63L127 63L127 62L128 62L128 63L129 63L129 64L130 64L130 65L131 65L131 66L132 66L132 65L133 65L133 67L132 67L132 68L133 68L133 69L134 69L134 68L136 68L136 69L137 69L137 70L136 70L136 71L134 71L134 70L133 70L133 71L131 71L131 74L134 74L134 72L136 72L136 71L137 71L137 73L140 73L140 74L141 74L141 75L140 75L140 76L142 76L142 75L144 75L144 74L145 74L145 73L146 73L146 72L147 72L147 73L148 73L148 72L149 72L149 73L150 73L150 74L146 74L146 75L145 75L145 76L144 76L144 77L143 77L143 79L144 79L144 78L146 78L146 76L149 76L149 75L150 75L150 76L151 76L151 75L152 75L152 76L153 76L153 75L154 75L154 76L156 76L156 75L157 75L157 73L158 73L158 72L159 72L159 73L160 73L160 72L161 72L161 70L163 70L163 69L164 69L164 68L165 68L165 67L166 67L166 68L167 68L167 67L169 67L169 68L168 68L168 69L167 69L167 70L168 70L168 69L170 69L170 68L173 68L173 67L171 67L171 66L170 66L170 67L169 67L169 66L166 66L166 65L165 65L165 67L164 67L164 65L163 65L163 64L162 64L162 63L161 63L161 62L160 62L160 63L159 63L159 62L158 62L158 63L157 63L157 62L156 62L156 63L155 63L155 62L154 62L154 61L153 61L153 62L152 62L152 60L153 60L153 59L154 59L154 60L155 60L155 61L157 61L157 60L158 60L158 61L160 61L160 60L163 60L163 61L162 61L162 62L163 62L163 63L164 63L164 64L165 64L165 63L167 63L167 62L164 62L164 60L165 60L165 59L164 59L164 60L163 60L163 59L162 59L162 58L164 58L164 56L165 56L165 55L164 55L164 54L163 54L163 52L162 52L162 51L161 51L161 50L160 50L160 51L159 51L159 50L158 50L158 51L157 51L157 48L159 48L159 49L160 49L160 48L161 48L161 49L162 49L162 50L163 50L163 51L164 51L164 52L165 52L165 51L166 51L166 52L168 52L168 51L167 51L167 50L168 50L168 49L167 49L167 50L164 50L164 48L163 48L163 47L164 47L164 46L163 46L163 45L164 45L164 44L163 44L163 43L164 43L164 41L163 41L163 40L162 40L162 39L161 39L161 38L160 38L160 39L159 39L159 38L158 38L158 39L157 39L157 36L155 36L155 37L156 37L156 39L155 39L155 38L154 38L154 37L152 37L152 36L153 36L153 35L152 35L152 34L151 34L151 33L150 33L150 35L152 35L152 36L151 36L151 37L150 37L150 38L151 38L151 37L152 37L152 38L154 38L154 39L155 39L155 40L156 40L156 41L155 41L155 42L152 42L152 41L151 41L151 40L153 40L153 39L151 39L151 40L150 40L150 39L148 39L148 38L146 38L146 37L147 37L147 36L149 36L149 35L146 35L146 37L144 37L144 38L143 38L143 37L142 37L142 36L140 36L140 35L141 35L141 34L140 34L140 35L139 35L139 34L138 34L138 35L139 35L139 36L140 36L140 38L139 38L139 37L138 37L138 36L137 36L137 37L136 37L136 38L135 38L135 39L134 39L134 40L133 40L133 39L132 39L132 41L128 41L128 40L126 40L126 39L130 39L130 40L131 40L131 39L130 39L130 38L127 38L127 37L126 37L126 36L125 36L125 37L124 37L124 38L123 38L123 39L122 39L122 40L121 40L121 39L116 39L116 41L117 41L117 40L119 40L119 41L118 41L118 42L117 42L117 44L116 44L116 43L111 43L111 44L110 44L110 42L111 42L111 41L113 41L113 42L115 42L115 40L114 40L114 39L111 39L111 37L114 37L114 38L115 38L115 36L114 36L114 35L111 35L111 34L113 34L113 33L114 33L114 34L115 34L115 35L117 35L117 36L118 36L118 37L119 37L119 38L122 38L122 37L123 37L123 36L124 36L124 35L125 35L125 32L123 32L123 31L122 31L122 32L121 32L121 31L120 31L120 30L121 30L121 29L120 29L120 30L119 30L119 29L118 29L118 28L117 28L117 27L115 27L115 26L113 26L113 27L115 27L115 28L110 28L110 29L109 29L109 30L107 30L107 29L108 29L108 28L106 28L106 27L105 27L105 28L103 28L103 26L102 26L102 25L100 25L100 26L99 26L99 24L98 24L98 25L97 25L97 26L96 26L96 27L95 27L95 28L93 28L93 27L92 27L92 26L93 26L93 25L94 25L94 26L95 26L95 25L96 25L96 24L97 24L97 22L101 22L101 23L102 23L102 24L103 24L103 25L104 25L104 26L106 26L106 25L105 25L105 24L106 24L106 22L107 22L107 25L108 25L108 24L110 24L110 23L109 23L109 22L110 22L110 21L109 21L109 20L110 20L110 18L111 18L111 19L112 19L112 20L111 20L111 21L112 21L112 20L114 20L114 21L115 21L115 23L114 23L114 22L112 22L112 23L111 23L111 25L112 25L112 24L114 24L114 25L115 25L115 24L116 24L116 25L117 25L117 24L118 24L118 25L119 25L119 26L121 26L121 24L123 24L123 23L120 23L120 25L119 25L119 23L118 23L118 22L117 22L117 23L116 23L116 21L118 21L118 20L119 20L119 22L120 22L120 21L121 21L121 22L122 22L122 21L123 21L123 20L124 20L124 19L127 19L127 18L128 18L128 19L129 19L129 22L128 22L128 23L129 23L129 24L130 24L130 25L131 25L131 26L132 26L132 25L133 25L133 26L135 26L135 25L134 25L134 24L135 24L135 23L136 23L136 22L135 22L135 23L134 23L134 21L133 21L133 20L135 20L135 21L136 21L136 20L135 20L135 19L136 19L136 18L135 18L135 19L132 19L132 18L134 18L134 17L135 17L135 16L136 16L136 15L137 15L137 13L136 13L136 14L135 14L135 15L134 15L134 16L133 16L133 15L132 15L132 16L133 16L133 17L131 17L131 19L130 19L130 16L131 16L131 15L130 15L130 14L129 14L129 13L128 13L128 12L127 12L127 13L126 13L126 12L123 12L123 13L122 13L122 14L121 14L121 15L120 15L120 16L119 16L119 15L118 15L118 14L117 14L117 15L118 15L118 16L116 16L116 15L115 15L115 14L114 14L114 15L115 15L115 16L114 16L114 17L115 17L115 19L114 19L114 18L113 18L113 17L111 17L111 16L113 16L113 15L112 15L112 14L110 14L110 15L111 15L111 16L110 16L110 17L109 17L109 14L108 14L108 15L107 15L107 16L106 16L106 15L105 15L105 17L104 17L104 15L103 15L103 14L102 14L102 13L100 13L100 12L101 12L101 11L99 11L99 12L98 12L98 13L97 13L97 14L96 14L96 15L95 15L95 14L94 14L94 13L92 13L92 12L91 12L91 10L90 10L90 9L89 9L89 10L88 10L88 11L87 11L87 10L86 10L86 11L84 11L84 12L83 12L83 11L82 11L82 10L84 10L84 9L82 9L82 8L80 8L80 9L79 9L79 10L77 10L77 11L76 11L76 12L75 12L75 11L74 11L74 12L75 12L75 13L74 13L74 14L73 14L73 13L72 13L72 14L71 14L71 13L70 13L70 12L69 12L69 13L70 13L70 14L68 14L68 16L72 16L72 15L73 15L73 16L74 16L74 15L76 15L76 16L75 16L75 17L74 17L74 18L73 18L73 17L72 17L72 20L74 20L74 21L75 21L75 20L74 20L74 19L76 19L76 18L75 18L75 17L79 17L79 18L78 18L78 19L77 19L77 20L76 20L76 21L77 21L77 23L79 23L79 24L78 24L78 25L79 25L79 24L80 24L80 25L81 25L81 27L80 27L80 28L79 28L79 27L78 27L78 26L77 26L77 27L76 27L76 28L75 28L75 29L72 29L72 30L71 30L71 29L70 29L70 30L71 30L71 31L73 31L73 30L75 30L75 31L74 31L74 32L71 32L71 33L69 33L69 32L70 32L70 31L68 31L68 30L65 30L65 31L64 31L64 32L63 32L63 33L62 33L62 32L61 32L61 31L62 31L62 30L64 30L64 29L67 29L67 28L66 28L66 27L67 27L67 26L66 26L66 25L67 25L67 23L66 23L66 22L64 22L64 23L65 23L65 24L63 24L63 25L61 25L61 27L60 27L60 28L59 28L59 27L58 27L58 25L57 25L57 24L56 24L56 22L55 22L55 23L54 23L54 22L52 22L52 23L51 23L51 22L50 22L50 19L51 19L51 18L50 18L50 19L49 19L49 20L48 20L48 23L49 23L49 24L48 24L48 25L47 25L47 26L46 26L46 25L45 25L45 26L44 26L44 25L43 25L43 24L42 24L42 23L40 23L40 24L41 24L41 25L39 25L39 23L38 23L38 25L39 25L39 26L38 26L38 27L37 27L37 26L36 26L36 25L33 25L33 26L32 26L32 24L35 24L35 22L36 22L36 24L37 24L37 20L38 20L38 19L39 19L39 21L40 21L40 22L41 22L41 21L40 21L40 20L41 20L41 19L42 19L42 18L43 18L43 19L44 19L44 18L43 18L43 17L44 17L44 16L42 16L42 15L40 15L40 12L41 12L41 13L42 13L42 14L43 14L43 15L44 15L44 13L43 13L43 12L42 12L42 11L40 11L40 8L41 8L41 5L40 5L40 7L39 7L39 5ZM57 5L57 8L60 8L60 5ZM66 5L66 9L67 9L67 5ZM85 5L85 8L88 8L88 5ZM91 5L91 7L92 7L92 8L93 8L93 7L94 7L94 8L95 8L95 7L96 7L96 6L95 6L95 7L94 7L94 6L93 6L93 5ZM113 5L113 8L116 8L116 5ZM141 5L141 8L144 8L144 5ZM20 6L20 7L21 7L21 6ZM23 6L23 7L24 7L24 6ZM26 6L26 7L27 7L27 6ZM30 6L30 7L31 7L31 6ZM34 6L34 7L35 7L35 6ZM42 6L42 10L43 10L43 9L44 9L44 8L43 8L43 6ZM58 6L58 7L59 7L59 6ZM70 6L70 7L71 7L71 6ZM74 6L74 7L75 7L75 6ZM80 6L80 7L81 7L81 6ZM86 6L86 7L87 7L87 6ZM92 6L92 7L93 7L93 6ZM98 6L98 7L99 7L99 6ZM104 6L104 7L105 7L105 6ZM110 6L110 7L111 7L111 6ZM114 6L114 7L115 7L115 6ZM125 6L125 7L126 7L126 6ZM142 6L142 7L143 7L143 6ZM151 6L151 7L150 7L150 8L151 8L151 9L153 9L153 8L152 8L152 6ZM156 6L156 7L157 7L157 8L158 8L158 7L157 7L157 6ZM165 6L165 8L167 8L167 7L166 7L166 6ZM47 7L47 9L49 9L49 12L50 12L50 11L51 11L51 10L50 10L50 9L49 9L49 8L48 8L48 7ZM130 7L130 8L129 8L129 9L130 9L130 8L131 8L131 10L130 10L130 11L131 11L131 12L132 12L132 11L133 11L133 12L134 12L134 11L133 11L133 10L132 10L132 8L131 8L131 7ZM18 8L18 9L19 9L19 8ZM36 8L36 9L35 9L35 10L36 10L36 11L38 11L38 10L36 10L36 9L37 9L37 8ZM106 8L106 9L107 9L107 8ZM2 9L2 10L3 10L3 9ZM71 9L71 10L72 10L72 9ZM80 9L80 11L81 11L81 10L82 10L82 9ZM139 9L139 10L138 10L138 12L140 12L140 13L144 13L144 12L145 12L145 14L146 14L146 15L147 15L147 14L146 14L146 12L147 12L147 13L148 13L148 12L149 12L149 11L150 11L150 10L149 10L149 11L148 11L148 9L147 9L147 10L146 10L146 11L145 11L145 10L144 10L144 11L143 11L143 12L141 12L141 11L140 11L140 9ZM154 9L154 10L155 10L155 9ZM19 10L19 11L20 11L20 14L21 14L21 11L20 11L20 10ZM57 10L57 11L58 11L58 10ZM66 10L66 13L68 13L68 12L67 12L67 11L68 11L68 10ZM118 10L118 11L119 11L119 10ZM131 10L131 11L132 11L132 10ZM172 10L172 11L175 11L175 10ZM5 11L5 12L4 12L4 13L5 13L5 12L6 12L6 13L7 13L7 12L6 12L6 11ZM33 11L33 12L34 12L34 14L36 14L36 12L34 12L34 11ZM89 11L89 12L88 12L88 13L87 13L87 12L86 12L86 13L84 13L84 14L82 14L82 13L83 13L83 12L81 12L81 13L80 13L80 12L79 12L79 13L78 13L78 12L77 12L77 13L76 13L76 14L78 14L78 15L80 15L80 16L81 16L81 15L82 15L82 17L83 17L83 16L84 16L84 15L85 15L85 17L84 17L84 18L83 18L83 19L82 19L82 18L81 18L81 17L80 17L80 18L79 18L79 20L80 20L80 18L81 18L81 20L82 20L82 21L84 21L84 20L83 20L83 19L86 19L86 21L85 21L85 22L84 22L84 23L86 23L86 22L87 22L87 19L86 19L86 18L87 18L87 15L88 15L88 14L89 14L89 13L90 13L90 14L92 14L92 15L93 15L93 16L92 16L92 17L93 17L93 18L91 18L91 19L92 19L92 20L93 20L93 18L94 18L94 20L96 20L96 19L95 19L95 18L97 18L97 17L98 17L98 16L99 16L99 17L100 17L100 16L102 16L102 17L101 17L101 18L100 18L100 19L99 19L99 18L98 18L98 19L99 19L99 21L101 21L101 22L102 22L102 21L103 21L103 23L104 23L104 24L105 24L105 22L104 22L104 21L103 21L103 20L101 20L101 19L102 19L102 17L103 17L103 18L104 18L104 20L105 20L105 21L106 21L106 20L108 20L108 19L107 19L107 18L109 18L109 17L107 17L107 18L106 18L106 17L105 17L105 18L104 18L104 17L103 17L103 16L102 16L102 15L101 15L101 14L100 14L100 13L99 13L99 14L98 14L98 15L97 15L97 17L93 17L93 16L95 16L95 15L93 15L93 14L92 14L92 13L91 13L91 12L90 12L90 11ZM93 11L93 12L94 12L94 11ZM106 11L106 12L107 12L107 11ZM8 12L8 14L6 14L6 15L8 15L8 16L9 16L9 15L10 15L10 13L9 13L9 12ZM37 12L37 13L38 13L38 12ZM18 13L18 14L15 14L15 15L14 15L14 16L15 16L15 17L18 17L18 14L19 14L19 13ZM62 13L62 14L61 14L61 15L60 15L60 16L59 16L59 18L60 18L60 17L61 17L61 15L62 15L62 14L63 14L63 13ZM124 13L124 14L122 14L122 15L124 15L124 16L122 16L122 17L123 17L123 18L121 18L121 17L120 17L120 18L117 18L117 17L116 17L116 20L115 20L115 21L116 21L116 20L117 20L117 19L119 19L119 20L120 20L120 19L121 19L121 20L122 20L122 19L123 19L123 18L124 18L124 17L125 17L125 16L126 16L126 17L127 17L127 16L128 16L128 17L129 17L129 15L128 15L128 14L127 14L127 15L126 15L126 14L125 14L125 13ZM152 13L152 14L154 14L154 13ZM8 14L8 15L9 15L9 14ZM65 14L65 15L64 15L64 16L63 16L63 17L62 17L62 18L61 18L61 19L60 19L60 22L61 22L61 20L62 20L62 19L63 19L63 18L64 18L64 17L65 17L65 16L66 16L66 17L67 17L67 15L66 15L66 14ZM70 14L70 15L71 15L71 14ZM86 14L86 15L87 15L87 14ZM99 14L99 15L100 15L100 14ZM124 14L124 15L125 15L125 14ZM16 15L16 16L17 16L17 15ZM19 15L19 16L20 16L20 15ZM26 15L26 16L27 16L27 17L29 17L29 18L30 18L30 19L32 19L32 16L30 16L30 17L29 17L29 16L27 16L27 15ZM39 15L39 16L38 16L38 18L39 18L39 19L40 19L40 18L42 18L42 17L41 17L41 16L40 16L40 15ZM89 15L89 16L88 16L88 19L89 19L89 20L88 20L88 21L90 21L90 22L91 22L91 23L92 23L92 24L90 24L90 23L88 23L88 25L87 25L87 24L86 24L86 25L84 25L84 26L83 26L83 25L82 25L82 27L81 27L81 28L80 28L80 29L81 29L81 28L82 28L82 29L83 29L83 30L84 30L84 29L83 29L83 28L84 28L84 27L86 27L86 26L87 26L87 27L88 27L88 26L89 26L89 25L90 25L90 26L92 26L92 24L93 24L93 23L94 23L94 24L95 24L95 22L94 22L94 21L93 21L93 22L92 22L92 21L91 21L91 20L90 20L90 19L89 19L89 18L90 18L90 17L89 17L89 16L90 16L90 15ZM165 15L165 16L164 16L164 18L165 18L165 17L166 17L166 18L167 18L167 17L170 17L170 18L171 18L171 17L170 17L170 16L169 16L169 15L168 15L168 16L166 16L166 15ZM6 16L6 17L7 17L7 18L8 18L8 17L7 17L7 16ZM23 16L23 17L24 17L24 16ZM34 16L34 17L35 17L35 16ZM39 16L39 17L40 17L40 16ZM45 16L45 21L47 21L47 19L46 19L46 16ZM118 16L118 17L119 17L119 16ZM137 16L137 19L139 19L139 17L138 17L138 16ZM151 16L151 17L152 17L152 18L153 18L153 16ZM160 16L160 17L161 17L161 18L162 18L162 17L161 17L161 16ZM9 17L9 18L10 18L10 19L14 19L14 18L11 18L11 17ZM69 17L69 18L68 18L68 20L67 20L67 18L66 18L66 21L69 21L69 22L70 22L70 23L71 23L71 21L70 21L70 20L69 20L69 18L70 18L70 19L71 19L71 17ZM85 17L85 18L86 18L86 17ZM173 17L173 18L174 18L174 19L175 19L175 20L176 20L176 18L174 18L174 17ZM27 18L27 19L25 19L25 20L24 20L24 22L23 22L23 23L22 23L22 24L24 24L24 25L21 25L21 26L23 26L23 27L24 27L24 28L25 28L25 29L24 29L24 31L25 31L25 33L23 33L23 35L24 35L24 37L25 37L25 40L24 40L24 42L25 42L25 41L26 41L26 42L27 42L27 45L26 45L26 43L25 43L25 47L24 47L24 49L25 49L25 47L27 47L27 49L26 49L26 50L25 50L25 52L26 52L26 51L27 51L27 53L26 53L26 54L25 54L25 56L26 56L26 54L28 54L28 56L27 56L27 58L28 58L28 56L30 56L30 55L31 55L31 56L33 56L33 57L35 57L35 58L33 58L33 59L36 59L36 60L33 60L33 61L32 61L32 63L30 63L30 66L32 66L32 67L31 67L31 68L32 68L32 69L31 69L31 70L29 70L29 72L27 72L27 74L26 74L26 72L24 72L24 71L23 71L23 72L24 72L24 73L23 73L23 74L22 74L22 75L21 75L21 74L20 74L20 72L19 72L19 71L18 71L18 72L17 72L17 73L16 73L16 74L15 74L15 75L13 75L13 76L15 76L15 77L16 77L16 76L18 76L18 77L19 77L19 78L22 78L22 79L21 79L21 81L20 81L20 83L19 83L19 82L17 82L17 84L20 84L20 85L22 85L22 86L21 86L21 87L22 87L22 88L24 88L24 89L26 89L26 90L25 90L25 92L24 92L24 93L25 93L25 92L26 92L26 91L28 91L28 92L31 92L31 91L30 91L30 90L29 90L29 91L28 91L28 90L27 90L27 89L28 89L28 86L27 86L27 84L30 84L30 83L29 83L29 82L31 82L31 84L32 84L32 83L33 83L33 84L35 84L35 83L36 83L36 82L35 82L35 81L36 81L36 80L37 80L37 79L38 79L38 81L37 81L37 83L38 83L38 82L40 82L40 83L39 83L39 84L38 84L38 85L36 85L36 87L33 87L33 88L36 88L36 90L37 90L37 89L38 89L38 90L39 90L39 91L38 91L38 92L39 92L39 93L37 93L37 94L36 94L36 95L38 95L38 94L39 94L39 93L40 93L40 95L41 95L41 96L40 96L40 97L39 97L39 96L38 96L38 97L37 97L37 99L35 99L35 101L34 101L34 102L35 102L35 103L34 103L34 104L35 104L35 103L37 103L37 104L38 104L38 103L37 103L37 102L39 102L39 103L40 103L40 102L42 102L42 103L43 103L43 102L42 102L42 101L41 101L41 100L40 100L40 101L39 101L39 100L38 100L38 101L37 101L37 99L38 99L38 98L39 98L39 99L40 99L40 98L41 98L41 99L42 99L42 100L43 100L43 101L44 101L44 102L45 102L45 101L46 101L46 102L47 102L47 101L48 101L48 100L49 100L49 99L50 99L50 98L48 98L48 99L47 99L47 100L46 100L46 99L45 99L45 100L44 100L44 99L43 99L43 98L42 98L42 97L44 97L44 98L45 98L45 96L43 96L43 95L44 95L44 93L45 93L45 92L44 92L44 91L43 91L43 90L42 90L42 89L44 89L44 90L45 90L45 89L46 89L46 90L47 90L47 91L46 91L46 94L47 94L47 95L46 95L46 98L47 98L47 97L48 97L48 96L49 96L49 97L50 97L50 95L54 95L54 96L56 96L56 97L58 97L58 98L59 98L59 99L60 99L60 98L62 98L62 97L63 97L63 96L64 96L64 95L65 95L65 97L64 97L64 99L62 99L62 101L61 101L61 102L62 102L62 101L63 101L63 100L65 100L65 98L66 98L66 99L67 99L67 98L68 98L68 99L69 99L69 100L70 100L70 101L71 101L71 102L72 102L72 101L73 101L73 102L74 102L74 101L75 101L75 100L76 100L76 99L77 99L77 101L76 101L76 102L78 102L78 103L79 103L79 102L80 102L80 104L79 104L79 105L80 105L80 106L79 106L79 107L80 107L80 108L82 108L82 109L80 109L80 111L81 111L81 113L84 113L84 111L85 111L85 110L86 110L86 109L87 109L87 108L89 108L89 109L90 109L90 110L91 110L91 112L90 112L90 111L88 111L88 110L87 110L87 111L86 111L86 112L87 112L87 111L88 111L88 112L89 112L89 113L90 113L90 114L92 114L92 115L90 115L90 116L89 116L89 117L84 117L84 118L85 118L85 119L84 119L84 120L83 120L83 119L82 119L82 118L81 118L81 117L80 117L80 116L79 116L79 117L78 117L78 118L79 118L79 117L80 117L80 120L79 120L79 121L76 121L76 120L78 120L78 119L76 119L76 118L77 118L77 117L75 117L75 119L74 119L74 120L75 120L75 121L74 121L74 122L73 122L73 123L72 123L72 124L71 124L71 123L70 123L70 122L69 122L69 121L68 121L68 120L67 120L67 121L66 121L66 120L65 120L65 121L64 121L64 122L66 122L66 123L67 123L67 124L68 124L68 122L69 122L69 124L70 124L70 125L67 125L67 126L66 126L66 124L65 124L65 125L63 125L63 124L64 124L64 123L62 123L62 124L61 124L61 125L60 125L60 126L59 126L59 125L58 125L58 124L56 124L56 123L55 123L55 122L54 122L54 120L56 120L56 122L57 122L57 120L56 120L56 119L57 119L57 118L58 118L58 119L59 119L59 120L58 120L58 123L59 123L59 124L60 124L60 123L61 123L61 122L62 122L62 121L63 121L63 120L64 120L64 119L67 119L67 118L65 118L65 116L64 116L64 118L63 118L63 119L62 119L62 120L61 120L61 121L60 121L60 122L59 122L59 120L60 120L60 119L61 119L61 118L62 118L62 117L63 117L63 115L62 115L62 113L63 113L63 114L66 114L66 115L67 115L67 113L68 113L68 112L67 112L67 111L69 111L69 112L70 112L70 113L71 113L71 114L72 114L72 113L71 113L71 111L70 111L70 110L69 110L69 109L68 109L68 108L69 108L69 106L70 106L70 105L68 105L68 104L67 104L67 105L66 105L66 104L65 104L65 105L64 105L64 106L63 106L63 107L62 107L62 108L61 108L61 109L60 109L60 110L61 110L61 112L62 112L62 113L61 113L61 115L62 115L62 116L61 116L61 118L60 118L60 117L57 117L57 118L56 118L56 115L55 115L55 114L56 114L56 113L55 113L55 114L54 114L54 113L53 113L53 112L54 112L54 111L55 111L55 112L56 112L56 110L57 110L57 109L58 109L58 110L59 110L59 108L58 108L58 107L57 107L57 108L56 108L56 110L53 110L53 112L52 112L52 113L53 113L53 114L54 114L54 115L53 115L53 116L50 116L50 117L49 117L49 118L51 118L51 119L52 119L52 118L53 118L53 119L54 119L54 120L52 120L52 121L50 121L50 119L48 119L48 120L49 120L49 121L50 121L50 122L51 122L51 123L50 123L50 124L49 124L49 126L48 126L48 127L47 127L47 128L46 128L46 127L45 127L45 128L44 128L44 127L43 127L43 126L42 126L42 125L41 125L41 124L40 124L40 127L39 127L39 128L40 128L40 127L42 127L42 128L43 128L43 130L44 130L44 131L45 131L45 132L44 132L44 134L47 134L47 135L45 135L45 136L46 136L46 138L47 138L47 137L48 137L48 136L49 136L49 135L50 135L50 134L52 134L52 135L51 135L51 136L52 136L52 139L54 139L54 141L53 141L53 140L52 140L52 142L51 142L51 140L50 140L50 142L51 142L51 143L50 143L50 144L49 144L49 145L50 145L50 146L49 146L49 147L48 147L48 148L49 148L49 147L50 147L50 146L51 146L51 147L52 147L52 146L53 146L53 147L54 147L54 146L55 146L55 145L53 145L53 144L52 144L52 143L54 143L54 144L56 144L56 143L55 143L55 142L56 142L56 139L55 139L55 138L53 138L53 137L56 137L56 138L57 138L57 139L59 139L59 140L60 140L60 139L61 139L61 141L63 141L63 140L64 140L64 139L65 139L65 138L63 138L63 139L61 139L61 138L62 138L62 137L60 137L60 138L57 138L57 136L58 136L58 137L59 137L59 136L60 136L60 135L61 135L61 136L63 136L63 134L62 134L62 135L61 135L61 133L60 133L60 134L59 134L59 133L58 133L58 132L56 132L56 131L57 131L57 130L58 130L58 131L63 131L63 132L62 132L62 133L63 133L63 132L64 132L64 131L67 131L67 130L68 130L68 131L69 131L69 133L68 133L68 132L67 132L67 133L66 133L66 132L65 132L65 133L64 133L64 135L65 135L65 134L66 134L66 135L67 135L67 136L68 136L68 134L69 134L69 136L70 136L70 137L71 137L71 138L72 138L72 137L73 137L73 138L74 138L74 137L75 137L75 139L74 139L74 140L73 140L73 141L75 141L75 140L76 140L76 139L77 139L77 141L76 141L76 143L75 143L75 142L73 142L73 144L74 144L74 145L73 145L73 146L74 146L74 145L75 145L75 146L78 146L78 147L77 147L77 148L78 148L78 147L79 147L79 146L80 146L80 147L81 147L81 149L80 149L80 148L79 148L79 149L76 149L76 148L75 148L75 147L74 147L74 148L73 148L73 147L72 147L72 148L71 148L71 146L69 146L69 145L72 145L72 144L71 144L71 143L72 143L72 142L71 142L71 141L72 141L72 140L71 140L71 139L70 139L70 138L69 138L69 137L66 137L66 136L64 136L64 137L66 137L66 138L68 138L68 139L69 139L69 140L70 140L70 141L68 141L68 140L67 140L67 139L66 139L66 140L67 140L67 141L64 141L64 142L63 142L63 143L64 143L64 144L65 144L65 145L63 145L63 144L62 144L62 142L61 142L61 144L62 144L62 145L60 145L60 146L62 146L62 148L61 148L61 147L59 147L59 145L58 145L58 146L57 146L57 145L56 145L56 146L57 146L57 147L58 147L58 148L57 148L57 149L56 149L56 147L55 147L55 149L56 149L56 151L55 151L55 152L56 152L56 154L54 154L54 153L53 153L53 152L52 152L52 153L53 153L53 155L52 155L52 157L53 157L53 155L54 155L54 156L56 156L56 158L54 158L54 159L55 159L55 161L56 161L56 163L55 163L55 162L53 162L53 161L54 161L54 160L53 160L53 159L52 159L52 161L51 161L51 159L50 159L50 158L51 158L51 156L50 156L50 157L49 157L49 161L50 161L50 162L48 162L48 163L47 163L47 164L46 164L46 163L45 163L45 162L44 162L44 161L43 161L43 163L45 163L45 164L43 164L43 165L44 165L44 166L45 166L45 167L46 167L46 168L49 168L49 167L50 167L50 166L49 166L49 165L48 165L48 164L49 164L49 163L50 163L50 164L51 164L51 163L52 163L52 162L53 162L53 163L55 163L55 165L56 165L56 163L58 163L58 164L59 164L59 165L60 165L60 164L61 164L61 162L62 162L62 161L63 161L63 160L62 160L62 158L61 158L61 159L60 159L60 156L61 156L61 157L63 157L63 155L62 155L62 156L61 156L61 154L62 154L62 153L63 153L63 152L64 152L64 151L65 151L65 152L70 152L70 153L71 153L71 154L72 154L72 153L75 153L75 152L76 152L76 151L77 151L77 150L79 150L79 151L80 151L80 150L81 150L81 151L83 151L83 150L85 150L85 151L87 151L87 150L89 150L89 149L90 149L90 150L92 150L92 151L93 151L93 152L95 152L95 151L96 151L96 150L97 150L97 153L96 153L96 154L97 154L97 153L98 153L98 152L99 152L99 153L100 153L100 152L101 152L101 154L100 154L100 155L99 155L99 154L98 154L98 156L99 156L99 157L100 157L100 156L101 156L101 157L102 157L102 156L101 156L101 155L102 155L102 153L103 153L103 152L102 152L102 151L101 151L101 150L100 150L100 149L102 149L102 150L103 150L103 148L104 148L104 149L105 149L105 150L104 150L104 152L105 152L105 151L106 151L106 152L108 152L108 150L109 150L109 153L107 153L107 154L109 154L109 153L110 153L110 152L111 152L111 153L113 153L113 155L114 155L114 156L115 156L115 157L116 157L116 155L117 155L117 154L118 154L118 155L119 155L119 156L120 156L120 155L121 155L121 154L120 154L120 155L119 155L119 154L118 154L118 153L119 153L119 152L117 152L117 151L121 151L121 152L120 152L120 153L121 153L121 152L122 152L122 151L123 151L123 142L124 142L124 141L125 141L125 142L127 142L127 143L126 143L126 144L128 144L128 145L129 145L129 144L130 144L130 143L133 143L133 146L132 146L132 147L131 147L131 146L129 146L129 147L128 147L128 146L127 146L127 145L126 145L126 146L125 146L125 143L124 143L124 146L125 146L125 147L124 147L124 148L126 148L126 149L127 149L127 150L129 150L129 151L126 151L126 150L124 150L124 153L122 153L122 155L123 155L123 156L121 156L121 157L120 157L120 158L119 158L119 157L118 157L118 156L117 156L117 158L118 158L118 159L119 159L119 160L120 160L120 159L121 159L121 161L118 161L118 160L117 160L117 162L114 162L114 161L113 161L113 163L116 163L116 164L117 164L117 165L118 165L118 164L117 164L117 163L121 163L121 164L119 164L119 166L118 166L118 167L119 167L119 168L120 168L120 166L121 166L121 167L123 167L123 166L124 166L124 165L125 165L125 164L126 164L126 165L127 165L127 164L128 164L128 165L129 165L129 166L130 166L130 167L131 167L131 168L132 168L132 167L133 167L133 165L132 165L132 166L131 166L131 165L130 165L130 164L129 164L129 163L126 163L126 162L125 162L125 161L124 161L124 162L122 162L122 160L126 160L126 161L127 161L127 159L128 159L128 162L129 162L129 161L130 161L130 163L131 163L131 164L132 164L132 163L133 163L133 164L134 164L134 163L135 163L135 162L136 162L136 161L137 161L137 163L138 163L138 160L140 160L140 158L139 158L139 159L138 159L138 158L137 158L137 156L138 156L138 157L140 157L140 155L141 155L141 156L142 156L142 157L143 157L143 158L144 158L144 155L146 155L146 154L147 154L147 155L148 155L148 154L150 154L150 153L149 153L149 152L146 152L146 150L147 150L147 151L150 151L150 152L151 152L151 154L152 154L152 153L153 153L153 154L155 154L155 153L156 153L156 152L155 152L155 151L154 151L154 150L153 150L153 152L152 152L152 151L151 151L151 150L150 150L150 149L151 149L151 148L152 148L152 147L153 147L153 144L152 144L152 143L151 143L151 142L149 142L149 139L150 139L150 140L151 140L151 141L152 141L152 142L153 142L153 143L154 143L154 142L155 142L155 141L156 141L156 140L157 140L157 139L156 139L156 140L154 140L154 139L153 139L153 140L152 140L152 139L151 139L151 138L150 138L150 137L149 137L149 136L146 136L146 138L145 138L145 139L146 139L146 138L147 138L147 139L148 139L148 140L147 140L147 141L146 141L146 140L145 140L145 143L146 143L146 142L147 142L147 143L148 143L148 142L149 142L149 143L151 143L151 145L152 145L152 146L151 146L151 147L150 147L150 146L149 146L149 144L148 144L148 145L147 145L147 144L146 144L146 145L145 145L145 146L144 146L144 145L143 145L143 146L144 146L144 147L142 147L142 146L141 146L141 145L140 145L140 144L139 144L139 143L138 143L138 142L137 142L137 141L134 141L134 142L133 142L133 141L131 141L131 142L130 142L130 143L128 143L128 142L127 142L127 141L126 141L126 140L128 140L128 141L129 141L129 139L126 139L126 138L125 138L125 139L124 139L124 140L118 140L118 143L119 143L119 144L120 144L120 143L121 143L121 144L122 144L122 145L120 145L120 146L119 146L119 145L118 145L118 144L117 144L117 146L116 146L116 148L117 148L117 150L116 150L116 149L115 149L115 150L113 150L113 151L110 151L110 149L113 149L113 147L114 147L114 148L115 148L115 146L114 146L114 145L113 145L113 147L110 147L110 145L111 145L111 144L112 144L112 142L110 142L110 143L109 143L109 148L108 148L108 149L105 149L105 148L107 148L107 146L108 146L108 145L107 145L107 146L106 146L106 145L105 145L105 146L104 146L104 145L102 145L102 144L101 144L101 145L102 145L102 146L100 146L100 145L98 145L98 144L99 144L99 142L98 142L98 144L96 144L96 145L95 145L95 146L94 146L94 145L93 145L93 146L92 146L92 145L91 145L91 144L89 144L89 145L87 145L87 146L86 146L86 145L84 145L84 142L83 142L83 143L82 143L82 142L81 142L81 141L80 141L80 143L81 143L81 145L80 145L80 144L78 144L78 145L76 145L76 144L77 144L77 142L78 142L78 143L79 143L79 141L78 141L78 140L82 140L82 141L84 141L84 140L86 140L86 139L84 139L84 140L83 140L83 138L84 138L84 137L85 137L85 138L87 138L87 140L88 140L88 139L89 139L89 140L90 140L90 141L89 141L89 143L92 143L92 144L93 144L93 143L94 143L94 144L95 144L95 143L96 143L96 142L97 142L97 141L98 141L98 140L99 140L99 141L100 141L100 140L102 140L102 141L101 141L101 142L100 142L100 143L103 143L103 144L104 144L104 143L106 143L106 144L108 144L108 143L107 143L107 142L109 142L109 141L110 141L110 140L111 140L111 139L112 139L112 138L111 138L111 137L112 137L112 136L113 136L113 134L112 134L112 136L111 136L111 133L112 133L112 132L113 132L113 130L114 130L114 131L115 131L115 130L116 130L116 131L117 131L117 130L118 130L118 131L119 131L119 132L120 132L120 131L121 131L121 132L122 132L122 131L123 131L123 130L121 130L121 129L120 129L120 130L118 130L118 129L119 129L119 128L118 128L118 127L121 127L121 126L122 126L122 127L123 127L123 126L124 126L124 125L125 125L125 123L123 123L123 121L124 121L124 122L126 122L126 121L125 121L125 119L124 119L124 120L123 120L123 121L122 121L122 122L121 122L121 121L120 121L120 122L119 122L119 121L118 121L118 120L117 120L117 121L116 121L116 120L115 120L115 121L114 121L114 120L113 120L113 118L114 118L114 119L115 119L115 117L113 117L113 118L112 118L112 119L111 119L111 118L110 118L110 120L109 120L109 121L108 121L108 120L107 120L107 118L106 118L106 117L105 117L105 116L104 116L104 115L106 115L106 116L109 116L109 117L108 117L108 118L109 118L109 117L110 117L110 116L111 116L111 117L112 117L112 115L111 115L111 114L112 114L112 113L110 113L110 112L112 112L112 111L110 111L110 109L111 109L111 110L112 110L112 109L111 109L111 108L113 108L113 112L114 112L114 109L116 109L116 110L115 110L115 112L116 112L116 111L117 111L117 110L118 110L118 111L121 111L121 112L122 112L122 111L123 111L123 113L122 113L122 115L121 115L121 113L120 113L120 112L119 112L119 113L118 113L118 112L117 112L117 114L118 114L118 115L117 115L117 117L116 117L116 119L119 119L119 120L120 120L120 119L121 119L121 120L122 120L122 119L123 119L123 118L124 118L124 117L125 117L125 116L126 116L126 117L127 117L127 116L128 116L128 117L129 117L129 116L130 116L130 117L131 117L131 116L132 116L132 115L133 115L133 116L134 116L134 115L135 115L135 114L136 114L136 113L137 113L137 112L138 112L138 111L136 111L136 112L134 112L134 111L135 111L135 110L136 110L136 109L137 109L137 110L138 110L138 109L137 109L137 108L138 108L138 107L136 107L136 106L137 106L137 105L136 105L136 106L135 106L135 105L134 105L134 106L133 106L133 107L136 107L136 108L130 108L130 109L129 109L129 107L126 107L126 108L127 108L127 111L126 111L126 109L125 109L125 107L124 107L124 108L123 108L123 109L122 109L122 110L120 110L120 109L119 109L119 108L116 108L116 107L115 107L115 105L116 105L116 106L117 106L117 107L120 107L120 108L122 108L122 107L123 107L123 106L124 106L124 105L125 105L125 103L126 103L126 102L125 102L125 101L126 101L126 100L125 100L125 99L126 99L126 98L125 98L125 97L124 97L124 96L126 96L126 97L127 97L127 95L128 95L128 94L129 94L129 92L130 92L130 91L128 91L128 90L127 90L127 91L126 91L126 90L125 90L125 91L124 91L124 90L122 90L122 91L121 91L121 89L120 89L120 90L119 90L119 88L120 88L120 87L123 87L123 85L122 85L122 86L120 86L120 84L119 84L119 85L118 85L118 84L117 84L117 83L116 83L116 82L118 82L118 83L120 83L120 82L121 82L121 80L122 80L122 79L121 79L121 77L120 77L120 78L119 78L119 76L117 76L117 75L116 75L116 74L115 74L115 73L114 73L114 74L113 74L113 73L112 73L112 74L111 74L111 73L110 73L110 75L111 75L111 76L112 76L112 75L113 75L113 76L114 76L114 77L115 77L115 76L116 76L116 77L118 77L118 79L119 79L119 81L118 81L118 80L117 80L117 79L116 79L116 78L115 78L115 79L114 79L114 78L113 78L113 77L111 77L111 78L109 78L109 77L110 77L110 76L108 76L108 74L109 74L109 72L112 72L112 71L113 71L113 72L115 72L115 71L116 71L116 70L115 70L115 71L113 71L113 69L112 69L112 70L110 70L110 71L109 71L109 72L108 72L108 73L106 73L106 72L107 72L107 71L108 71L108 70L109 70L109 69L110 69L110 68L112 68L112 67L113 67L113 68L114 68L114 69L115 69L115 68L117 68L117 67L116 67L116 66L115 66L115 67L114 67L114 66L113 66L113 65L112 65L112 66L110 66L110 67L109 67L109 69L108 69L108 70L107 70L107 71L105 71L105 70L104 70L104 69L106 69L106 68L107 68L107 67L108 67L108 66L109 66L109 65L110 65L110 64L114 64L114 65L115 65L115 64L116 64L116 65L117 65L117 63L121 63L121 64L122 64L122 63L124 63L124 62L125 62L125 63L126 63L126 62L125 62L125 60L126 60L126 61L127 61L127 60L128 60L128 61L129 61L129 59L126 59L126 58L128 58L128 56L130 56L130 59L131 59L131 57L132 57L132 56L130 56L130 55L133 55L133 56L134 56L134 59L133 59L133 58L132 58L132 59L133 59L133 60L134 60L134 59L135 59L135 62L134 62L134 61L133 61L133 62L132 62L132 61L131 61L131 60L130 60L130 63L131 63L131 64L132 64L132 63L133 63L133 64L134 64L134 63L135 63L135 62L136 62L136 61L137 61L137 62L139 62L139 61L140 61L140 59L138 59L138 58L137 58L137 56L138 56L138 57L140 57L140 55L141 55L141 54L140 54L140 52L142 52L142 53L143 53L143 51L144 51L144 50L143 50L143 51L142 51L142 50L140 50L140 48L139 48L139 47L141 47L141 48L142 48L142 49L144 49L144 47L145 47L145 46L147 46L147 47L146 47L146 48L147 48L147 47L148 47L148 46L149 46L149 48L148 48L148 50L147 50L147 49L146 49L146 50L145 50L145 51L146 51L146 52L145 52L145 53L144 53L144 54L142 54L142 56L144 56L144 55L146 55L146 54L147 54L147 53L149 53L149 52L147 52L147 51L150 51L150 52L151 52L151 54L148 54L148 55L147 55L147 56L146 56L146 57L145 57L145 58L147 58L147 59L146 59L146 60L147 60L147 59L148 59L148 58L149 58L149 59L150 59L150 60L152 60L152 59L153 59L153 57L154 57L154 58L155 58L155 57L156 57L156 56L157 56L157 55L158 55L158 54L159 54L159 52L158 52L158 53L157 53L157 54L156 54L156 55L155 55L155 56L154 56L154 55L153 55L153 54L155 54L155 53L156 53L156 52L157 52L157 51L156 51L156 49L155 49L155 48L157 48L157 47L158 47L158 46L159 46L159 47L160 47L160 46L161 46L161 47L163 47L163 46L161 46L161 45L162 45L162 44L160 44L160 45L159 45L159 43L157 43L157 42L159 42L159 40L158 40L158 41L157 41L157 42L156 42L156 43L153 43L153 44L152 44L152 43L151 43L151 42L150 42L150 43L151 43L151 46L150 46L150 44L148 44L148 43L149 43L149 42L148 42L148 43L147 43L147 44L146 44L146 45L145 45L145 46L144 46L144 43L146 43L146 42L147 42L147 41L149 41L149 40L146 40L146 38L144 38L144 39L142 39L142 38L140 38L140 40L139 40L139 39L138 39L138 38L137 38L137 39L136 39L136 40L135 40L135 41L134 41L134 42L132 42L132 43L135 43L135 44L136 44L136 45L135 45L135 46L134 46L134 44L133 44L133 45L132 45L132 46L131 46L131 44L129 44L129 43L131 43L131 42L129 42L129 43L128 43L128 42L127 42L127 43L126 43L126 40L125 40L125 39L126 39L126 38L125 38L125 39L124 39L124 40L123 40L123 41L122 41L122 42L120 42L120 43L119 43L119 42L118 42L118 43L119 43L119 44L120 44L120 43L121 43L121 45L120 45L120 46L119 46L119 45L118 45L118 44L117 44L117 46L116 46L116 45L115 45L115 44L113 44L113 45L111 45L111 46L110 46L110 47L109 47L109 48L108 48L108 49L107 49L107 51L106 51L106 52L107 52L107 54L106 54L106 53L105 53L105 54L104 54L104 53L103 53L103 52L102 52L102 51L101 51L101 50L100 50L100 49L102 49L102 50L104 50L104 52L105 52L105 50L106 50L106 49L105 49L105 48L107 48L107 46L109 46L109 45L110 45L110 44L109 44L109 45L108 45L108 44L107 44L107 42L106 42L106 41L105 41L105 42L104 42L104 41L103 41L103 40L102 40L102 39L101 39L101 38L100 38L100 39L98 39L98 37L100 37L100 36L101 36L101 37L102 37L102 38L103 38L103 39L104 39L104 40L105 40L105 38L104 38L104 37L103 37L103 36L102 36L102 35L104 35L104 36L105 36L105 35L106 35L106 36L107 36L107 34L109 34L109 36L108 36L108 37L106 37L106 40L108 40L108 38L109 38L109 41L108 41L108 42L109 42L109 41L110 41L110 40L111 40L111 39L110 39L110 37L111 37L111 35L110 35L110 33L111 33L111 32L112 32L112 31L111 31L111 30L110 30L110 31L109 31L109 33L107 33L107 34L106 34L106 33L105 33L105 34L103 34L103 33L104 33L104 32L105 32L105 31L106 31L106 32L107 32L107 30L106 30L106 29L105 29L105 31L104 31L104 32L103 32L103 33L102 33L102 32L101 32L101 33L102 33L102 34L100 34L100 33L98 33L98 34L97 34L97 36L96 36L96 37L94 37L94 36L95 36L95 35L96 35L96 34L94 34L94 33L93 33L93 34L92 34L92 33L90 33L90 32L89 32L89 33L88 33L88 34L87 34L87 33L86 33L86 34L85 34L85 35L84 35L84 34L82 34L82 35L81 35L81 33L84 33L84 32L83 32L83 31L82 31L82 30L81 30L81 32L80 32L80 30L79 30L79 29L78 29L78 28L77 28L77 29L76 29L76 31L75 31L75 32L74 32L74 33L72 33L72 34L74 34L74 33L75 33L75 34L77 34L77 33L76 33L76 32L79 32L79 33L78 33L78 34L80 34L80 35L81 35L81 37L80 37L80 36L79 36L79 39L80 39L80 40L81 40L81 39L83 39L83 40L82 40L82 41L83 41L83 40L86 40L86 39L87 39L87 40L90 40L90 41L86 41L86 43L85 43L85 42L83 42L83 43L82 43L82 42L81 42L81 41L80 41L80 43L79 43L79 41L78 41L78 40L77 40L77 41L76 41L76 44L77 44L77 45L76 45L76 48L77 48L77 47L78 47L78 46L77 46L77 45L78 45L78 44L77 44L77 42L78 42L78 43L79 43L79 44L81 44L81 45L79 45L79 46L80 46L80 47L82 47L82 48L81 48L81 49L80 49L80 48L79 48L79 49L76 49L76 50L75 50L75 51L74 51L74 52L73 52L73 51L72 51L72 52L71 52L71 51L70 51L70 50L69 50L69 49L68 49L68 50L67 50L67 49L66 49L66 48L65 48L65 47L64 47L64 48L62 48L62 47L63 47L63 46L66 46L66 47L67 47L67 46L69 46L69 47L68 47L68 48L70 48L70 49L71 49L71 50L72 50L72 49L73 49L73 50L74 50L74 49L75 49L75 46L74 46L74 45L75 45L75 42L73 42L73 44L72 44L72 43L70 43L70 42L69 42L69 41L70 41L70 40L71 40L71 39L73 39L73 38L74 38L74 37L76 37L76 38L75 38L75 39L74 39L74 40L72 40L72 41L75 41L75 40L76 40L76 39L77 39L77 38L78 38L78 37L76 37L76 36L75 36L75 35L74 35L74 36L73 36L73 35L72 35L72 36L71 36L71 34L70 34L70 35L69 35L69 33L68 33L68 32L67 32L67 33L66 33L66 31L65 31L65 33L64 33L64 36L65 36L65 37L64 37L64 38L63 38L63 36L62 36L62 35L61 35L61 34L62 34L62 33L61 33L61 34L60 34L60 35L57 35L57 33L56 33L56 30L54 30L54 29L53 29L53 28L54 28L54 27L55 27L55 29L56 29L56 27L57 27L57 28L58 28L58 27L57 27L57 26L56 26L56 25L55 25L55 26L53 26L53 28L52 28L52 27L51 27L51 28L50 28L50 30L51 30L51 28L52 28L52 29L53 29L53 30L52 30L52 31L50 31L50 32L49 32L49 33L47 33L47 32L48 32L48 31L49 31L49 29L48 29L48 28L49 28L49 27L50 27L50 26L51 26L51 25L50 25L50 24L49 24L49 26L48 26L48 27L47 27L47 28L46 28L46 27L45 27L45 28L44 28L44 27L43 27L43 26L42 26L42 25L41 25L41 26L40 26L40 27L39 27L39 28L38 28L38 29L37 29L37 27L36 27L36 28L35 28L35 29L33 29L33 31L35 31L35 29L36 29L36 30L39 30L39 31L40 31L40 30L41 30L41 31L43 31L43 33L44 33L44 34L47 34L47 35L46 35L46 36L44 36L44 35L43 35L43 34L42 34L42 33L41 33L41 32L40 32L40 33L38 33L38 31L36 31L36 32L35 32L35 33L38 33L38 34L39 34L39 35L38 35L38 36L37 36L37 34L36 34L36 35L35 35L35 36L34 36L34 33L33 33L33 34L32 34L32 35L30 35L30 36L29 36L29 35L28 35L28 38L26 38L26 37L27 37L27 35L25 35L25 33L26 33L26 31L27 31L27 32L28 32L28 30L27 30L27 28L26 28L26 26L27 26L27 23L30 23L30 22L31 22L31 21L32 21L32 20L31 20L31 21L30 21L30 20L29 20L29 19L28 19L28 18ZM33 18L33 19L34 19L34 18ZM112 18L112 19L113 19L113 18ZM140 18L140 19L141 19L141 20L139 20L139 21L142 21L142 22L144 22L144 21L146 21L146 20L150 20L150 19L147 19L147 18L146 18L146 19L145 19L145 18L144 18L144 19L143 19L143 20L142 20L142 19L141 19L141 18ZM20 19L20 20L21 20L21 19ZM57 19L57 20L58 20L58 19ZM105 19L105 20L106 20L106 19ZM165 19L165 20L167 20L167 19ZM6 20L6 21L7 21L7 20ZM11 20L11 21L13 21L13 20ZM17 20L17 21L18 21L18 20ZM25 20L25 21L27 21L27 22L24 22L24 24L26 24L26 23L27 23L27 22L28 22L28 21L29 21L29 20L28 20L28 21L27 21L27 20ZM34 20L34 21L33 21L33 22L35 22L35 20ZM43 20L43 21L42 21L42 22L43 22L43 23L44 23L44 24L45 24L45 23L47 23L47 22L44 22L44 20ZM97 20L97 21L96 21L96 22L97 22L97 21L98 21L98 20ZM130 20L130 23L131 23L131 24L132 24L132 23L133 23L133 24L134 24L134 23L133 23L133 21L132 21L132 22L131 22L131 20ZM72 21L72 24L71 24L71 25L70 25L70 24L68 24L68 25L69 25L69 26L68 26L68 28L69 28L69 26L70 26L70 27L71 27L71 28L72 28L72 27L73 27L73 28L74 28L74 27L75 27L75 26L76 26L76 25L77 25L77 24L76 24L76 25L74 25L74 26L73 26L73 25L72 25L72 24L74 24L74 22L73 22L73 21ZM78 21L78 22L80 22L80 23L81 23L81 24L83 24L83 23L82 23L82 22L81 22L81 21ZM108 21L108 22L109 22L109 21ZM147 21L147 22L149 22L149 21ZM150 21L150 22L151 22L151 23L152 23L152 21ZM168 21L168 22L169 22L169 23L170 23L170 21ZM49 22L49 23L50 23L50 22ZM160 22L160 23L159 23L159 24L160 24L160 23L161 23L161 22ZM162 22L162 23L163 23L163 25L164 25L164 26L165 26L165 24L166 24L166 23L165 23L165 24L164 24L164 23L163 23L163 22ZM0 23L0 25L1 25L1 26L0 26L0 27L2 27L2 25L3 25L3 24L2 24L2 23ZM10 23L10 24L9 24L9 25L8 25L8 26L7 26L7 27L8 27L8 28L9 28L9 29L10 29L10 28L11 28L11 27L12 27L12 25L11 25L11 23ZM31 23L31 24L32 24L32 23ZM173 23L173 24L174 24L174 26L175 26L175 27L176 27L176 28L177 28L177 26L176 26L176 25L175 25L175 23ZM1 24L1 25L2 25L2 24ZM29 24L29 25L28 25L28 26L29 26L29 28L31 28L31 27L32 27L32 28L33 28L33 27L32 27L32 26L30 26L30 24ZM52 24L52 25L53 25L53 24ZM65 24L65 25L63 25L63 26L62 26L62 29L63 29L63 28L64 28L64 27L65 27L65 25L66 25L66 24ZM144 24L144 25L142 25L142 28L144 28L144 26L145 26L145 27L146 27L146 26L145 26L145 24ZM9 25L9 26L8 26L8 27L9 27L9 28L10 28L10 26L11 26L11 25ZM17 25L17 26L18 26L18 27L19 27L19 28L22 28L22 27L20 27L20 26L19 26L19 25ZM71 25L71 26L72 26L72 25ZM109 25L109 26L108 26L108 27L110 27L110 25ZM34 26L34 27L35 27L35 26ZM41 26L41 27L40 27L40 28L39 28L39 29L40 29L40 28L41 28L41 30L43 30L43 27L42 27L42 26ZM98 26L98 27L97 27L97 28L96 28L96 29L92 29L92 27L91 27L91 28L90 28L90 29L91 29L91 31L92 31L92 32L93 32L93 31L94 31L94 32L95 32L95 33L96 33L96 32L95 32L95 31L96 31L96 30L97 30L97 29L98 29L98 28L99 28L99 29L100 29L100 28L102 28L102 29L101 29L101 30L100 30L100 31L103 31L103 30L104 30L104 29L103 29L103 28L102 28L102 27L101 27L101 26L100 26L100 27L99 27L99 26ZM111 26L111 27L112 27L112 26ZM119 27L119 28L121 28L121 27ZM132 27L132 28L133 28L133 27ZM139 27L139 28L140 28L140 27ZM1 28L1 29L2 29L2 28ZM5 29L5 32L8 32L8 29ZM29 29L29 32L32 32L32 29ZM45 29L45 31L44 31L44 32L45 32L45 31L46 31L46 32L47 32L47 31L48 31L48 30L46 30L46 29ZM57 29L57 32L60 32L60 29ZM77 29L77 30L78 30L78 31L79 31L79 30L78 30L78 29ZM85 29L85 32L88 32L88 29ZM102 29L102 30L103 30L103 29ZM113 29L113 32L116 32L116 29ZM141 29L141 32L144 32L144 29ZM169 29L169 32L172 32L172 29ZM173 29L173 31L174 31L174 32L176 32L176 31L175 31L175 30L174 30L174 29ZM0 30L0 33L1 33L1 30ZM6 30L6 31L7 31L7 30ZM25 30L25 31L26 31L26 30ZM30 30L30 31L31 31L31 30ZM58 30L58 31L59 31L59 30ZM86 30L86 31L87 31L87 30ZM89 30L89 31L90 31L90 30ZM98 30L98 32L99 32L99 30ZM114 30L114 31L115 31L115 30ZM118 30L118 31L119 31L119 32L120 32L120 31L119 31L119 30ZM136 30L136 31L137 31L137 30ZM142 30L142 31L143 31L143 30ZM153 30L153 31L154 31L154 30ZM170 30L170 31L171 31L171 30ZM10 31L10 32L11 32L11 31ZM52 31L52 32L51 32L51 34L50 34L50 33L49 33L49 34L48 34L48 35L47 35L47 36L48 36L48 37L47 37L47 38L46 38L46 37L45 37L45 39L46 39L46 40L47 40L47 39L48 39L48 38L49 38L49 37L50 37L50 35L51 35L51 36L52 36L52 37L53 37L53 38L55 38L55 36L56 36L56 34L55 34L55 32L54 32L54 31ZM130 31L130 32L131 32L131 34L132 34L132 33L133 33L133 31L132 31L132 32L131 32L131 31ZM52 32L52 34L51 34L51 35L52 35L52 34L54 34L54 35L53 35L53 36L54 36L54 35L55 35L55 34L54 34L54 33L53 33L53 32ZM117 32L117 34L118 34L118 35L119 35L119 37L120 37L120 35L121 35L121 36L122 36L122 35L124 35L124 34L123 34L123 33L122 33L122 34L121 34L121 33L120 33L120 34L119 34L119 33L118 33L118 32ZM126 32L126 35L127 35L127 36L128 36L128 37L129 37L129 36L130 36L130 37L131 37L131 38L132 38L132 37L133 37L133 38L134 38L134 37L135 37L135 35L137 35L137 34L136 34L136 33L135 33L135 32L134 32L134 34L135 34L135 35L134 35L134 36L133 36L133 35L132 35L132 36L131 36L131 35L130 35L130 33L128 33L128 32ZM137 32L137 33L139 33L139 32ZM29 33L29 34L30 34L30 33ZM58 33L58 34L59 34L59 33ZM89 33L89 34L90 34L90 33ZM115 33L115 34L116 34L116 33ZM159 33L159 34L158 34L158 35L160 35L160 36L159 36L159 37L160 37L160 36L162 36L162 35L160 35L160 33ZM171 33L171 34L172 34L172 33ZM14 34L14 35L15 35L15 34ZM21 34L21 36L22 36L22 34ZM49 34L49 35L48 35L48 36L49 36L49 35L50 35L50 34ZM65 34L65 36L66 36L66 37L65 37L65 38L66 38L66 39L67 39L67 38L66 38L66 37L67 37L67 35L66 35L66 34ZM99 34L99 35L100 35L100 34ZM127 34L127 35L128 35L128 36L129 36L129 35L128 35L128 34ZM163 34L163 35L164 35L164 34ZM8 35L8 36L9 36L9 35ZM32 35L32 36L33 36L33 37L32 37L32 39L31 39L31 38L29 38L29 39L31 39L31 40L28 40L28 39L27 39L27 40L28 40L28 41L29 41L29 43L30 43L30 45L27 45L27 46L28 46L28 47L29 47L29 48L28 48L28 49L29 49L29 48L31 48L31 49L30 49L30 51L31 51L31 49L33 49L33 48L34 48L34 49L35 49L35 50L37 50L37 51L35 51L35 52L33 52L33 51L34 51L34 50L32 50L32 52L33 52L33 53L32 53L32 54L31 54L31 55L32 55L32 54L33 54L33 53L36 53L36 52L37 52L37 54L38 54L38 55L36 55L36 56L35 56L35 54L34 54L34 55L33 55L33 56L35 56L35 57L36 57L36 58L37 58L37 57L36 57L36 56L38 56L38 55L39 55L39 58L38 58L38 59L37 59L37 61L36 61L36 62L34 62L34 61L33 61L33 62L34 62L34 63L36 63L36 64L37 64L37 63L40 63L40 64L38 64L38 65L35 65L35 66L34 66L34 67L36 67L36 70L37 70L37 68L38 68L38 67L39 67L39 68L41 68L41 71L39 71L39 70L38 70L38 71L37 71L37 73L36 73L36 71L35 71L35 72L34 72L34 70L35 70L35 69L34 69L34 70L33 70L33 69L32 69L32 70L33 70L33 72L32 72L32 73L34 73L34 74L37 74L37 73L38 73L38 72L42 72L42 74L43 74L43 73L44 73L44 74L45 74L45 75L43 75L43 76L42 76L42 75L41 75L41 74L40 74L40 75L39 75L39 74L38 74L38 75L35 75L35 76L33 76L33 74L31 74L31 75L32 75L32 77L31 77L31 76L30 76L30 75L29 75L29 74L27 74L27 76L30 76L30 77L27 77L27 78L26 78L26 76L23 76L23 75L24 75L24 74L23 74L23 75L22 75L22 76L21 76L21 75L20 75L20 76L19 76L19 77L20 77L20 76L21 76L21 77L22 77L22 78L23 78L23 77L24 77L24 78L26 78L26 79L24 79L24 80L23 80L23 81L21 81L21 82L22 82L22 83L23 83L23 84L22 84L22 85L24 85L24 86L23 86L23 87L24 87L24 86L25 86L25 87L26 87L26 88L27 88L27 86L26 86L26 85L24 85L24 84L27 84L27 83L24 83L24 81L25 81L25 82L29 82L29 81L28 81L28 79L31 79L31 78L32 78L32 77L33 77L33 79L34 79L34 80L33 80L33 81L32 81L32 82L34 82L34 81L35 81L35 80L36 80L36 79L34 79L34 78L38 78L38 79L39 79L39 81L40 81L40 82L43 82L43 83L42 83L42 84L41 84L41 83L40 83L40 84L41 84L41 86L40 86L40 87L39 87L39 86L37 86L37 87L39 87L39 88L38 88L38 89L39 89L39 90L40 90L40 91L39 91L39 92L40 92L40 93L41 93L41 91L42 91L42 92L43 92L43 91L42 91L42 90L40 90L40 88L45 88L45 87L46 87L46 88L48 88L48 89L47 89L47 90L49 90L49 85L50 85L50 84L51 84L51 82L52 82L52 81L51 81L51 82L50 82L50 83L49 83L49 82L47 82L47 83L46 83L46 82L45 82L45 83L44 83L44 81L43 81L43 80L42 80L42 79L41 79L41 78L40 78L40 79L39 79L39 78L38 78L38 76L39 76L39 77L40 77L40 76L41 76L41 77L42 77L42 78L43 78L43 79L44 79L44 80L45 80L45 81L50 81L50 80L53 80L53 81L54 81L54 83L55 83L55 84L56 84L56 85L54 85L54 87L55 87L55 86L56 86L56 88L55 88L55 89L54 89L54 90L56 90L56 89L57 89L57 91L56 91L56 92L54 92L54 91L53 91L53 89L52 89L52 88L53 88L53 86L52 86L52 87L51 87L51 86L50 86L50 87L51 87L51 90L50 90L50 91L49 91L49 92L48 92L48 91L47 91L47 93L50 93L50 92L53 92L53 94L55 94L55 95L56 95L56 96L57 96L57 95L58 95L58 96L59 96L59 95L60 95L60 97L61 97L61 96L62 96L62 95L63 95L63 94L64 94L64 93L66 93L66 94L65 94L65 95L66 95L66 97L69 97L69 98L70 98L70 99L71 99L71 98L73 98L73 99L72 99L72 100L71 100L71 101L72 101L72 100L75 100L75 99L74 99L74 98L76 98L76 97L77 97L77 99L78 99L78 101L79 101L79 100L80 100L80 101L81 101L81 104L80 104L80 105L81 105L81 106L82 106L82 107L84 107L84 108L83 108L83 109L82 109L82 110L81 110L81 111L82 111L82 112L83 112L83 111L84 111L84 110L85 110L85 109L84 109L84 108L85 108L85 107L86 107L86 108L87 108L87 107L89 107L89 106L90 106L90 105L88 105L88 106L85 106L85 105L86 105L86 104L85 104L85 105L82 105L82 102L83 102L83 103L86 103L86 102L83 102L83 101L82 101L82 99L84 99L84 101L86 101L86 99L87 99L87 100L88 100L88 99L89 99L89 100L91 100L91 101L88 101L88 102L87 102L87 104L88 104L88 103L89 103L89 104L91 104L91 105L92 105L92 106L95 106L95 107L96 107L96 108L94 108L94 107L93 107L93 108L92 108L92 107L90 107L90 108L91 108L91 109L92 109L92 110L93 110L93 109L94 109L94 110L95 110L95 112L94 112L94 111L93 111L93 112L94 112L94 113L96 113L96 112L97 112L97 111L98 111L98 110L101 110L101 111L102 111L102 112L103 112L103 113L104 113L104 114L105 114L105 113L106 113L106 114L107 114L107 113L108 113L108 112L110 112L110 111L109 111L109 107L110 107L110 106L113 106L113 105L114 105L114 104L115 104L115 103L116 103L116 104L117 104L117 105L118 105L118 104L119 104L119 103L117 103L117 102L116 102L116 100L118 100L118 101L119 101L119 102L120 102L120 101L121 101L121 100L123 100L123 101L122 101L122 102L121 102L121 103L120 103L120 105L119 105L119 106L120 106L120 105L122 105L122 104L124 104L124 103L125 103L125 102L124 102L124 101L125 101L125 100L123 100L123 99L121 99L121 98L122 98L122 97L123 97L123 96L124 96L124 95L127 95L127 94L128 94L128 92L126 92L126 91L125 91L125 92L126 92L126 94L125 94L125 93L124 93L124 94L123 94L123 95L122 95L122 96L121 96L121 93L122 93L122 92L124 92L124 91L122 91L122 92L121 92L121 91L120 91L120 92L119 92L119 91L117 91L117 90L118 90L118 88L119 88L119 87L120 87L120 86L119 86L119 87L118 87L118 86L117 86L117 84L113 84L113 82L114 82L114 83L115 83L115 81L114 81L114 80L113 80L113 79L112 79L112 80L110 80L110 81L109 81L109 79L108 79L108 78L107 78L107 77L108 77L108 76L106 76L106 74L105 74L105 73L104 73L104 74L105 74L105 76L104 76L104 75L103 75L103 71L102 71L102 72L101 72L101 71L100 71L100 70L101 70L101 69L100 69L100 66L101 66L101 67L102 67L102 69L103 69L103 66L102 66L102 65L101 65L101 64L100 64L100 65L99 65L99 64L97 64L97 63L98 63L98 62L99 62L99 63L100 63L100 62L101 62L101 63L102 63L102 64L103 64L103 65L104 65L104 66L105 66L105 65L106 65L106 66L108 66L108 65L107 65L107 64L106 64L106 61L108 61L108 60L109 60L109 58L110 58L110 59L111 59L111 60L110 60L110 61L109 61L109 62L108 62L108 63L110 63L110 62L111 62L111 63L113 63L113 62L112 62L112 61L114 61L114 63L115 63L115 62L116 62L116 63L117 63L117 62L120 62L120 61L119 61L119 60L118 60L118 58L117 58L117 56L118 56L118 57L119 57L119 58L120 58L120 57L121 57L121 58L122 58L122 56L124 56L124 57L123 57L123 58L124 58L124 59L125 59L125 58L124 58L124 57L125 57L125 56L126 56L126 55L127 55L127 54L128 54L128 55L130 55L130 50L128 50L128 47L129 47L129 48L130 48L130 49L131 49L131 47L129 47L129 46L128 46L128 44L126 44L126 47L127 47L127 49L126 49L126 48L125 48L125 49L124 49L124 50L123 50L123 51L122 51L122 52L121 52L121 51L116 51L116 52L114 52L114 51L113 51L113 50L112 50L112 49L114 49L114 50L115 50L115 49L116 49L116 50L117 50L117 48L118 48L118 49L123 49L123 47L125 47L125 46L123 46L123 45L124 45L124 43L125 43L125 41L124 41L124 42L123 42L123 44L122 44L122 46L121 46L121 47L120 47L120 48L119 48L119 47L118 47L118 46L117 46L117 48L116 48L116 47L115 47L115 48L114 48L114 47L113 47L113 48L112 48L112 47L111 47L111 48L110 48L110 49L109 49L109 50L108 50L108 51L107 51L107 52L109 52L109 51L110 51L110 50L112 50L112 51L111 51L111 52L110 52L110 53L109 53L109 54L107 54L107 56L106 56L106 57L108 57L108 56L109 56L109 55L110 55L110 54L111 54L111 53L114 53L114 54L115 54L115 55L114 55L114 56L113 56L113 55L111 55L111 56L110 56L110 57L109 57L109 58L108 58L108 59L107 59L107 60L106 60L106 58L105 58L105 57L104 57L104 56L103 56L103 55L102 55L102 56L103 56L103 57L102 57L102 60L103 60L103 59L104 59L104 61L103 61L103 62L102 62L102 61L101 61L101 60L100 60L100 61L99 61L99 60L98 60L98 61L97 61L97 59L100 59L100 57L101 57L101 55L100 55L100 53L102 53L102 52L101 52L101 51L100 51L100 50L99 50L99 52L97 52L97 51L98 51L98 49L97 49L97 48L98 48L98 47L97 47L97 46L98 46L98 45L97 45L97 46L96 46L96 49L97 49L97 50L96 50L96 51L95 51L95 52L94 52L94 53L96 53L96 52L97 52L97 54L96 54L96 55L95 55L95 54L94 54L94 55L92 55L92 56L91 56L91 54L93 54L93 53L90 53L90 56L91 56L91 57L93 57L93 59L92 59L92 58L90 58L90 57L89 57L89 55L88 55L88 56L87 56L87 55L86 55L86 56L85 56L85 54L86 54L86 53L87 53L87 54L88 54L88 53L89 53L89 52L88 52L88 49L89 49L89 47L90 47L90 49L92 49L92 50L91 50L91 51L90 51L90 52L91 52L91 51L92 51L92 52L93 52L93 51L94 51L94 49L95 49L95 48L94 48L94 47L91 47L91 45L92 45L92 46L93 46L93 45L94 45L94 46L95 46L95 45L96 45L96 44L98 44L98 42L99 42L99 49L100 49L100 48L101 48L101 47L100 47L100 46L101 46L101 45L100 45L100 42L101 42L101 40L100 40L100 41L99 41L99 40L98 40L98 41L97 41L97 42L96 42L96 43L95 43L95 42L94 42L94 43L93 43L93 44L92 44L92 43L91 43L91 41L92 41L92 42L93 42L93 40L92 40L92 38L93 38L93 39L95 39L95 40L94 40L94 41L96 41L96 40L97 40L97 38L96 38L96 39L95 39L95 38L94 38L94 37L93 37L93 36L94 36L94 35L92 35L92 36L91 36L91 35L90 35L90 36L91 36L91 37L92 37L92 38L90 38L90 37L89 37L89 35L88 35L88 36L87 36L87 35L85 35L85 36L84 36L84 35L83 35L83 36L84 36L84 37L82 37L82 38L85 38L85 36L86 36L86 38L88 38L88 39L90 39L90 40L91 40L91 41L90 41L90 43L88 43L88 44L87 44L87 43L86 43L86 44L83 44L83 46L86 46L86 45L87 45L87 46L88 46L88 45L89 45L89 44L91 44L91 45L90 45L90 46L89 46L89 47L88 47L88 48L87 48L87 47L86 47L86 48L83 48L83 50L84 50L84 49L85 49L85 50L86 50L86 49L87 49L87 51L86 51L86 52L83 52L83 53L82 53L82 52L80 52L80 53L79 53L79 51L80 51L80 50L79 50L79 51L78 51L78 50L77 50L77 51L76 51L76 52L75 52L75 53L72 53L72 55L71 55L71 53L70 53L70 52L67 52L67 51L66 51L66 50L65 50L65 51L64 51L64 52L63 52L63 53L61 53L61 52L62 52L62 51L63 51L63 50L64 50L64 49L65 49L65 48L64 48L64 49L62 49L62 50L58 50L58 49L59 49L59 48L56 48L56 51L55 51L55 48L53 48L53 47L55 47L55 46L54 46L54 45L55 45L55 44L54 44L54 43L51 43L51 42L50 42L50 40L53 40L53 41L54 41L54 42L55 42L55 41L56 41L56 43L57 43L57 44L56 44L56 45L57 45L57 44L58 44L58 45L59 45L59 46L56 46L56 47L60 47L60 46L61 46L61 47L62 47L62 46L63 46L63 45L65 45L65 43L66 43L66 45L67 45L67 44L68 44L68 45L69 45L69 46L71 46L71 48L72 48L72 47L73 47L73 48L74 48L74 47L73 47L73 45L74 45L74 44L73 44L73 45L69 45L69 44L70 44L70 43L68 43L68 42L65 42L65 43L64 43L64 44L63 44L63 45L62 45L62 42L64 42L64 41L69 41L69 40L65 40L65 39L64 39L64 40L63 40L63 41L62 41L62 39L61 39L61 38L62 38L62 37L61 37L61 36L60 36L60 37L61 37L61 38L59 38L59 39L61 39L61 40L58 40L58 38L57 38L57 37L56 37L56 39L55 39L55 40L54 40L54 39L51 39L51 38L50 38L50 39L49 39L49 40L48 40L48 41L47 41L47 42L46 42L46 43L47 43L47 42L48 42L48 43L49 43L49 42L50 42L50 43L51 43L51 44L53 44L53 46L52 46L52 47L51 47L51 46L50 46L50 44L47 44L47 45L48 45L48 47L46 47L46 46L44 46L44 44L45 44L45 45L46 45L46 44L45 44L45 43L44 43L44 42L43 42L43 41L41 41L41 42L40 42L40 43L39 43L39 42L38 42L38 39L39 39L39 41L40 41L40 40L41 40L41 39L42 39L42 40L44 40L44 39L42 39L42 38L44 38L44 37L43 37L43 36L42 36L42 35L39 35L39 36L41 36L41 37L42 37L42 38L40 38L40 39L39 39L39 38L37 38L37 39L36 39L36 36L35 36L35 38L33 38L33 37L34 37L34 36L33 36L33 35ZM77 35L77 36L78 36L78 35ZM144 35L144 36L145 36L145 35ZM10 36L10 37L11 37L11 36ZM30 36L30 37L31 37L31 36ZM58 36L58 37L59 37L59 36ZM68 36L68 37L69 37L69 38L70 38L70 39L71 39L71 37L70 37L70 36ZM163 36L163 37L162 37L162 38L163 38L163 39L164 39L164 40L165 40L165 43L166 43L166 44L167 44L167 42L166 42L166 40L165 40L165 38L164 38L164 36ZM72 37L72 38L73 38L73 37ZM88 37L88 38L89 38L89 37ZM116 37L116 38L117 38L117 37ZM166 38L166 39L167 39L167 38ZM17 39L17 40L18 40L18 39ZM21 39L21 40L23 40L23 39ZM56 39L56 41L57 41L57 43L58 43L58 44L59 44L59 45L60 45L60 44L61 44L61 42L62 42L62 41L61 41L61 42L60 42L60 43L59 43L59 42L58 42L58 41L57 41L57 39ZM144 39L144 40L143 40L143 41L141 41L141 40L140 40L140 42L139 42L139 41L138 41L138 40L137 40L137 42L135 42L135 43L137 43L137 44L138 44L138 45L139 45L139 44L140 44L140 46L142 46L142 47L143 47L143 45L142 45L142 44L143 44L143 43L142 43L142 44L141 44L141 43L140 43L140 42L144 42L144 41L146 41L146 40L145 40L145 39ZM156 39L156 40L157 40L157 39ZM172 39L172 40L173 40L173 39ZM31 40L31 41L30 41L30 42L31 42L31 43L33 43L33 42L34 42L34 43L35 43L35 41L37 41L37 40ZM120 40L120 41L121 41L121 40ZM160 40L160 43L161 43L161 40ZM18 41L18 42L19 42L19 41ZM31 41L31 42L33 42L33 41ZM102 41L102 44L103 44L103 45L102 45L102 48L103 48L103 49L104 49L104 50L105 50L105 49L104 49L104 46L105 46L105 45L106 45L106 46L107 46L107 44L106 44L106 43L105 43L105 45L104 45L104 44L103 44L103 41ZM36 42L36 43L38 43L38 45L37 45L37 44L36 44L36 46L37 46L37 47L38 47L38 46L39 46L39 47L42 47L42 48L43 48L43 49L44 49L44 50L45 50L45 48L46 48L46 47L45 47L45 48L44 48L44 47L43 47L43 46L42 46L42 45L41 45L41 44L40 44L40 46L39 46L39 43L38 43L38 42ZM41 42L41 43L42 43L42 44L43 44L43 42ZM137 42L137 43L138 43L138 44L139 44L139 43L138 43L138 42ZM162 42L162 43L163 43L163 42ZM171 42L171 43L170 43L170 44L171 44L171 43L173 43L173 42ZM94 43L94 44L95 44L95 43ZM2 44L2 45L1 45L1 47L2 47L2 45L3 45L3 44ZM23 44L23 46L24 46L24 44ZM32 44L32 45L31 45L31 46L29 46L29 47L31 47L31 46L32 46L32 45L33 45L33 44ZM34 44L34 45L35 45L35 44ZM147 44L147 45L148 45L148 44ZM156 44L156 45L155 45L155 46L154 46L154 45L153 45L153 47L152 47L152 46L151 46L151 47L150 47L150 50L151 50L151 51L152 51L152 52L153 52L153 53L155 53L155 52L156 52L156 51L155 51L155 50L154 50L154 49L153 49L153 50L152 50L152 48L153 48L153 47L154 47L154 48L155 48L155 46L156 46L156 47L157 47L157 46L158 46L158 44ZM81 45L81 46L82 46L82 45ZM114 45L114 46L115 46L115 45ZM165 45L165 46L166 46L166 45ZM33 46L33 47L32 47L32 48L33 48L33 47L34 47L34 46ZM127 46L127 47L128 47L128 46ZM133 46L133 47L132 47L132 48L133 48L133 49L134 49L134 48L135 48L135 47L134 47L134 46ZM136 46L136 47L137 47L137 49L136 49L136 50L135 50L135 51L134 51L134 52L133 52L133 50L132 50L132 52L131 52L131 53L132 53L132 54L133 54L133 55L134 55L134 56L135 56L135 55L137 55L137 53L139 53L139 52L140 52L140 50L139 50L139 48L138 48L138 47L139 47L139 46ZM48 47L48 48L47 48L47 49L46 49L46 50L47 50L47 49L48 49L48 48L49 48L49 50L48 50L48 51L47 51L47 52L46 52L46 51L45 51L45 52L44 52L44 51L43 51L43 50L42 50L42 49L41 49L41 48L38 48L38 49L37 49L37 50L39 50L39 49L41 49L41 50L40 50L40 51L38 51L38 52L40 52L40 53L38 53L38 54L39 54L39 55L40 55L40 54L42 54L42 55L41 55L41 56L40 56L40 58L39 58L39 60L38 60L38 61L37 61L37 62L36 62L36 63L37 63L37 62L39 62L39 61L41 61L41 60L40 60L40 59L43 59L43 60L44 60L44 61L42 61L42 62L40 62L40 63L42 63L42 64L40 64L40 65L41 65L41 67L42 67L42 68L43 68L43 69L44 69L44 70L47 70L47 67L48 67L48 68L50 68L50 69L49 69L49 70L48 70L48 71L46 71L46 72L44 72L44 71L43 71L43 70L42 70L42 71L43 71L43 72L44 72L44 73L46 73L46 74L47 74L47 73L48 73L48 72L49 72L49 71L50 71L50 70L52 70L52 71L54 71L54 70L53 70L53 68L52 68L52 67L54 67L54 68L55 68L55 70L57 70L57 71L56 71L56 73L55 73L55 74L57 74L57 75L55 75L55 76L56 76L56 77L57 77L57 76L58 76L58 77L59 77L59 79L58 79L58 78L57 78L57 79L56 79L56 78L54 78L54 77L53 77L53 76L52 76L52 77L51 77L51 75L52 75L52 74L53 74L53 75L54 75L54 74L53 74L53 73L54 73L54 72L50 72L50 73L49 73L49 74L48 74L48 75L47 75L47 76L46 76L46 75L45 75L45 76L43 76L43 77L44 77L44 78L45 78L45 79L46 79L46 80L47 80L47 79L46 79L46 78L49 78L49 79L48 79L48 80L49 80L49 79L50 79L50 78L51 78L51 79L54 79L54 80L55 80L55 81L56 81L56 80L58 80L58 81L59 81L59 82L60 82L60 81L61 81L61 82L62 82L62 81L63 81L63 80L64 80L64 79L65 79L65 81L64 81L64 82L63 82L63 83L62 83L62 84L61 84L61 83L60 83L60 84L61 84L61 86L62 86L62 85L63 85L63 84L64 84L64 83L65 83L65 84L66 84L66 82L69 82L69 84L70 84L70 85L73 85L73 84L74 84L74 85L75 85L75 84L76 84L76 83L77 83L77 85L76 85L76 86L74 86L74 87L73 87L73 88L72 88L72 86L71 86L71 87L70 87L70 86L68 86L68 84L67 84L67 86L68 86L68 87L69 87L69 88L70 88L70 89L68 89L68 88L66 88L66 89L63 89L63 88L65 88L65 86L66 86L66 85L64 85L64 87L62 87L62 89L58 89L58 90L59 90L59 91L57 91L57 92L56 92L56 93L57 93L57 92L60 92L60 93L58 93L58 94L62 94L62 93L64 93L64 92L66 92L66 91L68 91L68 92L69 92L69 90L70 90L70 93L71 93L71 94L70 94L70 97L73 97L73 95L74 95L74 97L76 97L76 96L79 96L79 97L78 97L78 98L79 98L79 97L80 97L80 99L82 99L82 98L81 98L81 97L82 97L82 96L83 96L83 98L84 98L84 95L82 95L82 94L81 94L81 93L80 93L80 95L79 95L79 93L78 93L78 92L77 92L77 93L75 93L75 92L76 92L76 91L74 91L74 92L73 92L73 91L72 91L72 92L71 92L71 90L72 90L72 89L73 89L73 90L74 90L74 89L75 89L75 88L76 88L76 87L77 87L77 89L76 89L76 90L78 90L78 91L80 91L80 92L82 92L82 93L85 93L85 94L86 94L86 93L87 93L87 94L89 94L89 93L90 93L90 94L91 94L91 96L90 96L90 95L86 95L86 96L85 96L85 98L86 98L86 97L87 97L87 99L88 99L88 98L89 98L89 96L90 96L90 97L91 97L91 96L92 96L92 97L93 97L93 98L92 98L92 99L91 99L91 98L90 98L90 99L91 99L91 100L93 100L93 98L94 98L94 100L95 100L95 101L96 101L96 102L94 102L94 101L93 101L93 102L92 102L92 101L91 101L91 102L92 102L92 104L95 104L95 103L96 103L96 102L97 102L97 103L98 103L98 104L97 104L97 105L95 105L95 106L97 106L97 105L98 105L98 107L97 107L97 109L96 109L96 110L97 110L97 109L98 109L98 108L100 108L100 109L103 109L103 111L104 111L104 112L105 112L105 111L106 111L106 112L107 112L107 110L108 110L108 109L105 109L105 110L104 110L104 109L103 109L103 108L101 108L101 107L104 107L104 108L108 108L108 107L107 107L107 106L108 106L108 105L106 105L106 106L104 106L104 105L105 105L105 104L107 104L107 103L108 103L108 102L109 102L109 105L110 105L110 104L112 104L112 103L111 103L111 101L110 101L110 100L111 100L111 97L109 97L109 96L114 96L114 95L115 95L115 98L116 98L116 99L115 99L115 100L114 100L114 99L113 99L113 98L114 98L114 97L113 97L113 98L112 98L112 99L113 99L113 100L112 100L112 101L114 101L114 102L115 102L115 100L116 100L116 99L117 99L117 98L116 98L116 97L118 97L118 99L119 99L119 100L120 100L120 98L121 98L121 96L119 96L119 97L118 97L118 96L116 96L116 95L115 95L115 94L114 94L114 93L116 93L116 94L117 94L117 95L118 95L118 94L119 94L119 95L120 95L120 94L119 94L119 92L116 92L116 91L115 91L115 92L114 92L114 91L113 91L113 89L111 89L111 90L110 90L110 91L109 91L109 93L110 93L110 92L111 92L111 91L112 91L112 92L114 92L114 93L113 93L113 94L110 94L110 95L107 95L107 94L108 94L108 93L106 93L106 92L107 92L107 91L108 91L108 90L109 90L109 89L110 89L110 88L111 88L111 85L109 85L109 84L111 84L111 82L110 82L110 83L109 83L109 84L108 84L108 85L107 85L107 87L106 87L106 88L107 88L107 87L108 87L108 86L109 86L109 87L110 87L110 88L108 88L108 89L107 89L107 90L106 90L106 89L105 89L105 90L104 90L104 89L103 89L103 88L102 88L102 87L104 87L104 88L105 88L105 86L106 86L106 85L105 85L105 84L107 84L107 83L108 83L108 82L109 82L109 81L108 81L108 79L107 79L107 78L106 78L106 77L105 77L105 78L104 78L104 77L103 77L103 76L102 76L102 75L101 75L101 74L102 74L102 73L100 73L100 75L99 75L99 74L98 74L98 75L95 75L95 74L94 74L94 73L93 73L93 70L94 70L94 72L95 72L95 71L96 71L96 72L97 72L97 73L96 73L96 74L97 74L97 73L98 73L98 72L99 72L99 69L98 69L98 68L99 68L99 65L96 65L96 62L97 62L97 61L96 61L96 58L97 58L97 56L96 56L96 57L95 57L95 55L94 55L94 57L95 57L95 59L94 59L94 60L95 60L95 62L94 62L94 61L93 61L93 60L92 60L92 59L91 59L91 60L90 60L90 59L89 59L89 61L90 61L90 62L91 62L91 63L92 63L92 64L93 64L93 63L94 63L94 64L95 64L95 65L96 65L96 66L94 66L94 65L93 65L93 66L92 66L92 65L91 65L91 64L89 64L89 62L88 62L88 63L86 63L86 62L87 62L87 61L86 61L86 62L85 62L85 61L84 61L84 57L83 57L83 55L84 55L84 54L83 54L83 55L82 55L82 54L81 54L81 53L80 53L80 54L79 54L79 53L78 53L78 52L77 52L77 53L76 53L76 54L78 54L78 55L81 55L81 56L82 56L82 58L83 58L83 60L82 60L82 62L83 62L83 64L82 64L82 65L84 65L84 63L85 63L85 65L86 65L86 64L87 64L87 65L88 65L88 64L89 64L89 65L91 65L91 66L90 66L90 67L89 67L89 66L88 66L88 67L89 67L89 68L87 68L87 66L86 66L86 67L85 67L85 66L84 66L84 67L82 67L82 66L81 66L81 64L80 64L80 62L81 62L81 61L80 61L80 60L79 60L79 59L78 59L78 58L79 58L79 57L80 57L80 56L79 56L79 57L78 57L78 56L76 56L76 55L75 55L75 54L73 54L73 55L72 55L72 56L71 56L71 55L70 55L70 54L69 54L69 53L64 53L64 54L62 54L62 57L61 57L61 58L62 58L62 60L61 60L61 62L62 62L62 61L63 61L63 62L64 62L64 63L62 63L62 64L64 64L64 63L65 63L65 64L67 64L67 65L66 65L66 66L68 66L68 67L69 67L69 68L71 68L71 69L70 69L70 70L69 70L69 69L68 69L68 68L67 68L67 67L66 67L66 68L65 68L65 66L64 66L64 65L62 65L62 66L61 66L61 67L60 67L60 65L61 65L61 63L60 63L60 64L58 64L58 63L59 63L59 62L60 62L60 61L59 61L59 62L57 62L57 61L56 61L56 62L57 62L57 64L56 64L56 63L55 63L55 62L54 62L54 63L55 63L55 64L52 64L52 65L53 65L53 66L51 66L51 65L50 65L50 64L49 64L49 63L50 63L50 62L51 62L51 63L52 63L52 62L53 62L53 60L54 60L54 59L56 59L56 57L55 57L55 58L53 58L53 55L54 55L54 56L55 56L55 55L56 55L56 56L57 56L57 55L59 55L59 56L61 56L61 54L60 54L60 55L59 55L59 54L58 54L58 53L57 53L57 51L58 51L58 52L59 52L59 53L60 53L60 52L61 52L61 51L58 51L58 50L57 50L57 51L56 51L56 53L55 53L55 51L54 51L54 49L53 49L53 48L52 48L52 49L50 49L50 48L51 48L51 47L50 47L50 48L49 48L49 47ZM121 47L121 48L122 48L122 47ZM165 47L165 49L166 49L166 47ZM15 48L15 49L16 49L16 50L17 50L17 49L16 49L16 48ZM35 48L35 49L36 49L36 48ZM60 48L60 49L61 49L61 48ZM92 48L92 49L94 49L94 48ZM111 48L111 49L112 49L112 48ZM81 49L81 50L82 50L82 49ZM137 49L137 50L138 50L138 49ZM0 50L0 51L1 51L1 52L2 52L2 51L1 51L1 50ZM4 50L4 51L5 51L5 50ZM27 50L27 51L28 51L28 52L29 52L29 51L28 51L28 50ZM50 50L50 51L49 51L49 52L48 52L48 55L49 55L49 56L48 56L48 57L47 57L47 56L46 56L46 55L47 55L47 54L46 54L46 53L45 53L45 54L44 54L44 53L43 53L43 52L42 52L42 51L40 51L40 52L41 52L41 53L42 53L42 54L43 54L43 55L42 55L42 57L41 57L41 58L44 58L44 57L43 57L43 55L44 55L44 56L45 56L45 57L47 57L47 58L45 58L45 59L44 59L44 60L45 60L45 59L46 59L46 60L47 60L47 62L46 62L46 61L45 61L45 63L43 63L43 64L42 64L42 66L43 66L43 67L44 67L44 68L45 68L45 69L46 69L46 67L47 67L47 66L46 66L46 65L45 65L45 66L44 66L44 65L43 65L43 64L45 64L45 63L46 63L46 64L47 64L47 63L48 63L48 62L50 62L50 61L51 61L51 60L52 60L52 59L51 59L51 58L52 58L52 57L51 57L51 58L49 58L49 57L50 57L50 56L52 56L52 55L51 55L51 54L50 54L50 55L49 55L49 53L50 53L50 52L51 52L51 53L52 53L52 52L53 52L53 50L52 50L52 51L51 51L51 50ZM68 50L68 51L69 51L69 50ZM92 50L92 51L93 51L93 50ZM125 50L125 51L124 51L124 52L123 52L123 53L122 53L122 55L121 55L121 56L122 56L122 55L124 55L124 56L125 56L125 55L126 55L126 54L125 54L125 52L126 52L126 53L127 53L127 52L128 52L128 53L129 53L129 51L126 51L126 50ZM146 50L146 51L147 51L147 50ZM153 50L153 51L154 51L154 52L155 52L155 51L154 51L154 50ZM136 51L136 52L137 52L137 51ZM138 51L138 52L139 52L139 51ZM6 52L6 53L7 53L7 52ZM8 52L8 53L9 53L9 52ZM30 52L30 53L31 53L31 52ZM117 52L117 53L118 53L118 52ZM119 52L119 54L118 54L118 55L119 55L119 56L120 56L120 54L121 54L121 52ZM160 52L160 53L161 53L161 52ZM0 53L0 54L1 54L1 55L2 55L2 54L3 54L3 53ZM20 53L20 54L21 54L21 53ZM54 53L54 54L55 54L55 53ZM56 53L56 55L57 55L57 53ZM98 53L98 56L99 56L99 53ZM115 53L115 54L116 54L116 56L117 56L117 54L116 54L116 53ZM123 53L123 54L124 54L124 53ZM134 53L134 55L135 55L135 54L136 54L136 53ZM167 53L167 54L168 54L168 53ZM170 53L170 54L171 54L171 53ZM45 54L45 55L46 55L46 54ZM65 54L65 56L66 56L66 57L67 57L67 56L68 56L68 57L69 57L69 55L68 55L68 54ZM138 54L138 55L139 55L139 54ZM151 54L151 55L148 55L148 56L147 56L147 57L148 57L148 56L149 56L149 57L150 57L150 58L152 58L152 56L153 56L153 55L152 55L152 54ZM160 54L160 55L161 55L161 56L158 56L158 58L156 58L156 59L155 59L155 60L157 60L157 59L158 59L158 60L159 60L159 59L160 59L160 58L161 58L161 56L162 56L162 55L163 55L163 54ZM74 55L74 56L73 56L73 57L70 57L70 58L71 58L71 59L72 59L72 60L71 60L71 61L69 61L69 60L70 60L70 59L69 59L69 60L68 60L68 58L67 58L67 59L66 59L66 58L65 58L65 60L64 60L64 61L65 61L65 62L66 62L66 63L67 63L67 64L68 64L68 65L69 65L69 66L70 66L70 67L71 67L71 68L72 68L72 69L71 69L71 71L72 71L72 72L73 72L73 68L72 68L72 67L71 67L71 65L70 65L70 64L69 64L69 63L68 63L68 61L69 61L69 62L71 62L71 64L72 64L72 63L73 63L73 64L74 64L74 63L75 63L75 62L76 62L76 61L77 61L77 60L76 60L76 59L77 59L77 58L78 58L78 57L77 57L77 58L73 58L73 57L74 57L74 56L75 56L75 57L76 57L76 56L75 56L75 55ZM63 56L63 57L62 57L62 58L63 58L63 59L64 59L64 58L63 58L63 57L64 57L64 56ZM5 57L5 60L8 60L8 57ZM29 57L29 60L32 60L32 57ZM57 57L57 60L60 60L60 57ZM85 57L85 60L88 60L88 57ZM98 57L98 58L99 58L99 57ZM110 57L110 58L111 58L111 59L112 59L112 57ZM113 57L113 60L116 60L116 57ZM141 57L141 60L144 60L144 57ZM169 57L169 60L172 60L172 57ZM6 58L6 59L7 59L7 58ZM21 58L21 59L22 59L22 60L23 60L23 59L22 59L22 58ZM24 58L24 59L26 59L26 58ZM30 58L30 59L31 59L31 58ZM47 58L47 60L49 60L49 61L50 61L50 59L48 59L48 58ZM58 58L58 59L59 59L59 58ZM80 58L80 59L81 59L81 58ZM86 58L86 59L87 59L87 58ZM104 58L104 59L105 59L105 58ZM114 58L114 59L115 59L115 58ZM135 58L135 59L137 59L137 60L138 60L138 59L137 59L137 58ZM142 58L142 59L143 59L143 58ZM158 58L158 59L159 59L159 58ZM170 58L170 59L171 59L171 58ZM73 59L73 62L74 62L74 61L76 61L76 60L74 60L74 59ZM120 59L120 60L121 60L121 62L122 62L122 61L123 61L123 59L122 59L122 60L121 60L121 59ZM65 60L65 61L66 61L66 62L67 62L67 61L68 61L68 60L67 60L67 61L66 61L66 60ZM78 60L78 61L79 61L79 60ZM111 60L111 61L112 61L112 60ZM148 60L148 62L147 62L147 61L146 61L146 62L147 62L147 63L146 63L146 64L145 64L145 62L144 62L144 63L141 63L141 62L143 62L143 61L141 61L141 62L140 62L140 63L136 63L136 64L135 64L135 65L134 65L134 67L135 67L135 66L136 66L136 65L137 65L137 64L139 64L139 65L142 65L142 66L144 66L144 64L145 64L145 66L147 66L147 68L148 68L148 69L146 69L146 67L144 67L144 68L145 68L145 69L143 69L143 68L142 68L142 67L141 67L141 66L139 66L139 67L138 67L138 66L137 66L137 67L136 67L136 68L138 68L138 69L139 69L139 71L138 71L138 70L137 70L137 71L138 71L138 72L139 72L139 71L140 71L140 72L141 72L141 74L143 74L143 73L144 73L144 72L145 72L145 71L146 71L146 70L147 70L147 71L148 71L148 70L149 70L149 71L150 71L150 72L152 72L152 74L153 74L153 72L154 72L154 71L153 71L153 72L152 72L152 71L151 71L151 70L152 70L152 69L153 69L153 70L155 70L155 69L156 69L156 68L157 68L157 69L158 69L158 70L157 70L157 71L155 71L155 72L157 72L157 71L158 71L158 70L159 70L159 71L160 71L160 70L161 70L161 68L162 68L162 67L163 67L163 68L164 68L164 67L163 67L163 66L161 66L161 68L160 68L160 67L157 67L157 66L159 66L159 64L158 64L158 65L157 65L157 66L156 66L156 67L155 67L155 68L154 68L154 67L153 67L153 68L152 68L152 67L151 67L151 66L148 66L148 65L150 65L150 63L151 63L151 65L152 65L152 66L155 66L155 65L156 65L156 64L157 64L157 63L156 63L156 64L155 64L155 63L154 63L154 62L153 62L153 63L154 63L154 64L155 64L155 65L153 65L153 64L152 64L152 63L151 63L151 62L150 62L150 61L149 61L149 60ZM19 61L19 62L20 62L20 61ZM28 61L28 62L29 62L29 61ZM30 61L30 62L31 62L31 61ZM71 61L71 62L72 62L72 61ZM91 61L91 62L93 62L93 61ZM16 62L16 63L17 63L17 64L18 64L18 65L19 65L19 64L18 64L18 62ZM78 62L78 65L79 65L79 62ZM103 62L103 63L104 63L104 64L105 64L105 62ZM131 62L131 63L132 63L132 62ZM149 62L149 63L147 63L147 64L149 64L149 63L150 63L150 62ZM173 62L173 63L172 63L172 64L171 64L171 65L172 65L172 64L173 64L173 63L174 63L174 62ZM76 63L76 64L75 64L75 65L74 65L74 66L76 66L76 65L77 65L77 63ZM14 64L14 65L15 65L15 64ZM32 64L32 65L33 65L33 64ZM48 64L48 65L49 65L49 64ZM55 64L55 65L54 65L54 66L56 66L56 67L57 67L57 66L58 66L58 67L59 67L59 65L58 65L58 64L57 64L57 65L56 65L56 64ZM160 64L160 65L161 65L161 64ZM24 65L24 66L23 66L23 67L24 67L24 68L23 68L23 69L24 69L24 68L25 68L25 67L24 67L24 66L25 66L25 65ZM38 65L38 66L36 66L36 67L38 67L38 66L39 66L39 67L40 67L40 66L39 66L39 65ZM72 65L72 66L73 66L73 65ZM6 66L6 67L7 67L7 66ZM45 66L45 67L46 67L46 66ZM48 66L48 67L50 67L50 66ZM62 66L62 67L61 67L61 68L59 68L59 69L58 69L58 68L56 68L56 69L57 69L57 70L58 70L58 71L59 71L59 72L60 72L60 71L61 71L61 72L62 72L62 71L63 71L63 69L65 69L65 68L63 68L63 69L62 69L62 70L60 70L60 69L61 69L61 68L62 68L62 67L63 67L63 66ZM77 66L77 68L76 68L76 67L75 67L75 69L74 69L74 70L75 70L75 72L76 72L76 73L74 73L74 74L73 74L73 73L70 73L70 72L68 72L68 71L66 71L66 70L65 70L65 72L63 72L63 73L62 73L62 74L61 74L61 73L60 73L60 76L62 76L62 75L63 75L63 76L64 76L64 77L62 77L62 78L64 78L64 77L65 77L65 78L66 78L66 79L67 79L67 80L66 80L66 81L67 81L67 80L68 80L68 81L69 81L69 80L72 80L72 79L73 79L73 80L74 80L74 79L75 79L75 80L78 80L78 81L79 81L79 82L78 82L78 85L79 85L79 86L78 86L78 89L79 89L79 88L80 88L80 89L81 89L81 90L80 90L80 91L81 91L81 90L82 90L82 91L85 91L85 90L83 90L83 89L82 89L82 88L81 88L81 87L80 87L80 85L79 85L79 84L80 84L80 83L79 83L79 82L80 82L80 81L79 81L79 80L80 80L80 78L79 78L79 79L78 79L78 78L77 78L77 79L75 79L75 78L76 78L76 77L77 77L77 76L78 76L78 77L79 77L79 76L80 76L80 77L81 77L81 78L82 78L82 79L84 79L84 78L85 78L85 79L86 79L86 78L87 78L87 80L86 80L86 81L85 81L85 80L84 80L84 81L81 81L81 82L85 82L85 83L83 83L83 85L81 85L81 86L84 86L84 87L83 87L83 88L84 88L84 89L86 89L86 90L87 90L87 92L88 92L88 91L90 91L90 92L91 92L91 93L92 93L92 94L93 94L93 95L92 95L92 96L93 96L93 95L95 95L95 93L96 93L96 92L98 92L98 93L97 93L97 94L96 94L96 96L94 96L94 97L97 97L97 98L95 98L95 99L96 99L96 101L100 101L100 102L98 102L98 103L100 103L100 102L101 102L101 103L102 103L102 104L100 104L100 105L99 105L99 104L98 104L98 105L99 105L99 107L100 107L100 106L101 106L101 105L102 105L102 106L103 106L103 105L102 105L102 104L103 104L103 102L102 102L102 101L100 101L100 100L101 100L101 99L99 99L99 100L97 100L97 99L98 99L98 98L105 98L105 97L107 97L107 96L105 96L105 95L106 95L106 94L105 94L105 93L104 93L104 94L102 94L102 93L101 93L101 92L100 92L100 93L99 93L99 92L98 92L98 89L99 89L99 91L100 91L100 90L101 90L101 91L102 91L102 92L104 92L104 91L103 91L103 90L102 90L102 89L101 89L101 88L100 88L100 89L99 89L99 88L97 88L97 87L98 87L98 86L99 86L99 87L100 87L100 86L102 86L102 85L101 85L101 84L103 84L103 83L104 83L104 84L105 84L105 83L104 83L104 82L103 82L103 81L107 81L107 82L108 82L108 81L107 81L107 80L105 80L105 79L104 79L104 80L103 80L103 78L102 78L102 77L101 77L101 76L100 76L100 77L99 77L99 76L98 76L98 77L97 77L97 76L96 76L96 77L95 77L95 76L94 76L94 75L93 75L93 76L92 76L92 74L93 74L93 73L92 73L92 74L90 74L90 73L89 73L89 72L88 72L88 73L87 73L87 72L86 72L86 70L89 70L89 71L90 71L90 72L92 72L92 71L91 71L91 70L90 70L90 69L87 69L87 68L86 68L86 69L85 69L85 68L84 68L84 69L81 69L81 68L80 68L80 69L81 69L81 70L82 70L82 71L84 71L84 72L83 72L83 73L82 73L82 72L80 72L80 73L81 73L81 74L82 74L82 75L84 75L84 76L83 76L83 77L82 77L82 76L81 76L81 75L80 75L80 74L79 74L79 75L78 75L78 74L77 74L77 75L76 75L76 76L75 76L75 77L74 77L74 78L73 78L73 77L72 77L72 76L74 76L74 75L75 75L75 74L76 74L76 73L77 73L77 72L79 72L79 71L78 71L78 70L77 70L77 72L76 72L76 70L75 70L75 69L77 69L77 68L78 68L78 69L79 69L79 67L78 67L78 66ZM96 66L96 67L94 67L94 68L93 68L93 69L92 69L92 70L93 70L93 69L94 69L94 70L95 70L95 69L96 69L96 68L97 68L97 66ZM10 67L10 68L11 68L11 67ZM32 67L32 68L33 68L33 67ZM90 67L90 68L91 68L91 67ZM105 67L105 68L106 68L106 67ZM139 67L139 69L140 69L140 70L141 70L141 71L142 71L142 72L144 72L144 71L143 71L143 70L142 70L142 69L141 69L141 68L140 68L140 67ZM148 67L148 68L150 68L150 70L151 70L151 67ZM27 68L27 69L28 69L28 68ZM66 68L66 69L67 69L67 68ZM153 68L153 69L154 69L154 68ZM158 68L158 69L160 69L160 68ZM14 69L14 71L15 71L15 69ZM21 69L21 70L22 70L22 69ZM6 70L6 71L7 71L7 70ZM96 70L96 71L97 71L97 70ZM125 70L125 71L124 71L124 72L126 72L126 73L127 73L127 71L126 71L126 70ZM30 71L30 72L29 72L29 73L30 73L30 72L31 72L31 71ZM129 71L129 73L130 73L130 71ZM133 71L133 72L134 72L134 71ZM14 72L14 73L13 73L13 74L14 74L14 73L15 73L15 72ZM18 72L18 73L17 73L17 75L19 75L19 74L18 74L18 73L19 73L19 72ZM65 72L65 73L63 73L63 74L66 74L66 75L67 75L67 76L70 76L70 77L66 77L66 76L65 76L65 75L64 75L64 76L65 76L65 77L66 77L66 78L68 78L68 79L69 79L69 78L70 78L70 79L71 79L71 78L72 78L72 77L71 77L71 76L72 76L72 75L73 75L73 74L71 74L71 75L70 75L70 74L69 74L69 73L68 73L68 72L67 72L67 73L66 73L66 72ZM85 72L85 73L86 73L86 74L85 74L85 77L86 77L86 76L87 76L87 77L88 77L88 76L89 76L89 77L90 77L90 78L88 78L88 79L89 79L89 80L87 80L87 81L90 81L90 82L91 82L91 84L95 84L95 83L96 83L96 82L97 82L97 85L95 85L95 86L97 86L97 85L98 85L98 84L99 84L99 85L100 85L100 84L101 84L101 82L102 82L102 81L103 81L103 80L102 80L102 79L101 79L101 78L100 78L100 79L99 79L99 78L98 78L98 79L97 79L97 80L96 80L96 81L95 81L95 79L96 79L96 78L97 78L97 77L96 77L96 78L94 78L94 77L93 77L93 78L92 78L92 77L91 77L91 76L89 76L89 74L88 74L88 75L86 75L86 74L87 74L87 73L86 73L86 72ZM57 73L57 74L58 74L58 75L59 75L59 73ZM67 73L67 74L68 74L68 75L69 75L69 74L68 74L68 73ZM83 73L83 74L84 74L84 73ZM118 73L118 74L119 74L119 73ZM154 73L154 74L155 74L155 73ZM25 74L25 75L26 75L26 74ZM50 74L50 75L51 75L51 74ZM114 74L114 75L115 75L115 74ZM150 74L150 75L151 75L151 74ZM166 74L166 75L167 75L167 74ZM5 75L5 76L7 76L7 77L6 77L6 78L7 78L7 77L9 77L9 76L8 76L8 75ZM125 75L125 76L126 76L126 77L127 77L127 76L126 76L126 75ZM170 75L170 78L169 78L169 79L168 79L168 80L169 80L169 79L170 79L170 78L171 78L171 75ZM175 75L175 77L176 77L176 75ZM10 76L10 78L12 78L12 79L13 79L13 77L11 77L11 76ZM22 76L22 77L23 77L23 76ZM35 76L35 77L36 77L36 76ZM48 76L48 77L49 77L49 76ZM128 76L128 78L129 78L129 80L130 80L130 81L131 81L131 83L129 83L129 84L133 84L133 85L134 85L134 86L135 86L135 85L134 85L134 84L136 84L136 83L137 83L137 82L138 82L138 83L139 83L139 81L138 81L138 80L137 80L137 82L136 82L136 81L135 81L135 82L136 82L136 83L134 83L134 81L133 81L133 79L132 79L132 81L131 81L131 79L130 79L130 78L129 78L129 76ZM30 77L30 78L31 78L31 77ZM45 77L45 78L46 78L46 77ZM60 77L60 80L59 80L59 81L60 81L60 80L61 80L61 77ZM70 77L70 78L71 78L71 77ZM140 77L140 78L141 78L141 79L142 79L142 78L141 78L141 77ZM27 78L27 79L28 79L28 78ZM149 78L149 79L151 79L151 78ZM19 79L19 80L20 80L20 79ZM90 79L90 80L91 80L91 81L92 81L92 82L93 82L93 83L95 83L95 81L94 81L94 79L93 79L93 80L92 80L92 79ZM120 79L120 80L121 80L121 79ZM134 79L134 80L135 80L135 79ZM16 80L16 81L17 81L17 80ZM25 80L25 81L27 81L27 80ZM40 80L40 81L41 81L41 80ZM97 80L97 81L98 81L98 83L100 83L100 82L99 82L99 81L100 81L100 80ZM101 80L101 81L102 81L102 80ZM5 81L5 82L6 82L6 83L7 83L7 82L6 82L6 81ZM70 81L70 82L71 82L71 83L70 83L70 84L71 84L71 83L72 83L72 84L73 84L73 81L72 81L72 82L71 82L71 81ZM76 81L76 82L77 82L77 81ZM112 81L112 82L113 82L113 81ZM119 81L119 82L120 82L120 81ZM55 82L55 83L56 83L56 84L59 84L59 83L58 83L58 82ZM74 82L74 84L75 84L75 82ZM86 82L86 83L85 83L85 84L89 84L89 87L91 87L91 86L92 86L92 85L90 85L90 83L89 83L89 82L88 82L88 83L87 83L87 82ZM132 82L132 83L133 83L133 82ZM20 83L20 84L21 84L21 83ZM43 83L43 84L44 84L44 87L45 87L45 84L46 84L46 83L45 83L45 84L44 84L44 83ZM48 83L48 84L47 84L47 85L46 85L46 86L47 86L47 87L48 87L48 86L47 86L47 85L48 85L48 84L49 84L49 83ZM52 83L52 84L53 84L53 83ZM153 83L153 84L154 84L154 86L155 86L155 85L156 85L156 84L155 84L155 83ZM148 84L148 85L149 85L149 87L150 87L150 88L152 88L152 87L151 87L151 86L150 86L150 85L149 85L149 84ZM5 85L5 88L8 88L8 85ZM12 85L12 86L13 86L13 85ZM29 85L29 88L32 88L32 85ZM34 85L34 86L35 86L35 85ZM57 85L57 88L60 88L60 85ZM85 85L85 88L88 88L88 85ZM93 85L93 86L94 86L94 85ZM103 85L103 86L105 86L105 85ZM113 85L113 88L116 88L116 85ZM141 85L141 88L144 88L144 85ZM169 85L169 88L172 88L172 85ZM6 86L6 87L7 87L7 86ZM9 86L9 87L10 87L10 86ZM18 86L18 87L19 87L19 86ZM30 86L30 87L31 87L31 86ZM42 86L42 87L43 87L43 86ZM58 86L58 87L59 87L59 86ZM86 86L86 87L87 87L87 86ZM114 86L114 87L115 87L115 86ZM131 86L131 87L132 87L132 86ZM142 86L142 87L143 87L143 86ZM170 86L170 87L171 87L171 86ZM173 86L173 87L175 87L175 86ZM92 87L92 88L93 88L93 87ZM94 87L94 88L95 88L95 87ZM117 87L117 88L118 88L118 87ZM11 88L11 89L12 89L12 88ZM15 88L15 89L16 89L16 88ZM71 88L71 89L70 89L70 90L71 90L71 89L72 89L72 88ZM89 88L89 90L91 90L91 91L92 91L92 92L93 92L93 93L94 93L94 92L95 92L95 91L96 91L96 90L97 90L97 88L96 88L96 89L95 89L95 90L94 90L94 89L93 89L93 90L92 90L92 89L91 89L91 88ZM122 88L122 89L123 89L123 88ZM137 88L137 90L138 90L138 91L142 91L142 90L139 90L139 89L138 89L138 88ZM22 89L22 90L23 90L23 89ZM31 89L31 90L32 90L32 89ZM34 89L34 90L35 90L35 89ZM62 89L62 90L60 90L60 91L61 91L61 92L64 92L64 91L66 91L66 90L63 90L63 89ZM87 89L87 90L88 90L88 89ZM114 89L114 90L115 90L115 89ZM116 89L116 90L117 90L117 89ZM6 90L6 91L7 91L7 90ZM15 90L15 92L14 92L14 93L13 93L13 94L14 94L14 93L15 93L15 94L16 94L16 93L15 93L15 92L16 92L16 90ZM51 90L51 91L52 91L52 90ZM62 90L62 91L63 91L63 90ZM157 90L157 91L159 91L159 90ZM35 91L35 92L37 92L37 91ZM93 91L93 92L94 92L94 91ZM21 92L21 93L22 93L22 92ZM148 92L148 93L146 93L146 94L145 94L145 95L146 95L146 97L145 97L145 98L144 98L144 99L146 99L146 98L147 98L147 95L148 95L148 94L149 94L149 95L150 95L150 96L151 96L151 98L150 98L150 97L149 97L149 96L148 96L148 99L149 99L149 98L150 98L150 99L152 99L152 97L153 97L153 98L155 98L155 97L153 97L153 96L152 96L152 95L151 95L151 94L150 94L150 93L149 93L149 92ZM6 93L6 94L5 94L5 95L6 95L6 96L7 96L7 97L8 97L8 96L7 96L7 95L6 95L6 94L7 94L7 93ZM42 93L42 94L41 94L41 95L42 95L42 94L43 94L43 93ZM68 93L68 94L67 94L67 96L68 96L68 94L69 94L69 93ZM72 93L72 94L71 94L71 96L72 96L72 95L73 95L73 94L74 94L74 93ZM77 93L77 94L78 94L78 93ZM98 93L98 95L97 95L97 97L98 97L98 96L100 96L100 97L104 97L104 95L105 95L105 94L104 94L104 95L103 95L103 96L102 96L102 95L101 95L101 94L100 94L100 95L99 95L99 93ZM24 94L24 95L25 95L25 94ZM32 94L32 95L33 95L33 94ZM48 94L48 95L47 95L47 96L48 96L48 95L49 95L49 94ZM133 94L133 95L132 95L132 98L133 98L133 97L134 97L134 96L133 96L133 95L134 95L134 94ZM146 94L146 95L147 95L147 94ZM164 94L164 95L165 95L165 94ZM1 95L1 96L2 96L2 95ZM9 95L9 97L10 97L10 95ZM22 95L22 96L23 96L23 95ZM75 95L75 96L76 96L76 95ZM135 95L135 96L136 96L136 95ZM4 96L4 97L5 97L5 96ZM30 96L30 97L31 97L31 96ZM80 96L80 97L81 97L81 96ZM163 96L163 97L164 97L164 98L165 98L165 96ZM168 96L168 97L166 97L166 99L167 99L167 100L168 100L168 99L169 99L169 100L170 100L170 99L171 99L171 98L170 98L170 97L171 97L171 96L170 96L170 97L169 97L169 96ZM108 97L108 99L107 99L107 100L106 100L106 99L105 99L105 100L104 100L104 99L102 99L102 100L103 100L103 101L104 101L104 102L105 102L105 101L106 101L106 102L107 102L107 101L108 101L108 100L110 100L110 98L109 98L109 97ZM139 97L139 99L138 99L138 100L139 100L139 99L140 99L140 101L137 101L137 103L135 103L135 104L138 104L138 105L139 105L139 107L140 107L140 109L139 109L139 110L140 110L140 112L139 112L139 115L138 115L138 114L137 114L137 115L136 115L136 116L138 116L138 117L139 117L139 116L140 116L140 112L141 112L141 110L142 110L142 111L143 111L143 112L144 112L144 109L145 109L145 111L146 111L146 110L147 110L147 109L149 109L149 110L150 110L150 109L149 109L149 108L146 108L146 109L145 109L145 107L144 107L144 108L143 108L143 109L142 109L142 108L141 108L141 107L140 107L140 105L139 105L139 103L140 103L140 104L141 104L141 103L140 103L140 101L141 101L141 102L142 102L142 103L143 103L143 101L145 101L145 100L143 100L143 101L142 101L142 100L141 100L141 99L140 99L140 97ZM168 97L168 98L167 98L167 99L168 99L168 98L169 98L169 97ZM8 98L8 99L9 99L9 98ZM124 98L124 99L125 99L125 98ZM142 98L142 99L143 99L143 98ZM1 99L1 101L2 101L2 99ZM13 99L13 100L14 100L14 99ZM136 99L136 100L137 100L137 99ZM162 99L162 102L163 102L163 99ZM52 100L52 101L53 101L53 100ZM171 100L171 101L172 101L172 100ZM20 101L20 102L21 102L21 103L22 103L22 102L21 102L21 101ZM29 101L29 102L28 102L28 104L29 104L29 105L28 105L28 106L29 106L29 105L30 105L30 106L31 106L31 105L32 105L32 102L33 102L33 101L32 101L32 102L30 102L30 101ZM35 101L35 102L36 102L36 101ZM109 101L109 102L110 102L110 101ZM174 101L174 102L175 102L175 103L176 103L176 104L177 104L177 102L176 102L176 101ZM24 102L24 103L25 103L25 102ZM29 102L29 104L30 104L30 105L31 105L31 103L30 103L30 102ZM122 102L122 103L121 103L121 104L122 104L122 103L124 103L124 102ZM138 102L138 103L139 103L139 102ZM150 102L150 103L151 103L151 102ZM158 102L158 103L159 103L159 106L158 106L158 107L159 107L159 106L160 106L160 104L161 104L161 105L162 105L162 106L165 106L165 107L163 107L163 108L162 108L162 107L160 107L160 108L161 108L161 109L159 109L159 110L158 110L158 111L156 111L156 113L155 113L155 114L154 114L154 113L153 113L153 114L154 114L154 115L156 115L156 114L157 114L157 113L158 113L158 112L159 112L159 113L160 113L160 112L162 112L162 111L161 111L161 110L163 110L163 111L164 111L164 112L165 112L165 111L166 111L166 112L167 112L167 111L168 111L168 110L169 110L169 109L170 109L170 108L171 108L171 107L170 107L170 108L169 108L169 107L167 107L167 106L165 106L165 105L163 105L163 104L162 104L162 103L161 103L161 102L160 102L160 103L159 103L159 102ZM113 103L113 104L114 104L114 103ZM155 103L155 104L156 104L156 103ZM20 105L20 106L21 106L21 105ZM33 105L33 106L34 106L34 107L35 107L35 106L34 106L34 105ZM56 105L56 106L57 106L57 105ZM65 105L65 106L66 106L66 107L67 107L67 108L65 108L65 107L64 107L64 108L63 108L63 110L62 110L62 112L63 112L63 113L65 113L65 111L66 111L66 110L68 110L68 109L67 109L67 108L68 108L68 107L67 107L67 106L66 106L66 105ZM23 106L23 107L22 107L22 109L23 109L23 110L24 110L24 109L23 109L23 107L24 107L24 106ZM42 106L42 107L43 107L43 108L42 108L42 109L41 109L41 108L40 108L40 109L41 109L41 111L42 111L42 112L43 112L43 111L44 111L44 109L45 109L45 108L44 108L44 107L43 107L43 106ZM45 106L45 107L46 107L46 106ZM50 106L50 107L53 107L53 106ZM37 107L37 109L39 109L39 107ZM114 107L114 108L115 108L115 107ZM165 107L165 108L163 108L163 109L164 109L164 110L165 110L165 109L166 109L166 110L168 110L168 109L167 109L167 108L166 108L166 107ZM17 108L17 109L18 109L18 110L19 110L19 109L18 109L18 108ZM43 108L43 109L42 109L42 110L43 110L43 109L44 109L44 108ZM13 109L13 110L14 110L14 109ZM64 109L64 110L63 110L63 111L65 111L65 110L66 110L66 109ZM132 109L132 110L131 110L131 111L130 111L130 110L128 110L128 111L129 111L129 112L130 112L130 113L131 113L131 114L132 114L132 113L134 113L134 112L133 112L133 111L134 111L134 110L135 110L135 109L134 109L134 110L133 110L133 109ZM6 110L6 111L7 111L7 110ZM20 110L20 111L21 111L21 110ZM34 110L34 111L33 111L33 112L34 112L34 113L35 113L35 112L37 112L37 113L36 113L36 115L35 115L35 116L36 116L36 115L38 115L38 114L39 114L39 115L40 115L40 114L42 114L42 113L41 113L41 112L40 112L40 111L39 111L39 112L37 112L37 111L38 111L38 110L37 110L37 111L36 111L36 110ZM82 110L82 111L83 111L83 110ZM123 110L123 111L125 111L125 110ZM132 110L132 111L131 111L131 112L132 112L132 111L133 111L133 110ZM1 111L1 112L2 112L2 111ZM27 111L27 113L28 113L28 111ZM34 111L34 112L35 112L35 111ZM57 111L57 112L58 112L58 111ZM59 111L59 112L60 112L60 111ZM99 111L99 112L98 112L98 113L97 113L97 114L96 114L96 115L98 115L98 114L99 114L99 115L100 115L100 114L101 114L101 115L102 115L102 116L100 116L100 117L99 117L99 116L98 116L98 117L97 117L97 116L93 116L93 115L92 115L92 116L93 116L93 117L91 117L91 118L90 118L90 117L89 117L89 118L88 118L88 119L87 119L87 118L86 118L86 119L85 119L85 121L84 121L84 122L83 122L83 121L82 121L82 120L80 120L80 121L79 121L79 122L74 122L74 123L75 123L75 124L76 124L76 125L74 125L74 126L73 126L73 125L72 125L72 126L71 126L71 125L70 125L70 126L68 126L68 127L67 127L67 128L65 128L65 127L64 127L64 128L63 128L63 129L62 129L62 127L63 127L63 125L62 125L62 126L61 126L61 127L60 127L60 128L61 128L61 130L64 130L64 129L69 129L69 130L71 130L71 132L72 132L72 131L73 131L73 133L74 133L74 134L71 134L71 133L69 133L69 134L70 134L70 135L71 135L71 136L72 136L72 135L73 135L73 136L74 136L74 134L75 134L75 133L81 133L81 132L80 132L80 131L81 131L81 130L82 130L82 131L84 131L84 132L85 132L85 133L82 133L82 134L83 134L83 136L84 136L84 135L87 135L87 136L86 136L86 137L87 137L87 138L88 138L88 136L89 136L89 135L90 135L90 136L92 136L92 138L90 138L90 137L89 137L89 139L90 139L90 140L91 140L91 139L92 139L92 141L96 141L96 140L97 140L97 139L98 139L98 137L97 137L97 138L96 138L96 139L95 139L95 140L93 140L93 139L92 139L92 138L93 138L93 137L94 137L94 138L95 138L95 137L96 137L96 136L98 136L98 133L99 133L99 134L101 134L101 135L102 135L102 136L103 136L103 137L104 137L104 138L105 138L105 137L108 137L108 136L110 136L110 135L109 135L109 134L110 134L110 133L109 133L109 132L110 132L110 130L111 130L111 131L112 131L112 130L113 130L113 129L112 129L112 127L111 127L111 126L112 126L112 125L113 125L113 123L112 123L112 122L114 122L114 121L113 121L113 120L112 120L112 121L111 121L111 120L110 120L110 121L111 121L111 124L110 124L110 122L107 122L107 120L106 120L106 119L104 119L104 118L105 118L105 117L104 117L104 116L103 116L103 114L102 114L102 113L100 113L100 111ZM147 111L147 112L148 112L148 111ZM159 111L159 112L160 112L160 111ZM39 112L39 113L40 113L40 112ZM47 112L47 115L48 115L48 114L49 114L49 112ZM66 112L66 113L67 113L67 112ZM91 112L91 113L92 113L92 114L93 114L93 113L92 113L92 112ZM125 112L125 113L124 113L124 114L123 114L123 115L122 115L122 116L121 116L121 115L120 115L120 114L119 114L119 115L118 115L118 116L119 116L119 118L120 118L120 117L121 117L121 118L122 118L122 116L124 116L124 115L125 115L125 114L126 114L126 115L127 115L127 114L128 114L128 115L130 115L130 116L131 116L131 115L130 115L130 114L129 114L129 113L128 113L128 112L127 112L127 113L126 113L126 112ZM5 113L5 116L8 116L8 113ZM9 113L9 115L10 115L10 113ZM29 113L29 116L32 116L32 113ZM37 113L37 114L38 114L38 113ZM57 113L57 116L60 116L60 113ZM85 113L85 116L88 116L88 113ZM99 113L99 114L100 114L100 113ZM109 113L109 114L108 114L108 115L110 115L110 113ZM113 113L113 116L116 116L116 113ZM141 113L141 116L144 116L144 113ZM150 113L150 115L151 115L151 116L153 116L153 115L151 115L151 113ZM162 113L162 114L163 114L163 113ZM169 113L169 116L172 116L172 113ZM6 114L6 115L7 115L7 114ZM30 114L30 115L31 115L31 114ZM51 114L51 115L52 115L52 114ZM58 114L58 115L59 115L59 114ZM81 114L81 116L82 116L82 117L83 117L83 116L84 116L84 115L83 115L83 114ZM86 114L86 115L87 115L87 114ZM94 114L94 115L95 115L95 114ZM114 114L114 115L115 115L115 114ZM142 114L142 115L143 115L143 114ZM158 114L158 115L159 115L159 114ZM170 114L170 115L171 115L171 114ZM2 115L2 116L3 116L3 117L2 117L2 118L1 118L1 120L2 120L2 121L3 121L3 122L4 122L4 121L3 121L3 120L4 120L4 119L3 119L3 117L4 117L4 118L5 118L5 117L4 117L4 116L3 116L3 115ZM21 115L21 116L22 116L22 115ZM24 115L24 116L23 116L23 117L22 117L22 118L25 118L25 117L28 117L28 115L27 115L27 116L25 116L25 115ZM119 115L119 116L120 116L120 115ZM102 116L102 117L101 117L101 118L100 118L100 119L99 119L99 118L98 118L98 119L96 119L96 120L95 120L95 117L93 117L93 118L91 118L91 119L92 119L92 120L93 120L93 118L94 118L94 120L95 120L95 121L96 121L96 122L98 122L98 123L97 123L97 124L96 124L96 125L94 125L94 124L95 124L95 122L94 122L94 121L93 121L93 122L92 122L92 121L90 121L90 118L89 118L89 120L88 120L88 121L87 121L87 120L86 120L86 121L85 121L85 122L86 122L86 123L84 123L84 124L83 124L83 125L82 125L82 124L81 124L81 125L80 125L80 124L79 124L79 125L78 125L78 124L77 124L77 123L76 123L76 124L77 124L77 125L76 125L76 126L75 126L75 127L74 127L74 128L73 128L73 127L72 127L72 128L71 128L71 126L70 126L70 127L68 127L68 128L69 128L69 129L71 129L71 130L72 130L72 129L75 129L75 128L76 128L76 127L77 127L77 126L78 126L78 127L79 127L79 128L81 128L81 126L84 126L84 125L85 125L85 124L86 124L86 126L85 126L85 127L86 127L86 129L85 129L85 128L84 128L84 127L82 127L82 129L85 129L85 131L86 131L86 130L87 130L87 131L88 131L88 130L89 130L89 129L91 129L91 128L89 128L89 125L90 125L90 126L92 126L92 127L93 127L93 128L92 128L92 129L93 129L93 130L91 130L91 131L92 131L92 132L93 132L93 130L94 130L94 132L96 132L96 133L95 133L95 134L94 134L94 133L93 133L93 134L92 134L92 133L91 133L91 132L88 132L88 133L87 133L87 132L86 132L86 133L85 133L85 134L87 134L87 135L88 135L88 134L90 134L90 133L91 133L91 135L92 135L92 136L93 136L93 135L94 135L94 136L95 136L95 134L96 134L96 135L97 135L97 133L98 133L98 132L99 132L99 133L101 133L101 134L102 134L102 133L106 133L106 135L105 135L105 134L103 134L103 135L104 135L104 136L107 136L107 133L106 133L106 132L108 132L108 131L107 131L107 130L109 130L109 129L110 129L110 128L111 128L111 127L110 127L110 126L111 126L111 125L112 125L112 124L111 124L111 125L110 125L110 126L109 126L109 124L108 124L108 125L107 125L107 126L106 126L106 125L105 125L105 126L104 126L104 125L103 125L103 124L102 124L102 123L101 123L101 122L99 122L99 121L100 121L100 120L101 120L101 121L102 121L102 122L103 122L103 123L104 123L104 124L106 124L106 123L107 123L107 122L106 122L106 121L105 121L105 120L104 120L104 119L103 119L103 118L102 118L102 117L103 117L103 116ZM154 116L154 117L155 117L155 118L154 118L154 119L157 119L157 116L156 116L156 117L155 117L155 116ZM18 117L18 118L19 118L19 117ZM30 117L30 118L31 118L31 117ZM53 117L53 118L54 118L54 117ZM96 117L96 118L97 118L97 117ZM167 117L167 118L168 118L168 117ZM172 117L172 119L173 119L173 118L174 118L174 119L175 119L175 120L174 120L174 121L175 121L175 120L176 120L176 119L175 119L175 118L174 118L174 117ZM55 118L55 119L56 119L56 118ZM59 118L59 119L60 119L60 118ZM127 118L127 119L126 119L126 120L127 120L127 121L128 121L128 120L129 120L129 121L130 121L130 120L131 120L131 119L132 119L132 118L129 118L129 119L128 119L128 118ZM147 118L147 120L146 120L146 121L145 121L145 120L144 120L144 121L143 121L143 122L142 122L142 121L141 121L141 123L140 123L140 122L139 122L139 124L140 124L140 125L141 125L141 123L142 123L142 124L143 124L143 123L144 123L144 122L145 122L145 123L146 123L146 122L147 122L147 123L150 123L150 124L151 124L151 122L150 122L150 121L149 121L149 120L150 120L150 119L151 119L151 118ZM6 119L6 120L7 120L7 119ZM18 119L18 120L17 120L17 122L18 122L18 121L20 121L20 120L21 120L21 121L22 121L22 119ZM75 119L75 120L76 120L76 119ZM101 119L101 120L103 120L103 122L105 122L105 121L104 121L104 120L103 120L103 119ZM129 119L129 120L130 120L130 119ZM148 119L148 120L149 120L149 119ZM9 120L9 121L10 121L10 120ZM35 120L35 121L36 121L36 120ZM96 120L96 121L98 121L98 120ZM11 121L11 122L9 122L9 123L10 123L10 124L11 124L11 125L10 125L10 126L12 126L12 123L13 123L13 122L12 122L12 121ZM67 121L67 122L68 122L68 121ZM71 121L71 122L72 122L72 121ZM80 121L80 123L81 123L81 122L82 122L82 123L83 123L83 122L82 122L82 121ZM147 121L147 122L149 122L149 121ZM154 121L154 122L155 122L155 121ZM22 122L22 123L21 123L21 124L22 124L22 126L23 126L23 125L24 125L24 124L25 124L25 123L24 123L24 124L23 124L23 122ZM52 122L52 123L51 123L51 125L52 125L52 124L53 124L53 126L55 126L55 127L56 127L56 128L58 128L58 129L59 129L59 130L60 130L60 129L59 129L59 127L58 127L58 126L56 126L56 125L55 125L55 124L54 124L54 123L53 123L53 122ZM115 122L115 123L114 123L114 125L115 125L115 126L114 126L114 129L115 129L115 128L116 128L116 129L117 129L117 127L116 127L116 125L117 125L117 124L118 124L118 125L119 125L119 126L121 126L121 124L123 124L123 123L120 123L120 124L119 124L119 123L118 123L118 122L117 122L117 124L116 124L116 122ZM127 122L127 123L126 123L126 124L127 124L127 123L128 123L128 124L129 124L129 122ZM152 122L152 123L153 123L153 122ZM7 123L7 124L6 124L6 125L7 125L7 124L8 124L8 125L9 125L9 124L8 124L8 123ZM14 123L14 124L16 124L16 123ZM33 123L33 124L32 124L32 125L33 125L33 126L32 126L32 127L33 127L33 126L34 126L34 128L35 128L35 129L36 129L36 128L35 128L35 126L34 126L34 123ZM45 123L45 124L46 124L46 123ZM87 123L87 124L88 124L88 123ZM90 123L90 124L91 124L91 125L92 125L92 126L93 126L93 127L95 127L95 128L93 128L93 129L96 129L96 128L97 128L97 127L98 127L98 126L99 126L99 127L100 127L100 126L101 126L101 127L102 127L102 128L100 128L100 129L99 129L99 128L98 128L98 129L97 129L97 130L96 130L96 132L98 132L98 130L99 130L99 131L100 131L100 130L101 130L101 129L102 129L102 131L101 131L101 132L103 132L103 130L104 130L104 129L102 129L102 128L104 128L104 127L103 127L103 126L102 126L102 125L100 125L100 124L101 124L101 123L99 123L99 124L98 124L98 125L97 125L97 126L96 126L96 127L95 127L95 126L94 126L94 125L92 125L92 124L91 124L91 123ZM93 123L93 124L94 124L94 123ZM47 124L47 125L46 125L46 126L47 126L47 125L48 125L48 124ZM115 124L115 125L116 125L116 124ZM99 125L99 126L100 126L100 125ZM122 125L122 126L123 126L123 125ZM20 126L20 127L21 127L21 128L19 128L19 127L17 127L17 129L21 129L21 130L22 130L22 129L21 129L21 128L23 128L23 127L21 127L21 126ZM36 126L36 127L37 127L37 126ZM50 126L50 127L49 127L49 128L48 128L48 131L49 131L49 132L48 132L48 135L49 135L49 134L50 134L50 131L52 131L52 132L51 132L51 133L52 133L52 132L53 132L53 133L54 133L54 135L56 135L56 136L57 136L57 135L58 135L58 136L59 136L59 135L58 135L58 134L56 134L56 133L55 133L55 132L54 132L54 131L52 131L52 130L50 130L50 128L53 128L53 129L54 129L54 130L55 130L55 131L56 131L56 130L57 130L57 129L56 129L56 130L55 130L55 128L54 128L54 127L51 127L51 126ZM79 126L79 127L80 127L80 126ZM86 126L86 127L88 127L88 126ZM105 126L105 129L106 129L106 130L107 130L107 129L109 129L109 126L108 126L108 127L107 127L107 128L106 128L106 126ZM158 126L158 127L157 127L157 128L156 128L156 129L158 129L158 128L159 128L159 130L160 130L160 131L162 131L162 130L163 130L163 128L162 128L162 127L161 127L161 126L160 126L160 127L159 127L159 126ZM0 127L0 128L1 128L1 127ZM11 127L11 128L12 128L12 127ZM77 128L77 129L76 129L76 130L77 130L77 132L78 132L78 130L80 130L80 129L78 129L78 128ZM87 128L87 129L88 129L88 128ZM130 128L130 131L132 131L132 130L131 130L131 128ZM160 128L160 129L161 129L161 130L162 130L162 129L161 129L161 128ZM13 129L13 131L15 131L15 133L14 133L14 135L13 135L13 136L14 136L14 137L15 137L15 138L16 138L16 135L17 135L17 134L19 134L19 132L18 132L18 130L16 130L16 129ZM45 129L45 131L46 131L46 132L47 132L47 130L46 130L46 129ZM77 129L77 130L78 130L78 129ZM165 129L165 131L164 131L164 132L165 132L165 131L166 131L166 132L167 132L167 134L166 134L166 133L164 133L164 135L166 135L166 136L167 136L167 134L168 134L168 133L169 133L169 131L168 131L168 132L167 132L167 130L166 130L166 129ZM173 129L173 130L172 130L172 131L174 131L174 132L176 132L176 130L174 130L174 129ZM29 130L29 131L30 131L30 130ZM35 130L35 131L36 131L36 130ZM49 130L49 131L50 131L50 130ZM74 130L74 133L75 133L75 132L76 132L76 131L75 131L75 130ZM4 131L4 132L5 132L5 131ZM105 131L105 132L106 132L106 131ZM154 131L154 134L155 134L155 131ZM12 132L12 133L11 133L11 134L12 134L12 133L13 133L13 132ZM16 132L16 133L15 133L15 134L17 134L17 132ZM23 133L23 134L21 134L21 137L20 137L20 138L21 138L21 139L20 139L20 140L21 140L21 141L22 141L22 140L23 140L23 137L22 137L22 135L23 135L23 136L24 136L24 135L25 135L25 134L24 134L24 133ZM27 133L27 134L28 134L28 133ZM108 133L108 134L109 134L109 133ZM156 133L156 134L157 134L157 133ZM4 134L4 135L5 135L5 136L6 136L6 135L5 135L5 134ZM23 134L23 135L24 135L24 134ZM37 134L37 135L38 135L38 134ZM77 134L77 136L75 136L75 137L77 137L77 139L81 139L81 138L83 138L83 137L81 137L81 136L82 136L82 135L80 135L80 134ZM135 134L135 135L136 135L136 134ZM149 134L149 135L150 135L150 134ZM142 135L142 136L143 136L143 135ZM151 135L151 136L152 136L152 135ZM156 135L156 136L157 136L157 135ZM8 136L8 137L9 137L9 136ZM79 136L79 137L78 137L78 138L81 138L81 137L80 137L80 136ZM115 136L115 137L116 137L116 136ZM21 137L21 138L22 138L22 137ZM41 137L41 138L40 138L40 139L41 139L41 138L42 138L42 139L43 139L43 140L44 140L44 139L43 139L43 138L42 138L42 137ZM100 137L100 138L99 138L99 139L100 139L100 138L101 138L101 139L102 139L102 140L103 140L103 141L102 141L102 142L103 142L103 141L104 141L104 142L105 142L105 141L106 141L106 142L107 142L107 141L108 141L108 140L106 140L106 139L105 139L105 140L104 140L104 139L103 139L103 138L102 138L102 137ZM109 137L109 138L108 138L108 139L110 139L110 137ZM147 137L147 138L148 138L148 137ZM173 137L173 138L174 138L174 139L175 139L175 138L174 138L174 137ZM10 138L10 139L11 139L11 140L10 140L10 141L11 141L11 142L12 142L12 141L11 141L11 140L13 140L13 139L11 139L11 138ZM27 138L27 139L28 139L28 138ZM137 138L137 139L136 139L136 140L138 140L138 141L139 141L139 142L140 142L140 141L139 141L139 139L140 139L140 140L141 140L141 139L140 139L140 138L139 138L139 139L138 139L138 138ZM15 139L15 140L16 140L16 139ZM125 139L125 140L126 140L126 139ZM166 139L166 142L168 142L168 141L167 141L167 139ZM33 140L33 142L34 142L34 143L35 143L35 144L33 144L33 145L36 145L36 144L37 144L37 145L38 145L38 144L37 144L37 143L35 143L35 142L36 142L36 140L35 140L35 142L34 142L34 140ZM160 140L160 141L161 141L161 140ZM2 141L2 142L1 142L1 143L2 143L2 144L3 144L3 145L4 145L4 141ZM5 141L5 144L8 144L8 141ZM27 141L27 142L28 142L28 141ZM29 141L29 144L32 144L32 141ZM54 141L54 142L55 142L55 141ZM57 141L57 144L60 144L60 141ZM85 141L85 144L88 144L88 141ZM90 141L90 142L91 142L91 141ZM113 141L113 144L116 144L116 141ZM120 141L120 142L119 142L119 143L120 143L120 142L121 142L121 143L122 143L122 142L121 142L121 141ZM141 141L141 144L144 144L144 141ZM153 141L153 142L154 142L154 141ZM169 141L169 144L172 144L172 141ZM173 141L173 142L174 142L174 141ZM6 142L6 143L7 143L7 142ZM30 142L30 143L31 143L31 142ZM58 142L58 143L59 143L59 142ZM65 142L65 143L66 143L66 145L67 145L67 144L68 144L68 145L69 145L69 143L70 143L70 142L69 142L69 143L68 143L68 142ZM86 142L86 143L87 143L87 142ZM114 142L114 143L115 143L115 142ZM136 142L136 143L137 143L137 146L136 146L136 145L135 145L135 147L134 147L134 148L135 148L135 147L137 147L137 146L138 146L138 147L139 147L139 146L140 146L140 148L138 148L138 150L137 150L137 149L136 149L136 150L135 150L135 151L134 151L134 152L133 152L133 151L132 151L132 152L133 152L133 154L132 154L132 153L131 153L131 150L132 150L132 149L133 149L133 147L132 147L132 148L131 148L131 147L129 147L129 148L128 148L128 147L127 147L127 146L126 146L126 147L127 147L127 148L128 148L128 149L129 149L129 148L131 148L131 150L130 150L130 151L129 151L129 152L130 152L130 153L128 153L128 152L126 152L126 151L125 151L125 152L126 152L126 155L127 155L127 154L128 154L128 155L130 155L130 156L129 156L129 158L128 158L128 156L126 156L126 159L127 159L127 158L128 158L128 159L129 159L129 158L131 158L131 157L132 157L132 158L133 158L133 159L130 159L130 160L131 160L131 162L132 162L132 161L134 161L134 160L135 160L135 159L134 159L134 158L135 158L135 157L136 157L136 156L135 156L135 155L137 155L137 154L138 154L138 155L139 155L139 154L142 154L142 155L144 155L144 154L143 154L143 153L142 153L142 152L143 152L143 151L141 151L141 150L144 150L144 149L145 149L145 150L146 150L146 149L148 149L148 148L150 148L150 147L149 147L149 146L148 146L148 147L146 147L146 149L145 149L145 147L144 147L144 148L143 148L143 149L141 149L141 150L140 150L140 148L141 148L141 146L140 146L140 145L139 145L139 144L138 144L138 143L137 143L137 142ZM142 142L142 143L143 143L143 142ZM156 142L156 143L155 143L155 145L154 145L154 146L156 146L156 147L155 147L155 148L156 148L156 147L157 147L157 148L158 148L158 146L159 146L159 147L160 147L160 146L161 146L161 144L159 144L159 143L158 143L158 146L157 146L157 145L156 145L156 144L157 144L157 142ZM170 142L170 143L171 143L171 142ZM74 143L74 144L75 144L75 143ZM134 143L134 144L135 144L135 143ZM26 144L26 145L27 145L27 146L26 146L26 147L27 147L27 148L28 148L28 149L29 149L29 146L28 146L28 145L27 145L27 144ZM174 144L174 145L175 145L175 144ZM8 145L8 146L9 146L9 145ZM62 145L62 146L63 146L63 148L64 148L64 149L62 149L62 150L61 150L61 148L59 148L59 151L60 151L60 150L61 150L61 152L60 152L60 153L59 153L59 152L58 152L58 151L57 151L57 152L58 152L58 153L57 153L57 159L56 159L56 161L58 161L58 162L59 162L59 163L60 163L60 162L61 162L61 160L60 160L60 161L59 161L59 160L58 160L58 157L59 157L59 156L58 156L58 153L59 153L59 155L60 155L60 154L61 154L61 152L62 152L62 151L63 151L63 150L64 150L64 149L65 149L65 150L66 150L66 151L67 151L67 150L66 150L66 149L67 149L67 147L66 147L66 146L65 146L65 148L64 148L64 146L63 146L63 145ZM81 145L81 147L82 147L82 146L84 146L84 147L83 147L83 148L84 148L84 147L85 147L85 146L84 146L84 145ZM89 145L89 147L90 147L90 148L91 148L91 149L92 149L92 150L93 150L93 151L95 151L95 150L96 150L96 149L95 149L95 148L94 148L94 147L92 147L92 148L91 148L91 146L90 146L90 145ZM164 145L164 147L165 147L165 146L166 146L166 147L167 147L167 146L166 146L166 145ZM171 145L171 146L170 146L170 147L169 147L169 150L170 150L170 149L171 149L171 150L173 150L173 149L172 149L172 148L173 148L173 147L172 147L172 148L170 148L170 147L171 147L171 146L172 146L172 145ZM27 146L27 147L28 147L28 146ZM87 146L87 147L86 147L86 148L85 148L85 150L86 150L86 149L89 149L89 148L87 148L87 147L88 147L88 146ZM96 146L96 147L97 147L97 150L98 150L98 151L100 151L100 150L98 150L98 149L100 149L100 146L99 146L99 148L98 148L98 146ZM103 146L103 147L102 147L102 148L103 148L103 147L104 147L104 146ZM117 146L117 148L118 148L118 149L119 149L119 150L122 150L122 149L121 149L121 148L122 148L122 147L120 147L120 149L119 149L119 147L118 147L118 146ZM6 148L6 149L7 149L7 148ZM14 148L14 149L15 149L15 148ZM65 148L65 149L66 149L66 148ZM68 148L68 149L69 149L69 150L70 150L70 151L71 151L71 152L72 152L72 151L73 151L73 152L74 152L74 151L75 151L75 150L76 150L76 149L74 149L74 150L73 150L73 149L72 149L72 150L71 150L71 149L70 149L70 148ZM93 148L93 149L94 149L94 150L95 150L95 149L94 149L94 148ZM57 149L57 150L58 150L58 149ZM82 149L82 150L83 150L83 149ZM162 149L162 150L163 150L163 151L164 151L164 152L165 152L165 151L167 151L167 150L164 150L164 149ZM10 150L10 152L9 152L9 153L10 153L10 154L11 154L11 153L10 153L10 152L11 152L11 150ZM13 150L13 151L14 151L14 152L15 152L15 151L14 151L14 150ZM32 150L32 151L33 151L33 152L32 152L32 154L33 154L33 155L34 155L34 154L33 154L33 153L36 153L36 152L34 152L34 151L35 151L35 150ZM53 150L53 151L54 151L54 150ZM106 150L106 151L107 151L107 150ZM139 150L139 151L136 151L136 152L135 152L135 153L134 153L134 154L133 154L133 155L135 155L135 154L137 154L137 152L139 152L139 153L141 153L141 151L140 151L140 150ZM160 150L160 151L158 151L158 153L160 153L160 152L161 152L161 155L160 155L160 156L162 156L162 157L159 157L159 158L158 158L158 159L157 159L157 157L158 157L158 156L159 156L159 154L158 154L158 155L157 155L157 156L156 156L156 157L155 157L155 158L154 158L154 157L153 157L153 159L154 159L154 160L155 160L155 161L156 161L156 163L155 163L155 162L154 162L154 161L153 161L153 162L152 162L152 160L150 160L150 159L149 159L149 158L148 158L148 159L146 159L146 161L145 161L145 162L146 162L146 163L147 163L147 164L149 164L149 163L147 163L147 162L148 162L148 160L149 160L149 161L150 161L150 163L152 163L152 164L153 164L153 162L154 162L154 163L155 163L155 164L156 164L156 163L157 163L157 160L158 160L158 161L160 161L160 160L161 160L161 161L162 161L162 162L163 162L163 163L164 163L164 164L165 164L165 163L167 163L167 162L164 162L164 160L163 160L163 159L164 159L164 158L163 158L163 157L164 157L164 156L163 156L163 155L164 155L164 153L163 153L163 152L162 152L162 151L161 151L161 150ZM113 151L113 153L114 153L114 154L116 154L116 153L115 153L115 152L116 152L116 151L115 151L115 152L114 152L114 151ZM144 151L144 152L145 152L145 153L146 153L146 152L145 152L145 151ZM170 151L170 152L169 152L169 154L170 154L170 153L171 153L171 154L172 154L172 153L174 153L174 152L173 152L173 151ZM176 151L176 152L177 152L177 151ZM17 152L17 153L18 153L18 154L16 154L16 155L17 155L17 156L18 156L18 157L19 157L19 156L18 156L18 155L19 155L19 154L20 154L20 152L19 152L19 153L18 153L18 152ZM50 152L50 153L49 153L49 155L48 155L48 156L49 156L49 155L50 155L50 154L51 154L51 152ZM77 152L77 153L76 153L76 156L77 156L77 154L78 154L78 155L79 155L79 153L78 153L78 152ZM28 153L28 154L30 154L30 153ZM64 153L64 154L68 154L68 155L69 155L69 157L68 157L68 156L67 156L67 157L66 157L66 155L65 155L65 156L64 156L64 158L63 158L63 159L64 159L64 160L65 160L65 158L66 158L66 159L67 159L67 158L69 158L69 159L68 159L68 160L69 160L69 161L68 161L68 162L69 162L69 163L70 163L70 162L69 162L69 161L72 161L72 162L74 162L74 161L75 161L75 158L74 158L74 157L75 157L75 154L73 154L73 156L72 156L72 155L70 155L70 154L69 154L69 153ZM124 153L124 154L123 154L123 155L124 155L124 158L123 158L123 157L121 157L121 158L123 158L123 159L125 159L125 153ZM130 153L130 155L132 155L132 154L131 154L131 153ZM162 154L162 155L163 155L163 154ZM31 155L31 156L29 156L29 157L28 157L28 158L29 158L29 157L31 157L31 156L32 156L32 155ZM90 155L90 156L91 156L91 155ZM176 155L176 156L177 156L177 155ZM2 156L2 157L3 157L3 158L4 158L4 156ZM10 156L10 157L11 157L11 156ZM73 156L73 157L69 157L69 158L72 158L72 159L71 159L71 160L72 160L72 159L73 159L73 160L74 160L74 159L73 159L73 157L74 157L74 156ZM93 156L93 157L92 157L92 158L93 158L93 157L94 157L94 156ZM130 156L130 157L131 157L131 156ZM133 156L133 158L134 158L134 156ZM6 157L6 158L5 158L5 159L3 159L3 160L7 160L7 161L5 161L5 162L7 162L7 163L10 163L10 164L9 164L9 165L12 165L12 164L11 164L11 163L10 163L10 162L9 162L9 161L8 161L8 160L7 160L7 159L6 159L6 158L8 158L8 157ZM81 157L81 158L82 158L82 157ZM88 157L88 158L89 158L89 157ZM165 157L165 158L166 158L166 159L165 159L165 161L166 161L166 159L167 159L167 158L166 158L166 157ZM174 157L174 158L175 158L175 159L176 159L176 160L177 160L177 158L176 158L176 157ZM14 158L14 159L15 159L15 158ZM136 158L136 159L137 159L137 158ZM155 158L155 160L157 160L157 159L156 159L156 158ZM160 158L160 159L158 159L158 160L160 160L160 159L163 159L163 158ZM87 159L87 160L88 160L88 159ZM93 159L93 161L92 161L92 162L93 162L93 161L94 161L94 162L96 162L96 161L95 161L95 160L94 160L94 159ZM31 160L31 161L33 161L33 160ZM38 160L38 161L39 161L39 160ZM115 160L115 161L116 161L116 160ZM7 161L7 162L8 162L8 161ZM146 161L146 162L147 162L147 161ZM50 162L50 163L51 163L51 162ZM124 162L124 163L122 163L122 164L121 164L121 166L122 166L122 165L123 165L123 164L124 164L124 163L125 163L125 162ZM62 163L62 164L63 164L63 163ZM88 163L88 164L86 164L86 166L88 166L88 165L89 165L89 163ZM77 164L77 165L76 165L76 166L78 166L78 167L79 167L79 168L80 168L80 166L81 166L81 168L82 168L82 170L83 170L83 171L84 171L84 170L83 170L83 169L84 169L84 168L83 168L83 167L82 167L82 166L81 166L81 165L80 165L80 164L79 164L79 165L78 165L78 164ZM110 164L110 165L109 165L109 166L107 166L107 167L110 167L110 166L111 166L111 167L113 167L113 165L111 165L111 164ZM158 164L158 165L157 165L157 166L159 166L159 167L158 167L158 170L159 170L159 171L160 171L160 170L161 170L161 169L162 169L162 168L159 168L159 167L161 167L161 164L160 164L160 165L159 165L159 164ZM17 165L17 166L18 166L18 167L17 167L17 168L18 168L18 167L20 167L20 166L19 166L19 165ZM45 165L45 166L46 166L46 167L49 167L49 166L48 166L48 165L47 165L47 166L46 166L46 165ZM167 165L167 166L169 166L169 165ZM30 166L30 167L31 167L31 166ZM125 166L125 167L126 167L126 166ZM138 166L138 167L139 167L139 166ZM39 167L39 168L41 168L41 170L44 170L44 169L43 169L43 168L42 168L42 167ZM53 167L53 170L55 170L55 168L54 168L54 167ZM61 167L61 168L62 168L62 167ZM74 167L74 168L73 168L73 169L74 169L74 168L75 168L75 169L76 169L76 168L75 168L75 167ZM93 167L93 168L94 168L94 167ZM170 167L170 168L171 168L171 167ZM172 167L172 168L173 168L173 167ZM1 168L1 169L2 169L2 168ZM22 168L22 169L23 169L23 168ZM27 168L27 169L26 169L26 170L28 170L28 168ZM70 168L70 169L71 169L71 168ZM108 168L108 169L107 169L107 170L108 170L108 169L109 169L109 168ZM147 168L147 169L148 169L148 168ZM29 169L29 172L32 172L32 169ZM39 169L39 170L40 170L40 169ZM57 169L57 172L60 172L60 169ZM85 169L85 172L88 172L88 169ZM113 169L113 172L116 172L116 169ZM122 169L122 170L123 170L123 171L122 171L122 172L124 172L124 171L125 171L125 169L124 169L124 170L123 170L123 169ZM141 169L141 172L144 172L144 169ZM169 169L169 172L172 172L172 169ZM16 170L16 172L15 172L15 173L14 173L14 174L13 174L13 173L12 173L12 174L13 174L13 176L12 176L12 177L13 177L13 176L14 176L14 177L15 177L15 173L16 173L16 172L17 172L17 170ZM18 170L18 174L16 174L16 177L17 177L17 176L18 176L18 177L22 177L22 176L24 176L24 177L25 177L25 175L24 175L24 173L23 173L23 174L22 174L22 175L21 175L21 174L19 174L19 170ZM30 170L30 171L31 171L31 170ZM58 170L58 171L59 171L59 170ZM65 170L65 172L64 172L64 173L65 173L65 172L66 172L66 173L67 173L67 172L68 172L68 170L67 170L67 171L66 171L66 170ZM86 170L86 171L87 171L87 170ZM110 170L110 171L109 171L109 172L108 172L108 173L106 173L106 176L107 176L107 175L108 175L108 174L109 174L109 173L110 173L110 172L111 172L111 174L113 174L113 173L112 173L112 172L111 172L111 170ZM114 170L114 171L115 171L115 170ZM126 170L126 171L127 171L127 170ZM136 170L136 171L137 171L137 170ZM142 170L142 171L143 171L143 170ZM170 170L170 171L171 171L171 170ZM24 171L24 172L25 172L25 173L26 173L26 172L25 172L25 171ZM73 171L73 174L74 174L74 173L76 173L76 172L77 172L77 171L76 171L76 172L74 172L74 171ZM93 171L93 173L94 173L94 174L95 174L95 172L94 172L94 171ZM120 171L120 172L121 172L121 171ZM55 172L55 173L56 173L56 172ZM148 172L148 174L147 174L147 175L149 175L149 174L150 174L150 175L151 175L151 174L150 174L150 173L149 173L149 172ZM30 173L30 175L31 175L31 176L32 176L32 175L31 175L31 173ZM36 174L36 175L37 175L37 174ZM54 174L54 175L55 175L55 174ZM88 174L88 175L89 175L89 174ZM119 174L119 175L120 175L120 174ZM130 174L130 175L131 175L131 174ZM76 175L76 176L75 176L75 177L77 177L77 175ZM156 175L156 176L157 176L157 175ZM10 176L10 177L11 177L11 176ZM34 176L34 177L35 177L35 176ZM86 176L86 177L87 177L87 176ZM100 176L100 177L101 177L101 176ZM113 176L113 177L114 177L114 176ZM115 176L115 177L116 177L116 176ZM0 0L0 7L7 7L7 0ZM1 1L1 6L6 6L6 1ZM2 2L2 5L5 5L5 2ZM170 0L170 7L177 7L177 0ZM171 1L171 6L176 6L176 1ZM172 2L172 5L175 5L175 2ZM0 170L0 177L7 177L7 170ZM1 171L1 176L6 176L6 171ZM2 172L2 175L5 175L5 172Z&quot; fill=&quot;#000000&quot;/&gt;&lt;/g&gt;&lt;/g&gt;&lt;/svg&gt;<span class=\"sf-dump-default sf-dump-ns\">\\n</span></span>
    \"\"\"
</samp>}
</pre><script>Sfdump(\"sf-dump-1363462608\", {\"maxDepth\":3,\"maxStringLength\":160})</script>
"}},"exception":"[object] (Spatie\\LaravelIgnition\\Exceptions\\ViewException(code: 0): Attempt to read property \"create_role\" on null at /home/linkatt/public_html/staging/WeddingAppDashboard/resources/views/admin/events/event.blade.php:179)
[stacktrace]
#0 /home/linkatt/public_html/staging/WeddingAppDashboard/vendor/laravel/framework/src/Illuminate/Foundation/Bootstrap/HandleExceptions.php(272): Illuminate\\Foundation\\Bootstrap\\HandleExceptions->handleError(2, 'Attempt to read...', '/home/linkatt/p...', 179)
#1 /home/linkatt/public_html/staging/WeddingAppDashboard/resources/views/admin/events/event.blade.php(179): Illuminate\\Foundation\\Bootstrap\\HandleExceptions->Illuminate\\Foundation\\Bootstrap\\{closure}(2, 'Attempt to read...', '/home/linkatt/p...', 179)
#2 /home/linkatt/public_html/staging/WeddingAppDashboard/vendor/laravel/framework/src/Illuminate/Filesystem/Filesystem.php(109): require('/home/linkatt/p...')
#3 /home/linkatt/public_html/staging/WeddingAppDashboard/vendor/laravel/framework/src/Illuminate/Filesystem/Filesystem.php(110): Illuminate\\Filesystem\\Filesystem::Illuminate\\Filesystem\\{closure}()
#4 /home/linkatt/public_html/staging/WeddingAppDashboard/vendor/laravel/framework/src/Illuminate/View/Engines/PhpEngine.php(58): Illuminate\\Filesystem\\Filesystem->getRequire('/home/linkatt/p...', Array)
#5 /home/linkatt/public_html/staging/WeddingAppDashboard/vendor/laravel/framework/src/Illuminate/View/Engines/CompilerEngine.php(70): Illuminate\\View\\Engines\\PhpEngine->evaluatePath('/home/linkatt/p...', Array)
#6 /home/linkatt/public_html/staging/WeddingAppDashboard/vendor/laravel/framework/src/Illuminate/View/View.php(195): Illuminate\\View\\Engines\\CompilerEngine->get('/home/linkatt/p...', Array)
#7 /home/linkatt/public_html/staging/WeddingAppDashboard/vendor/laravel/framework/src/Illuminate/View/View.php(178): Illuminate\\View\\View->getContents()
#8 /home/linkatt/public_html/staging/WeddingAppDashboard/vendor/laravel/framework/src/Illuminate/View/View.php(147): Illuminate\\View\\View->renderContents()
#9 /home/linkatt/public_html/staging/WeddingAppDashboard/vendor/laravel/framework/src/Illuminate/Http/Response.php(69): Illuminate\\View\\View->render()
#10 /home/linkatt/public_html/staging/WeddingAppDashboard/vendor/laravel/framework/src/Illuminate/Http/Response.php(35): Illuminate\\Http\\Response->setContent(Object(Illuminate\\View\\View))
#11 /home/linkatt/public_html/staging/WeddingAppDashboard/vendor/laravel/framework/src/Illuminate/Routing/Router.php(906): Illuminate\\Http\\Response->__construct(Object(Illuminate\\View\\View), 200, Array)
#12 /home/linkatt/public_html/staging/WeddingAppDashboard/vendor/laravel/framework/src/Illuminate/Routing/Router.php(875): Illuminate\\Routing\\Router::toResponse(Object(Illuminate\\Http\\Request), Object(Illuminate\\View\\View))
#13 /home/linkatt/public_html/staging/WeddingAppDashboard/vendor/laravel/framework/src/Illuminate/Routing/Router.php(797): Illuminate\\Routing\\Router->prepareResponse(Object(Illuminate\\Http\\Request), Object(Illuminate\\View\\View))
#14 /home/linkatt/public_html/staging/WeddingAppDashboard/vendor/laravel/framework/src/Illuminate/Pipeline/Pipeline.php(141): Illuminate\\Routing\\Router->Illuminate\\Routing\\{closure}(Object(Illuminate\\Http\\Request))
#15 /home/linkatt/public_html/staging/WeddingAppDashboard/vendor/laravel/framework/src/Illuminate/Routing/Middleware/SubstituteBindings.php(50): Illuminate\\Pipeline\\Pipeline->Illuminate\\Pipeline\\{closure}(Object(Illuminate\\Http\\Request))
#16 /home/linkatt/public_html/staging/WeddingAppDashboard/vendor/laravel/framework/src/Illuminate/Pipeline/Pipeline.php(180): Illuminate\\Routing\\Middleware\\SubstituteBindings->handle(Object(Illuminate\\Http\\Request), Object(Closure))
#17 /home/linkatt/public_html/staging/WeddingAppDashboard/vendor/laravel/framework/src/Illuminate/Foundation/Http/Middleware/VerifyCsrfToken.php(78): Illuminate\\Pipeline\\Pipeline->Illuminate\\Pipeline\\{closure}(Object(Illuminate\\Http\\Request))
#18 /home/linkatt/public_html/staging/WeddingAppDashboard/vendor/laravel/framework/src/Illuminate/Pipeline/Pipeline.php(180): Illuminate\\Foundation\\Http\\Middleware\\VerifyCsrfToken->handle(Object(Illuminate\\Http\\Request), Object(Closure))
#19 /home/linkatt/public_html/staging/WeddingAppDashboard/vendor/laravel/framework/src/Illuminate/View/Middleware/ShareErrorsFromSession.php(49): Illuminate\\Pipeline\\Pipeline->Illuminate\\Pipeline\\{closure}(Object(Illuminate\\Http\\Request))
#20 /home/linkatt/public_html/staging/WeddingAppDashboard/vendor/laravel/framework/src/Illuminate/Pipeline/Pipeline.php(180): Illuminate\\View\\Middleware\\ShareErrorsFromSession->handle(Object(Illuminate\\Http\\Request), Object(Closure))
#21 /home/linkatt/public_html/staging/WeddingAppDashboard/vendor/laravel/framework/src/Illuminate/Session/Middleware/StartSession.php(121): Illuminate\\Pipeline\\Pipeline->Illuminate\\Pipeline\\{closure}(Object(Illuminate\\Http\\Request))
#22 /home/linkatt/public_html/staging/WeddingAppDashboard/vendor/laravel/framework/src/Illuminate/Session/Middleware/StartSession.php(64): Illuminate\\Session\\Middleware\\StartSession->handleStatefulRequest(Object(Illuminate\\Http\\Request), Object(Illuminate\\Session\\Store), Object(Closure))
#23 /home/linkatt/public_html/staging/WeddingAppDashboard/vendor/laravel/framework/src/Illuminate/Pipeline/Pipeline.php(180): Illuminate\\Session\\Middleware\\StartSession->handle(Object(Illuminate\\Http\\Request), Object(Closure))
#24 /home/linkatt/public_html/staging/WeddingAppDashboard/vendor/laravel/framework/src/Illuminate/Cookie/Middleware/AddQueuedCookiesToResponse.php(37): Illuminate\\Pipeline\\Pipeline->Illuminate\\Pipeline\\{closure}(Object(Illuminate\\Http\\Request))
#25 /home/linkatt/public_html/staging/WeddingAppDashboard/vendor/laravel/framework/src/Illuminate/Pipeline/Pipeline.php(180): Illuminate\\Cookie\\Middleware\\AddQueuedCookiesToResponse->handle(Object(Illuminate\\Http\\Request), Object(Closure))
#26 /home/linkatt/public_html/staging/WeddingAppDashboard/vendor/laravel/framework/src/Illuminate/Cookie/Middleware/EncryptCookies.php(67): Illuminate\\Pipeline\\Pipeline->Illuminate\\Pipeline\\{closure}(Object(Illuminate\\Http\\Request))
#27 /home/linkatt/public_html/staging/WeddingAppDashboard/vendor/laravel/framework/src/Illuminate/Pipeline/Pipeline.php(180): Illuminate\\Cookie\\Middleware\\EncryptCookies->handle(Object(Illuminate\\Http\\Request), Object(Closure))
#28 /home/linkatt/public_html/staging/WeddingAppDashboard/vendor/laravel/framework/src/Illuminate/Pipeline/Pipeline.php(116): Illuminate\\Pipeline\\Pipeline->Illuminate\\Pipeline\\{closure}(Object(Illuminate\\Http\\Request))
#29 /home/linkatt/public_html/staging/WeddingAppDashboard/vendor/laravel/framework/src/Illuminate/Routing/Router.php(797): Illuminate\\Pipeline\\Pipeline->then(Object(Closure))
#30 /home/linkatt/public_html/staging/WeddingAppDashboard/vendor/laravel/framework/src/Illuminate/Routing/Router.php(776): Illuminate\\Routing\\Router->runRouteWithinStack(Object(Illuminate\\Routing\\Route), Object(Illuminate\\Http\\Request))
#31 /home/linkatt/public_html/staging/WeddingAppDashboard/vendor/laravel/framework/src/Illuminate/Routing/Router.php(740): Illuminate\\Routing\\Router->runRoute(Object(Illuminate\\Http\\Request), Object(Illuminate\\Routing\\Route))
#32 /home/linkatt/public_html/staging/WeddingAppDashboard/vendor/laravel/framework/src/Illuminate/Routing/Router.php(729): Illuminate\\Routing\\Router->dispatchToRoute(Object(Illuminate\\Http\\Request))
#33 /home/linkatt/public_html/staging/WeddingAppDashboard/vendor/laravel/framework/src/Illuminate/Foundation/Http/Kernel.php(190): Illuminate\\Routing\\Router->dispatch(Object(Illuminate\\Http\\Request))
#34 /home/linkatt/public_html/staging/WeddingAppDashboard/vendor/laravel/framework/src/Illuminate/Pipeline/Pipeline.php(141): Illuminate\\Foundation\\Http\\Kernel->Illuminate\\Foundation\\Http\\{closure}(Object(Illuminate\\Http\\Request))
#35 /home/linkatt/public_html/staging/WeddingAppDashboard/vendor/laravel/framework/src/Illuminate/Foundation/Http/Middleware/TransformsRequest.php(21): Illuminate\\Pipeline\\Pipeline->Illuminate\\Pipeline\\{closure}(Object(Illuminate\\Http\\Request))
#36 /home/linkatt/public_html/staging/WeddingAppDashboard/vendor/laravel/framework/src/Illuminate/Foundation/Http/Middleware/ConvertEmptyStringsToNull.php(31): Illuminate\\Foundation\\Http\\Middleware\\TransformsRequest->handle(Object(Illuminate\\Http\\Request), Object(Closure))
#37 /home/linkatt/public_html/staging/WeddingAppDashboard/vendor/laravel/framework/src/Illuminate/Pipeline/Pipeline.php(180): Illuminate\\Foundation\\Http\\Middleware\\ConvertEmptyStringsToNull->handle(Object(Illuminate\\Http\\Request), Object(Closure))
#38 /home/linkatt/public_html/staging/WeddingAppDashboard/vendor/laravel/framework/src/Illuminate/Foundation/Http/Middleware/TransformsRequest.php(21): Illuminate\\Pipeline\\Pipeline->Illuminate\\Pipeline\\{closure}(Object(Illuminate\\Http\\Request))
#39 /home/linkatt/public_html/staging/WeddingAppDashboard/vendor/laravel/framework/src/Illuminate/Foundation/Http/Middleware/TrimStrings.php(40): Illuminate\\Foundation\\Http\\Middleware\\TransformsRequest->handle(Object(Illuminate\\Http\\Request), Object(Closure))
#40 /home/linkatt/public_html/staging/WeddingAppDashboard/vendor/laravel/framework/src/Illuminate/Pipeline/Pipeline.php(180): Illuminate\\Foundation\\Http\\Middleware\\TrimStrings->handle(Object(Illuminate\\Http\\Request), Object(Closure))
#41 /home/linkatt/public_html/staging/WeddingAppDashboard/vendor/laravel/framework/src/Illuminate/Foundation/Http/Middleware/ValidatePostSize.php(27): Illuminate\\Pipeline\\Pipeline->Illuminate\\Pipeline\\{closure}(Object(Illuminate\\Http\\Request))
#42 /home/linkatt/public_html/staging/WeddingAppDashboard/vendor/laravel/framework/src/Illuminate/Pipeline/Pipeline.php(180): Illuminate\\Foundation\\Http\\Middleware\\ValidatePostSize->handle(Object(Illuminate\\Http\\Request), Object(Closure))
#43 /home/linkatt/public_html/staging/WeddingAppDashboard/vendor/laravel/framework/src/Illuminate/Foundation/Http/Middleware/PreventRequestsDuringMaintenance.php(86): Illuminate\\Pipeline\\Pipeline->Illuminate\\Pipeline\\{closure}(Object(Illuminate\\Http\\Request))
#44 /home/linkatt/public_html/staging/WeddingAppDashboard/vendor/laravel/framework/src/Illuminate/Pipeline/Pipeline.php(180): Illuminate\\Foundation\\Http\\Middleware\\PreventRequestsDuringMaintenance->handle(Object(Illuminate\\Http\\Request), Object(Closure))
#45 /home/linkatt/public_html/staging/WeddingAppDashboard/vendor/laravel/framework/src/Illuminate/Http/Middleware/HandleCors.php(49): Illuminate\\Pipeline\\Pipeline->Illuminate\\Pipeline\\{closure}(Object(Illuminate\\Http\\Request))
#46 /home/linkatt/public_html/staging/WeddingAppDashboard/vendor/laravel/framework/src/Illuminate/Pipeline/Pipeline.php(180): Illuminate\\Http\\Middleware\\HandleCors->handle(Object(Illuminate\\Http\\Request), Object(Closure))
#47 /home/linkatt/public_html/staging/WeddingAppDashboard/vendor/laravel/framework/src/Illuminate/Http/Middleware/TrustProxies.php(39): Illuminate\\Pipeline\\Pipeline->Illuminate\\Pipeline\\{closure}(Object(Illuminate\\Http\\Request))
#48 /home/linkatt/public_html/staging/WeddingAppDashboard/vendor/laravel/framework/src/Illuminate/Pipeline/Pipeline.php(180): Illuminate\\Http\\Middleware\\TrustProxies->handle(Object(Illuminate\\Http\\Request), Object(Closure))
#49 /home/linkatt/public_html/staging/WeddingAppDashboard/vendor/laravel/framework/src/Illuminate/Pipeline/Pipeline.php(116): Illuminate\\Pipeline\\Pipeline->Illuminate\\Pipeline\\{closure}(Object(Illuminate\\Http\\Request))
#50 /home/linkatt/public_html/staging/WeddingAppDashboard/vendor/laravel/framework/src/Illuminate/Foundation/Http/Kernel.php(165): Illuminate\\Pipeline\\Pipeline->then(Object(Closure))
#51 /home/linkatt/public_html/staging/WeddingAppDashboard/vendor/laravel/framework/src/Illuminate/Foundation/Http/Kernel.php(134): Illuminate\\Foundation\\Http\\Kernel->sendRequestThroughRouter(Object(Illuminate\\Http\\Request))
#52 /home/linkatt/public_html/staging/WeddingAppDashboard/public/index.php(51): Illuminate\\Foundation\\Http\\Kernel->handle(Object(Illuminate\\Http\\Request))
#53 {main}

[previous exception] [object] (ErrorException(code: 0): Attempt to read property \"create_role\" on null at /home/linkatt/public_html/staging/WeddingAppDashboard/storage/framework/views/dd1904de53db63841d0e5efbd9ad5419bbafa18b.php:179)
[stacktrace]
#0 /home/linkatt/public_html/staging/WeddingAppDashboard/vendor/laravel/framework/src/Illuminate/Foundation/Bootstrap/HandleExceptions.php(272): Illuminate\\Foundation\\Bootstrap\\HandleExceptions->handleError(2, 'Attempt to read...', '/home/linkatt/p...', 179)
#1 /home/linkatt/public_html/staging/WeddingAppDashboard/storage/framework/views/dd1904de53db63841d0e5efbd9ad5419bbafa18b.php(179): Illuminate\\Foundation\\Bootstrap\\HandleExceptions->Illuminate\\Foundation\\Bootstrap\\{closure}(2, 'Attempt to read...', '/home/linkatt/p...', 179)
#2 /home/linkatt/public_html/staging/WeddingAppDashboard/vendor/laravel/framework/src/Illuminate/Filesystem/Filesystem.php(109): require('/home/linkatt/p...')
#3 /home/linkatt/public_html/staging/WeddingAppDashboard/vendor/laravel/framework/src/Illuminate/Filesystem/Filesystem.php(110): Illuminate\\Filesystem\\Filesystem::Illuminate\\Filesystem\\{closure}()
#4 /home/linkatt/public_html/staging/WeddingAppDashboard/vendor/laravel/framework/src/Illuminate/View/Engines/PhpEngine.php(58): Illuminate\\Filesystem\\Filesystem->getRequire('/home/linkatt/p...', Array)
#5 /home/linkatt/public_html/staging/WeddingAppDashboard/vendor/laravel/framework/src/Illuminate/View/Engines/CompilerEngine.php(70): Illuminate\\View\\Engines\\PhpEngine->evaluatePath('/home/linkatt/p...', Array)
#6 /home/linkatt/public_html/staging/WeddingAppDashboard/vendor/laravel/framework/src/Illuminate/View/View.php(195): Illuminate\\View\\Engines\\CompilerEngine->get('/home/linkatt/p...', Array)
#7 /home/linkatt/public_html/staging/WeddingAppDashboard/vendor/laravel/framework/src/Illuminate/View/View.php(178): Illuminate\\View\\View->getContents()
#8 /home/linkatt/public_html/staging/WeddingAppDashboard/vendor/laravel/framework/src/Illuminate/View/View.php(147): Illuminate\\View\\View->renderContents()
#9 /home/linkatt/public_html/staging/WeddingAppDashboard/vendor/laravel/framework/src/Illuminate/Http/Response.php(69): Illuminate\\View\\View->render()
#10 /home/linkatt/public_html/staging/WeddingAppDashboard/vendor/laravel/framework/src/Illuminate/Http/Response.php(35): Illuminate\\Http\\Response->setContent(Object(Illuminate\\View\\View))
#11 /home/linkatt/public_html/staging/WeddingAppDashboard/vendor/laravel/framework/src/Illuminate/Routing/Router.php(906): Illuminate\\Http\\Response->__construct(Object(Illuminate\\View\\View), 200, Array)
#12 /home/linkatt/public_html/staging/WeddingAppDashboard/vendor/laravel/framework/src/Illuminate/Routing/Router.php(875): Illuminate\\Routing\\Router::toResponse(Object(Illuminate\\Http\\Request), Object(Illuminate\\View\\View))
#13 /home/linkatt/public_html/staging/WeddingAppDashboard/vendor/laravel/framework/src/Illuminate/Routing/Router.php(797): Illuminate\\Routing\\Router->prepareResponse(Object(Illuminate\\Http\\Request), Object(Illuminate\\View\\View))
#14 /home/linkatt/public_html/staging/WeddingAppDashboard/vendor/laravel/framework/src/Illuminate/Pipeline/Pipeline.php(141): Illuminate\\Routing\\Router->Illuminate\\Routing\\{closure}(Object(Illuminate\\Http\\Request))
#15 /home/linkatt/public_html/staging/WeddingAppDashboard/vendor/laravel/framework/src/Illuminate/Routing/Middleware/SubstituteBindings.php(50): Illuminate\\Pipeline\\Pipeline->Illuminate\\Pipeline\\{closure}(Object(Illuminate\\Http\\Request))
#16 /home/linkatt/public_html/staging/WeddingAppDashboard/vendor/laravel/framework/src/Illuminate/Pipeline/Pipeline.php(180): Illuminate\\Routing\\Middleware\\SubstituteBindings->handle(Object(Illuminate\\Http\\Request), Object(Closure))
#17 /home/linkatt/public_html/staging/WeddingAppDashboard/vendor/laravel/framework/src/Illuminate/Foundation/Http/Middleware/VerifyCsrfToken.php(78): Illuminate\\Pipeline\\Pipeline->Illuminate\\Pipeline\\{closure}(Object(Illuminate\\Http\\Request))
#18 /home/linkatt/public_html/staging/WeddingAppDashboard/vendor/laravel/framework/src/Illuminate/Pipeline/Pipeline.php(180): Illuminate\\Foundation\\Http\\Middleware\\VerifyCsrfToken->handle(Object(Illuminate\\Http\\Request), Object(Closure))
#19 /home/linkatt/public_html/staging/WeddingAppDashboard/vendor/laravel/framework/src/Illuminate/View/Middleware/ShareErrorsFromSession.php(49): Illuminate\\Pipeline\\Pipeline->Illuminate\\Pipeline\\{closure}(Object(Illuminate\\Http\\Request))
#20 /home/linkatt/public_html/staging/WeddingAppDashboard/vendor/laravel/framework/src/Illuminate/Pipeline/Pipeline.php(180): Illuminate\\View\\Middleware\\ShareErrorsFromSession->handle(Object(Illuminate\\Http\\Request), Object(Closure))
#21 /home/linkatt/public_html/staging/WeddingAppDashboard/vendor/laravel/framework/src/Illuminate/Session/Middleware/StartSession.php(121): Illuminate\\Pipeline\\Pipeline->Illuminate\\Pipeline\\{closure}(Object(Illuminate\\Http\\Request))
#22 /home/linkatt/public_html/staging/WeddingAppDashboard/vendor/laravel/framework/src/Illuminate/Session/Middleware/StartSession.php(64): Illuminate\\Session\\Middleware\\StartSession->handleStatefulRequest(Object(Illuminate\\Http\\Request), Object(Illuminate\\Session\\Store), Object(Closure))
#23 /home/linkatt/public_html/staging/WeddingAppDashboard/vendor/laravel/framework/src/Illuminate/Pipeline/Pipeline.php(180): Illuminate\\Session\\Middleware\\StartSession->handle(Object(Illuminate\\Http\\Request), Object(Closure))
#24 /home/linkatt/public_html/staging/WeddingAppDashboard/vendor/laravel/framework/src/Illuminate/Cookie/Middleware/AddQueuedCookiesToResponse.php(37): Illuminate\\Pipeline\\Pipeline->Illuminate\\Pipeline\\{closure}(Object(Illuminate\\Http\\Request))
#25 /home/linkatt/public_html/staging/WeddingAppDashboard/vendor/laravel/framework/src/Illuminate/Pipeline/Pipeline.php(180): Illuminate\\Cookie\\Middleware\\AddQueuedCookiesToResponse->handle(Object(Illuminate\\Http\\Request), Object(Closure))
#26 /home/linkatt/public_html/staging/WeddingAppDashboard/vendor/laravel/framework/src/Illuminate/Cookie/Middleware/EncryptCookies.php(67): Illuminate\\Pipeline\\Pipeline->Illuminate\\Pipeline\\{closure}(Object(Illuminate\\Http\\Request))
#27 /home/linkatt/public_html/staging/WeddingAppDashboard/vendor/laravel/framework/src/Illuminate/Pipeline/Pipeline.php(180): Illuminate\\Cookie\\Middleware\\EncryptCookies->handle(Object(Illuminate\\Http\\Request), Object(Closure))
#28 /home/linkatt/public_html/staging/WeddingAppDashboard/vendor/laravel/framework/src/Illuminate/Pipeline/Pipeline.php(116): Illuminate\\Pipeline\\Pipeline->Illuminate\\Pipeline\\{closure}(Object(Illuminate\\Http\\Request))
#29 /home/linkatt/public_html/staging/WeddingAppDashboard/vendor/laravel/framework/src/Illuminate/Routing/Router.php(797): Illuminate\\Pipeline\\Pipeline->then(Object(Closure))
#30 /home/linkatt/public_html/staging/WeddingAppDashboard/vendor/laravel/framework/src/Illuminate/Routing/Router.php(776): Illuminate\\Routing\\Router->runRouteWithinStack(Object(Illuminate\\Routing\\Route), Object(Illuminate\\Http\\Request))
#31 /home/linkatt/public_html/staging/WeddingAppDashboard/vendor/laravel/framework/src/Illuminate/Routing/Router.php(740): Illuminate\\Routing\\Router->runRoute(Object(Illuminate\\Http\\Request), Object(Illuminate\\Routing\\Route))
#32 /home/linkatt/public_html/staging/WeddingAppDashboard/vendor/laravel/framework/src/Illuminate/Routing/Router.php(729): Illuminate\\Routing\\Router->dispatchToRoute(Object(Illuminate\\Http\\Request))
#33 /home/linkatt/public_html/staging/WeddingAppDashboard/vendor/laravel/framework/src/Illuminate/Foundation/Http/Kernel.php(190): Illuminate\\Routing\\Router->dispatch(Object(Illuminate\\Http\\Request))
#34 /home/linkatt/public_html/staging/WeddingAppDashboard/vendor/laravel/framework/src/Illuminate/Pipeline/Pipeline.php(141): Illuminate\\Foundation\\Http\\Kernel->Illuminate\\Foundation\\Http\\{closure}(Object(Illuminate\\Http\\Request))
#35 /home/linkatt/public_html/staging/WeddingAppDashboard/vendor/laravel/framework/src/Illuminate/Foundation/Http/Middleware/TransformsRequest.php(21): Illuminate\\Pipeline\\Pipeline->Illuminate\\Pipeline\\{closure}(Object(Illuminate\\Http\\Request))
#36 /home/linkatt/public_html/staging/WeddingAppDashboard/vendor/laravel/framework/src/Illuminate/Foundation/Http/Middleware/ConvertEmptyStringsToNull.php(31): Illuminate\\Foundation\\Http\\Middleware\\TransformsRequest->handle(Object(Illuminate\\Http\\Request), Object(Closure))
#37 /home/linkatt/public_html/staging/WeddingAppDashboard/vendor/laravel/framework/src/Illuminate/Pipeline/Pipeline.php(180): Illuminate\\Foundation\\Http\\Middleware\\ConvertEmptyStringsToNull->handle(Object(Illuminate\\Http\\Request), Object(Closure))
#38 /home/linkatt/public_html/staging/WeddingAppDashboard/vendor/laravel/framework/src/Illuminate/Foundation/Http/Middleware/TransformsRequest.php(21): Illuminate\\Pipeline\\Pipeline->Illuminate\\Pipeline\\{closure}(Object(Illuminate\\Http\\Request))
#39 /home/linkatt/public_html/staging/WeddingAppDashboard/vendor/laravel/framework/src/Illuminate/Foundation/Http/Middleware/TrimStrings.php(40): Illuminate\\Foundation\\Http\\Middleware\\TransformsRequest->handle(Object(Illuminate\\Http\\Request), Object(Closure))
#40 /home/linkatt/public_html/staging/WeddingAppDashboard/vendor/laravel/framework/src/Illuminate/Pipeline/Pipeline.php(180): Illuminate\\Foundation\\Http\\Middleware\\TrimStrings->handle(Object(Illuminate\\Http\\Request), Object(Closure))
#41 /home/linkatt/public_html/staging/WeddingAppDashboard/vendor/laravel/framework/src/Illuminate/Foundation/Http/Middleware/ValidatePostSize.php(27): Illuminate\\Pipeline\\Pipeline->Illuminate\\Pipeline\\{closure}(Object(Illuminate\\Http\\Request))
#42 /home/linkatt/public_html/staging/WeddingAppDashboard/vendor/laravel/framework/src/Illuminate/Pipeline/Pipeline.php(180): Illuminate\\Foundation\\Http\\Middleware\\ValidatePostSize->handle(Object(Illuminate\\Http\\Request), Object(Closure))
#43 /home/linkatt/public_html/staging/WeddingAppDashboard/vendor/laravel/framework/src/Illuminate/Foundation/Http/Middleware/PreventRequestsDuringMaintenance.php(86): Illuminate\\Pipeline\\Pipeline->Illuminate\\Pipeline\\{closure}(Object(Illuminate\\Http\\Request))
#44 /home/linkatt/public_html/staging/WeddingAppDashboard/vendor/laravel/framework/src/Illuminate/Pipeline/Pipeline.php(180): Illuminate\\Foundation\\Http\\Middleware\\PreventRequestsDuringMaintenance->handle(Object(Illuminate\\Http\\Request), Object(Closure))
#45 /home/linkatt/public_html/staging/WeddingAppDashboard/vendor/laravel/framework/src/Illuminate/Http/Middleware/HandleCors.php(49): Illuminate\\Pipeline\\Pipeline->Illuminate\\Pipeline\\{closure}(Object(Illuminate\\Http\\Request))
#46 /home/linkatt/public_html/staging/WeddingAppDashboard/vendor/laravel/framework/src/Illuminate/Pipeline/Pipeline.php(180): Illuminate\\Http\\Middleware\\HandleCors->handle(Object(Illuminate\\Http\\Request), Object(Closure))
#47 /home/linkatt/public_html/staging/WeddingAppDashboard/vendor/laravel/framework/src/Illuminate/Http/Middleware/TrustProxies.php(39): Illuminate\\Pipeline\\Pipeline->Illuminate\\Pipeline\\{closure}(Object(Illuminate\\Http\\Request))
#48 /home/linkatt/public_html/staging/WeddingAppDashboard/vendor/laravel/framework/src/Illuminate/Pipeline/Pipeline.php(180): Illuminate\\Http\\Middleware\\TrustProxies->handle(Object(Illuminate\\Http\\Request), Object(Closure))
#49 /home/linkatt/public_html/staging/WeddingAppDashboard/vendor/laravel/framework/src/Illuminate/Pipeline/Pipeline.php(116): Illuminate\\Pipeline\\Pipeline->Illuminate\\Pipeline\\{closure}(Object(Illuminate\\Http\\Request))
#50 /home/linkatt/public_html/staging/WeddingAppDashboard/vendor/laravel/framework/src/Illuminate/Foundation/Http/Kernel.php(165): Illuminate\\Pipeline\\Pipeline->then(Object(Closure))
#51 /home/linkatt/public_html/staging/WeddingAppDashboard/vendor/laravel/framework/src/Illuminate/Foundation/Http/Kernel.php(134): Illuminate\\Foundation\\Http\\Kernel->sendRequestThroughRouter(Object(Illuminate\\Http\\Request))
#52 /home/linkatt/public_html/staging/WeddingAppDashboard/public/index.php(51): Illuminate\\Foundation\\Http\\Kernel->handle(Object(Illuminate\\Http\\Request))
#53 {main}
"} 
[2026-05-31 21:03:31] local.ERROR: SQLSTATE[42S02]: Base table or view not found: 1146 Table 'wedding_app.plans' doesn't exist (SQL: select * from `plans`) {"userId":1,"exception":"[object] (Illuminate\\Database\\QueryException(code: 42S02): SQLSTATE[42S02]: Base table or view not found: 1146 Table 'wedding_app.plans' doesn't exist (SQL: select * from `plans`) at C:\\Users\\mahmo\\Barcody\\vendor\\laravel\\framework\\src\\Illuminate\\Database\\Connection.php:760)
[stacktrace]
#0 C:\\Users\\mahmo\\Barcody\\vendor\\laravel\\framework\\src\\Illuminate\\Database\\Connection.php(720): Illuminate\\Database\\Connection->runQueryCallback('select * from `...', Array, Object(Closure))
#1 C:\\Users\\mahmo\\Barcody\\vendor\\laravel\\framework\\src\\Illuminate\\Database\\Connection.php(405): Illuminate\\Database\\Connection->run('select * from `...', Array, Object(Closure))
#2 C:\\Users\\mahmo\\Barcody\\vendor\\laravel\\framework\\src\\Illuminate\\Database\\Query\\Builder.php(2705): Illuminate\\Database\\Connection->select('select * from `...', Array, true)
#3 C:\\Users\\mahmo\\Barcody\\vendor\\laravel\\framework\\src\\Illuminate\\Database\\Query\\Builder.php(2694): Illuminate\\Database\\Query\\Builder->runSelect()
#4 C:\\Users\\mahmo\\Barcody\\vendor\\laravel\\framework\\src\\Illuminate\\Database\\Query\\Builder.php(3230): Illuminate\\Database\\Query\\Builder->Illuminate\\Database\\Query\\{closure}()
#5 C:\\Users\\mahmo\\Barcody\\vendor\\laravel\\framework\\src\\Illuminate\\Database\\Query\\Builder.php(2693): Illuminate\\Database\\Query\\Builder->onceWithColumns(Array, Object(Closure))
#6 C:\\Users\\mahmo\\Barcody\\vendor\\laravel\\framework\\src\\Illuminate\\Database\\Eloquent\\Builder.php(710): Illuminate\\Database\\Query\\Builder->get(Array)
#7 C:\\Users\\mahmo\\Barcody\\vendor\\laravel\\framework\\src\\Illuminate\\Database\\Eloquent\\Builder.php(694): Illuminate\\Database\\Eloquent\\Builder->getModels(Array)
#8 C:\\Users\\mahmo\\Barcody\\vendor\\laravel\\framework\\src\\Illuminate\\Database\\Eloquent\\Model.php(673): Illuminate\\Database\\Eloquent\\Builder->get(Array)
#9 C:\\Users\\mahmo\\Barcody\\app\\Http\\Controllers\\LandingPage\\PlanController.php(13): Illuminate\\Database\\Eloquent\\Model::all()
#10 C:\\Users\\mahmo\\Barcody\\vendor\\laravel\\framework\\src\\Illuminate\\Routing\\Controller.php(54): App\\Http\\Controllers\\LandingPage\\PlanController->index()
#11 C:\\Users\\mahmo\\Barcody\\vendor\\laravel\\framework\\src\\Illuminate\\Routing\\ControllerDispatcher.php(43): Illuminate\\Routing\\Controller->callAction('index', Array)
#12 C:\\Users\\mahmo\\Barcody\\vendor\\laravel\\framework\\src\\Illuminate\\Routing\\Route.php(259): Illuminate\\Routing\\ControllerDispatcher->dispatch(Object(Illuminate\\Routing\\Route), Object(App\\Http\\Controllers\\LandingPage\\PlanController), 'index')
#13 C:\\Users\\mahmo\\Barcody\\vendor\\laravel\\framework\\src\\Illuminate\\Routing\\Route.php(205): Illuminate\\Routing\\Route->runController()
#14 C:\\Users\\mahmo\\Barcody\\vendor\\laravel\\framework\\src\\Illuminate\\Routing\\Router.php(798): Illuminate\\Routing\\Route->run()
#15 C:\\Users\\mahmo\\Barcody\\vendor\\laravel\\framework\\src\\Illuminate\\Pipeline\\Pipeline.php(141): Illuminate\\Routing\\Router->Illuminate\\Routing\\{closure}(Object(Illuminate\\Http\\Request))
#16 C:\\Users\\mahmo\\Barcody\\vendor\\laravel\\framework\\src\\Illuminate\\Routing\\Middleware\\SubstituteBindings.php(50): Illuminate\\Pipeline\\Pipeline->Illuminate\\Pipeline\\{closure}(Object(Illuminate\\Http\\Request))
#17 C:\\Users\\mahmo\\Barcody\\vendor\\laravel\\framework\\src\\Illuminate\\Pipeline\\Pipeline.php(180): Illuminate\\Routing\\Middleware\\SubstituteBindings->handle(Object(Illuminate\\Http\\Request), Object(Closure))
#18 C:\\Users\\mahmo\\Barcody\\vendor\\laravel\\framework\\src\\Illuminate\\Foundation\\Http\\Middleware\\VerifyCsrfToken.php(78): Illuminate\\Pipeline\\Pipeline->Illuminate\\Pipeline\\{closure}(Object(Illuminate\\Http\\Request))
#19 C:\\Users\\mahmo\\Barcody\\vendor\\laravel\\framework\\src\\Illuminate\\Pipeline\\Pipeline.php(180): Illuminate\\Foundation\\Http\\Middleware\\VerifyCsrfToken->handle(Object(Illuminate\\Http\\Request), Object(Closure))
#20 C:\\Users\\mahmo\\Barcody\\vendor\\laravel\\framework\\src\\Illuminate\\View\\Middleware\\ShareErrorsFromSession.php(49): Illuminate\\Pipeline\\Pipeline->Illuminate\\Pipeline\\{closure}(Object(Illuminate\\Http\\Request))
#21 C:\\Users\\mahmo\\Barcody\\vendor\\laravel\\framework\\src\\Illuminate\\Pipeline\\Pipeline.php(180): Illuminate\\View\\Middleware\\ShareErrorsFromSession->handle(Object(Illuminate\\Http\\Request), Object(Closure))
#22 C:\\Users\\mahmo\\Barcody\\vendor\\laravel\\framework\\src\\Illuminate\\Session\\Middleware\\StartSession.php(121): Illuminate\\Pipeline\\Pipeline->Illuminate\\Pipeline\\{closure}(Object(Illuminate\\Http\\Request))
#23 C:\\Users\\mahmo\\Barcody\\vendor\\laravel\\framework\\src\\Illuminate\\Session\\Middleware\\StartSession.php(64): Illuminate\\Session\\Middleware\\StartSession->handleStatefulRequest(Object(Illuminate\\Http\\Request), Object(Illuminate\\Session\\Store), Object(Closure))
#24 C:\\Users\\mahmo\\Barcody\\vendor\\laravel\\framework\\src\\Illuminate\\Pipeline\\Pipeline.php(180): Illuminate\\Session\\Middleware\\StartSession->handle(Object(Illuminate\\Http\\Request), Object(Closure))
#25 C:\\Users\\mahmo\\Barcody\\vendor\\laravel\\framework\\src\\Illuminate\\Cookie\\Middleware\\AddQueuedCookiesToResponse.php(37): Illuminate\\Pipeline\\Pipeline->Illuminate\\Pipeline\\{closure}(Object(Illuminate\\Http\\Request))
#26 C:\\Users\\mahmo\\Barcody\\vendor\\laravel\\framework\\src\\Illuminate\\Pipeline\\Pipeline.php(180): Illuminate\\Cookie\\Middleware\\AddQueuedCookiesToResponse->handle(Object(Illuminate\\Http\\Request), Object(Closure))
#27 C:\\Users\\mahmo\\Barcody\\vendor\\laravel\\framework\\src\\Illuminate\\Cookie\\Middleware\\EncryptCookies.php(67): Illuminate\\Pipeline\\Pipeline->Illuminate\\Pipeline\\{closure}(Object(Illuminate\\Http\\Request))
#28 C:\\Users\\mahmo\\Barcody\\vendor\\laravel\\framework\\src\\Illuminate\\Pipeline\\Pipeline.php(180): Illuminate\\Cookie\\Middleware\\EncryptCookies->handle(Object(Illuminate\\Http\\Request), Object(Closure))
#29 C:\\Users\\mahmo\\Barcody\\vendor\\laravel\\framework\\src\\Illuminate\\Pipeline\\Pipeline.php(116): Illuminate\\Pipeline\\Pipeline->Illuminate\\Pipeline\\{closure}(Object(Illuminate\\Http\\Request))
#30 C:\\Users\\mahmo\\Barcody\\vendor\\laravel\\framework\\src\\Illuminate\\Routing\\Router.php(797): Illuminate\\Pipeline\\Pipeline->then(Object(Closure))
#31 C:\\Users\\mahmo\\Barcody\\vendor\\laravel\\framework\\src\\Illuminate\\Routing\\Router.php(776): Illuminate\\Routing\\Router->runRouteWithinStack(Object(Illuminate\\Routing\\Route), Object(Illuminate\\Http\\Request))
#32 C:\\Users\\mahmo\\Barcody\\vendor\\laravel\\framework\\src\\Illuminate\\Routing\\Router.php(740): Illuminate\\Routing\\Router->runRoute(Object(Illuminate\\Http\\Request), Object(Illuminate\\Routing\\Route))
#33 C:\\Users\\mahmo\\Barcody\\vendor\\laravel\\framework\\src\\Illuminate\\Routing\\Router.php(729): Illuminate\\Routing\\Router->dispatchToRoute(Object(Illuminate\\Http\\Request))
#34 C:\\Users\\mahmo\\Barcody\\vendor\\laravel\\framework\\src\\Illuminate\\Foundation\\Http\\Kernel.php(190): Illuminate\\Routing\\Router->dispatch(Object(Illuminate\\Http\\Request))
#35 C:\\Users\\mahmo\\Barcody\\vendor\\laravel\\framework\\src\\Illuminate\\Pipeline\\Pipeline.php(141): Illuminate\\Foundation\\Http\\Kernel->Illuminate\\Foundation\\Http\\{closure}(Object(Illuminate\\Http\\Request))
#36 C:\\Users\\mahmo\\Barcody\\vendor\\laravel\\framework\\src\\Illuminate\\Foundation\\Http\\Middleware\\TransformsRequest.php(21): Illuminate\\Pipeline\\Pipeline->Illuminate\\Pipeline\\{closure}(Object(Illuminate\\Http\\Request))
#37 C:\\Users\\mahmo\\Barcody\\vendor\\laravel\\framework\\src\\Illuminate\\Foundation\\Http\\Middleware\\ConvertEmptyStringsToNull.php(31): Illuminate\\Foundation\\Http\\Middleware\\TransformsRequest->handle(Object(Illuminate\\Http\\Request), Object(Closure))
#38 C:\\Users\\mahmo\\Barcody\\vendor\\laravel\\framework\\src\\Illuminate\\Pipeline\\Pipeline.php(180): Illuminate\\Foundation\\Http\\Middleware\\ConvertEmptyStringsToNull->handle(Object(Illuminate\\Http\\Request), Object(Closure))
#39 C:\\Users\\mahmo\\Barcody\\vendor\\laravel\\framework\\src\\Illuminate\\Foundation\\Http\\Middleware\\TransformsRequest.php(21): Illuminate\\Pipeline\\Pipeline->Illuminate\\Pipeline\\{closure}(Object(Illuminate\\Http\\Request))
#40 C:\\Users\\mahmo\\Barcody\\vendor\\laravel\\framework\\src\\Illuminate\\Foundation\\Http\\Middleware\\TrimStrings.php(40): Illuminate\\Foundation\\Http\\Middleware\\TransformsRequest->handle(Object(Illuminate\\Http\\Request), Object(Closure))
#41 C:\\Users\\mahmo\\Barcody\\vendor\\laravel\\framework\\src\\Illuminate\\Pipeline\\Pipeline.php(180): Illuminate\\Foundation\\Http\\Middleware\\TrimStrings->handle(Object(Illuminate\\Http\\Request), Object(Closure))
#42 C:\\Users\\mahmo\\Barcody\\vendor\\laravel\\framework\\src\\Illuminate\\Foundation\\Http\\Middleware\\ValidatePostSize.php(27): Illuminate\\Pipeline\\Pipeline->Illuminate\\Pipeline\\{closure}(Object(Illuminate\\Http\\Request))
#43 C:\\Users\\mahmo\\Barcody\\vendor\\laravel\\framework\\src\\Illuminate\\Pipeline\\Pipeline.php(180): Illuminate\\Foundation\\Http\\Middleware\\ValidatePostSize->handle(Object(Illuminate\\Http\\Request), Object(Closure))
#44 C:\\Users\\mahmo\\Barcody\\vendor\\laravel\\framework\\src\\Illuminate\\Foundation\\Http\\Middleware\\PreventRequestsDuringMaintenance.php(86): Illuminate\\Pipeline\\Pipeline->Illuminate\\Pipeline\\{closure}(Object(Illuminate\\Http\\Request))
#45 C:\\Users\\mahmo\\Barcody\\vendor\\laravel\\framework\\src\\Illuminate\\Pipeline\\Pipeline.php(180): Illuminate\\Foundation\\Http\\Middleware\\PreventRequestsDuringMaintenance->handle(Object(Illuminate\\Http\\Request), Object(Closure))
#46 C:\\Users\\mahmo\\Barcody\\vendor\\laravel\\framework\\src\\Illuminate\\Http\\Middleware\\HandleCors.php(49): Illuminate\\Pipeline\\Pipeline->Illuminate\\Pipeline\\{closure}(Object(Illuminate\\Http\\Request))
#47 C:\\Users\\mahmo\\Barcody\\vendor\\laravel\\framework\\src\\Illuminate\\Pipeline\\Pipeline.php(180): Illuminate\\Http\\Middleware\\HandleCors->handle(Object(Illuminate\\Http\\Request), Object(Closure))
#48 C:\\Users\\mahmo\\Barcody\\vendor\\laravel\\framework\\src\\Illuminate\\Http\\Middleware\\TrustProxies.php(39): Illuminate\\Pipeline\\Pipeline->Illuminate\\Pipeline\\{closure}(Object(Illuminate\\Http\\Request))
#49 C:\\Users\\mahmo\\Barcody\\vendor\\laravel\\framework\\src\\Illuminate\\Pipeline\\Pipeline.php(180): Illuminate\\Http\\Middleware\\TrustProxies->handle(Object(Illuminate\\Http\\Request), Object(Closure))
#50 C:\\Users\\mahmo\\Barcody\\vendor\\laravel\\framework\\src\\Illuminate\\Pipeline\\Pipeline.php(116): Illuminate\\Pipeline\\Pipeline->Illuminate\\Pipeline\\{closure}(Object(Illuminate\\Http\\Request))
#51 C:\\Users\\mahmo\\Barcody\\vendor\\laravel\\framework\\src\\Illuminate\\Foundation\\Http\\Kernel.php(165): Illuminate\\Pipeline\\Pipeline->then(Object(Closure))
#52 C:\\Users\\mahmo\\Barcody\\vendor\\laravel\\framework\\src\\Illuminate\\Foundation\\Http\\Kernel.php(134): Illuminate\\Foundation\\Http\\Kernel->sendRequestThroughRouter(Object(Illuminate\\Http\\Request))
#53 C:\\Users\\mahmo\\Barcody\\public\\index.php(51): Illuminate\\Foundation\\Http\\Kernel->handle(Object(Illuminate\\Http\\Request))
#54 C:\\Users\\mahmo\\Barcody\\vendor\\laravel\\framework\\src\\Illuminate\\Foundation\\resources\\server.php(16): require_once('C:\\\\Users\\\\mahmo\\\\...')
#55 {main}

[previous exception] [object] (PDOException(code: 42S02): SQLSTATE[42S02]: Base table or view not found: 1146 Table 'wedding_app.plans' doesn't exist at C:\\Users\\mahmo\\Barcody\\vendor\\laravel\\framework\\src\\Illuminate\\Database\\Connection.php:414)
[stacktrace]
#0 C:\\Users\\mahmo\\Barcody\\vendor\\laravel\\framework\\src\\Illuminate\\Database\\Connection.php(414): PDO->prepare('select * from `...')
#1 C:\\Users\\mahmo\\Barcody\\vendor\\laravel\\framework\\src\\Illuminate\\Database\\Connection.php(753): Illuminate\\Database\\Connection->Illuminate\\Database\\{closure}('select * from `...', Array)
#2 C:\\Users\\mahmo\\Barcody\\vendor\\laravel\\framework\\src\\Illuminate\\Database\\Connection.php(720): Illuminate\\Database\\Connection->runQueryCallback('select * from `...', Array, Object(Closure))
#3 C:\\Users\\mahmo\\Barcody\\vendor\\laravel\\framework\\src\\Illuminate\\Database\\Connection.php(405): Illuminate\\Database\\Connection->run('select * from `...', Array, Object(Closure))
#4 C:\\Users\\mahmo\\Barcody\\vendor\\laravel\\framework\\src\\Illuminate\\Database\\Query\\Builder.php(2705): Illuminate\\Database\\Connection->select('select * from `...', Array, true)
#5 C:\\Users\\mahmo\\Barcody\\vendor\\laravel\\framework\\src\\Illuminate\\Database\\Query\\Builder.php(2694): Illuminate\\Database\\Query\\Builder->runSelect()
#6 C:\\Users\\mahmo\\Barcody\\vendor\\laravel\\framework\\src\\Illuminate\\Database\\Query\\Builder.php(3230): Illuminate\\Database\\Query\\Builder->Illuminate\\Database\\Query\\{closure}()
#7 C:\\Users\\mahmo\\Barcody\\vendor\\laravel\\framework\\src\\Illuminate\\Database\\Query\\Builder.php(2693): Illuminate\\Database\\Query\\Builder->onceWithColumns(Array, Object(Closure))
#8 C:\\Users\\mahmo\\Barcody\\vendor\\laravel\\framework\\src\\Illuminate\\Database\\Eloquent\\Builder.php(710): Illuminate\\Database\\Query\\Builder->get(Array)
#9 C:\\Users\\mahmo\\Barcody\\vendor\\laravel\\framework\\src\\Illuminate\\Database\\Eloquent\\Builder.php(694): Illuminate\\Database\\Eloquent\\Builder->getModels(Array)
#10 C:\\Users\\mahmo\\Barcody\\vendor\\laravel\\framework\\src\\Illuminate\\Database\\Eloquent\\Model.php(673): Illuminate\\Database\\Eloquent\\Builder->get(Array)
#11 C:\\Users\\mahmo\\Barcody\\app\\Http\\Controllers\\LandingPage\\PlanController.php(13): Illuminate\\Database\\Eloquent\\Model::all()
#12 C:\\Users\\mahmo\\Barcody\\vendor\\laravel\\framework\\src\\Illuminate\\Routing\\Controller.php(54): App\\Http\\Controllers\\LandingPage\\PlanController->index()
#13 C:\\Users\\mahmo\\Barcody\\vendor\\laravel\\framework\\src\\Illuminate\\Routing\\ControllerDispatcher.php(43): Illuminate\\Routing\\Controller->callAction('index', Array)
#14 C:\\Users\\mahmo\\Barcody\\vendor\\laravel\\framework\\src\\Illuminate\\Routing\\Route.php(259): Illuminate\\Routing\\ControllerDispatcher->dispatch(Object(Illuminate\\Routing\\Route), Object(App\\Http\\Controllers\\LandingPage\\PlanController), 'index')
#15 C:\\Users\\mahmo\\Barcody\\vendor\\laravel\\framework\\src\\Illuminate\\Routing\\Route.php(205): Illuminate\\Routing\\Route->runController()
#16 C:\\Users\\mahmo\\Barcody\\vendor\\laravel\\framework\\src\\Illuminate\\Routing\\Router.php(798): Illuminate\\Routing\\Route->run()
#17 C:\\Users\\mahmo\\Barcody\\vendor\\laravel\\framework\\src\\Illuminate\\Pipeline\\Pipeline.php(141): Illuminate\\Routing\\Router->Illuminate\\Routing\\{closure}(Object(Illuminate\\Http\\Request))
#18 C:\\Users\\mahmo\\Barcody\\vendor\\laravel\\framework\\src\\Illuminate\\Routing\\Middleware\\SubstituteBindings.php(50): Illuminate\\Pipeline\\Pipeline->Illuminate\\Pipeline\\{closure}(Object(Illuminate\\Http\\Request))
#19 C:\\Users\\mahmo\\Barcody\\vendor\\laravel\\framework\\src\\Illuminate\\Pipeline\\Pipeline.php(180): Illuminate\\Routing\\Middleware\\SubstituteBindings->handle(Object(Illuminate\\Http\\Request), Object(Closure))
#20 C:\\Users\\mahmo\\Barcody\\vendor\\laravel\\framework\\src\\Illuminate\\Foundation\\Http\\Middleware\\VerifyCsrfToken.php(78): Illuminate\\Pipeline\\Pipeline->Illuminate\\Pipeline\\{closure}(Object(Illuminate\\Http\\Request))
#21 C:\\Users\\mahmo\\Barcody\\vendor\\laravel\\framework\\src\\Illuminate\\Pipeline\\Pipeline.php(180): Illuminate\\Foundation\\Http\\Middleware\\VerifyCsrfToken->handle(Object(Illuminate\\Http\\Request), Object(Closure))
#22 C:\\Users\\mahmo\\Barcody\\vendor\\laravel\\framework\\src\\Illuminate\\View\\Middleware\\ShareErrorsFromSession.php(49): Illuminate\\Pipeline\\Pipeline->Illuminate\\Pipeline\\{closure}(Object(Illuminate\\Http\\Request))
#23 C:\\Users\\mahmo\\Barcody\\vendor\\laravel\\framework\\src\\Illuminate\\Pipeline\\Pipeline.php(180): Illuminate\\View\\Middleware\\ShareErrorsFromSession->handle(Object(Illuminate\\Http\\Request), Object(Closure))
#24 C:\\Users\\mahmo\\Barcody\\vendor\\laravel\\framework\\src\\Illuminate\\Session\\Middleware\\StartSession.php(121): Illuminate\\Pipeline\\Pipeline->Illuminate\\Pipeline\\{closure}(Object(Illuminate\\Http\\Request))
#25 C:\\Users\\mahmo\\Barcody\\vendor\\laravel\\framework\\src\\Illuminate\\Session\\Middleware\\StartSession.php(64): Illuminate\\Session\\Middleware\\StartSession->handleStatefulRequest(Object(Illuminate\\Http\\Request), Object(Illuminate\\Session\\Store), Object(Closure))
#26 C:\\Users\\mahmo\\Barcody\\vendor\\laravel\\framework\\src\\Illuminate\\Pipeline\\Pipeline.php(180): Illuminate\\Session\\Middleware\\StartSession->handle(Object(Illuminate\\Http\\Request), Object(Closure))
#27 C:\\Users\\mahmo\\Barcody\\vendor\\laravel\\framework\\src\\Illuminate\\Cookie\\Middleware\\AddQueuedCookiesToResponse.php(37): Illuminate\\Pipeline\\Pipeline->Illuminate\\Pipeline\\{closure}(Object(Illuminate\\Http\\Request))
#28 C:\\Users\\mahmo\\Barcody\\vendor\\laravel\\framework\\src\\Illuminate\\Pipeline\\Pipeline.php(180): Illuminate\\Cookie\\Middleware\\AddQueuedCookiesToResponse->handle(Object(Illuminate\\Http\\Request), Object(Closure))
#29 C:\\Users\\mahmo\\Barcody\\vendor\\laravel\\framework\\src\\Illuminate\\Cookie\\Middleware\\EncryptCookies.php(67): Illuminate\\Pipeline\\Pipeline->Illuminate\\Pipeline\\{closure}(Object(Illuminate\\Http\\Request))
#30 C:\\Users\\mahmo\\Barcody\\vendor\\laravel\\framework\\src\\Illuminate\\Pipeline\\Pipeline.php(180): Illuminate\\Cookie\\Middleware\\EncryptCookies->handle(Object(Illuminate\\Http\\Request), Object(Closure))
#31 C:\\Users\\mahmo\\Barcody\\vendor\\laravel\\framework\\src\\Illuminate\\Pipeline\\Pipeline.php(116): Illuminate\\Pipeline\\Pipeline->Illuminate\\Pipeline\\{closure}(Object(Illuminate\\Http\\Request))
#32 C:\\Users\\mahmo\\Barcody\\vendor\\laravel\\framework\\src\\Illuminate\\Routing\\Router.php(797): Illuminate\\Pipeline\\Pipeline->then(Object(Closure))
#33 C:\\Users\\mahmo\\Barcody\\vendor\\laravel\\framework\\src\\Illuminate\\Routing\\Router.php(776): Illuminate\\Routing\\Router->runRouteWithinStack(Object(Illuminate\\Routing\\Route), Object(Illuminate\\Http\\Request))
#34 C:\\Users\\mahmo\\Barcody\\vendor\\laravel\\framework\\src\\Illuminate\\Routing\\Router.php(740): Illuminate\\Routing\\Router->runRoute(Object(Illuminate\\Http\\Request), Object(Illuminate\\Routing\\Route))
#35 C:\\Users\\mahmo\\Barcody\\vendor\\laravel\\framework\\src\\Illuminate\\Routing\\Router.php(729): Illuminate\\Routing\\Router->dispatchToRoute(Object(Illuminate\\Http\\Request))
#36 C:\\Users\\mahmo\\Barcody\\vendor\\laravel\\framework\\src\\Illuminate\\Foundation\\Http\\Kernel.php(190): Illuminate\\Routing\\Router->dispatch(Object(Illuminate\\Http\\Request))
#37 C:\\Users\\mahmo\\Barcody\\vendor\\laravel\\framework\\src\\Illuminate\\Pipeline\\Pipeline.php(141): Illuminate\\Foundation\\Http\\Kernel->Illuminate\\Foundation\\Http\\{closure}(Object(Illuminate\\Http\\Request))
#38 C:\\Users\\mahmo\\Barcody\\vendor\\laravel\\framework\\src\\Illuminate\\Foundation\\Http\\Middleware\\TransformsRequest.php(21): Illuminate\\Pipeline\\Pipeline->Illuminate\\Pipeline\\{closure}(Object(Illuminate\\Http\\Request))
#39 C:\\Users\\mahmo\\Barcody\\vendor\\laravel\\framework\\src\\Illuminate\\Foundation\\Http\\Middleware\\ConvertEmptyStringsToNull.php(31): Illuminate\\Foundation\\Http\\Middleware\\TransformsRequest->handle(Object(Illuminate\\Http\\Request), Object(Closure))
#40 C:\\Users\\mahmo\\Barcody\\vendor\\laravel\\framework\\src\\Illuminate\\Pipeline\\Pipeline.php(180): Illuminate\\Foundation\\Http\\Middleware\\ConvertEmptyStringsToNull->handle(Object(Illuminate\\Http\\Request), Object(Closure))
#41 C:\\Users\\mahmo\\Barcody\\vendor\\laravel\\framework\\src\\Illuminate\\Foundation\\Http\\Middleware\\TransformsRequest.php(21): Illuminate\\Pipeline\\Pipeline->Illuminate\\Pipeline\\{closure}(Object(Illuminate\\Http\\Request))
#42 C:\\Users\\mahmo\\Barcody\\vendor\\laravel\\framework\\src\\Illuminate\\Foundation\\Http\\Middleware\\TrimStrings.php(40): Illuminate\\Foundation\\Http\\Middleware\\TransformsRequest->handle(Object(Illuminate\\Http\\Request), Object(Closure))
#43 C:\\Users\\mahmo\\Barcody\\vendor\\laravel\\framework\\src\\Illuminate\\Pipeline\\Pipeline.php(180): Illuminate\\Foundation\\Http\\Middleware\\TrimStrings->handle(Object(Illuminate\\Http\\Request), Object(Closure))
#44 C:\\Users\\mahmo\\Barcody\\vendor\\laravel\\framework\\src\\Illuminate\\Foundation\\Http\\Middleware\\ValidatePostSize.php(27): Illuminate\\Pipeline\\Pipeline->Illuminate\\Pipeline\\{closure}(Object(Illuminate\\Http\\Request))
#45 C:\\Users\\mahmo\\Barcody\\vendor\\laravel\\framework\\src\\Illuminate\\Pipeline\\Pipeline.php(180): Illuminate\\Foundation\\Http\\Middleware\\ValidatePostSize->handle(Object(Illuminate\\Http\\Request), Object(Closure))
#46 C:\\Users\\mahmo\\Barcody\\vendor\\laravel\\framework\\src\\Illuminate\\Foundation\\Http\\Middleware\\PreventRequestsDuringMaintenance.php(86): Illuminate\\Pipeline\\Pipeline->Illuminate\\Pipeline\\{closure}(Object(Illuminate\\Http\\Request))
#47 C:\\Users\\mahmo\\Barcody\\vendor\\laravel\\framework\\src\\Illuminate\\Pipeline\\Pipeline.php(180): Illuminate\\Foundation\\Http\\Middleware\\PreventRequestsDuringMaintenance->handle(Object(Illuminate\\Http\\Request), Object(Closure))
#48 C:\\Users\\mahmo\\Barcody\\vendor\\laravel\\framework\\src\\Illuminate\\Http\\Middleware\\HandleCors.php(49): Illuminate\\Pipeline\\Pipeline->Illuminate\\Pipeline\\{closure}(Object(Illuminate\\Http\\Request))
#49 C:\\Users\\mahmo\\Barcody\\vendor\\laravel\\framework\\src\\Illuminate\\Pipeline\\Pipeline.php(180): Illuminate\\Http\\Middleware\\HandleCors->handle(Object(Illuminate\\Http\\Request), Object(Closure))
#50 C:\\Users\\mahmo\\Barcody\\vendor\\laravel\\framework\\src\\Illuminate\\Http\\Middleware\\TrustProxies.php(39): Illuminate\\Pipeline\\Pipeline->Illuminate\\Pipeline\\{closure}(Object(Illuminate\\Http\\Request))
#51 C:\\Users\\mahmo\\Barcody\\vendor\\laravel\\framework\\src\\Illuminate\\Pipeline\\Pipeline.php(180): Illuminate\\Http\\Middleware\\TrustProxies->handle(Object(Illuminate\\Http\\Request), Object(Closure))
#52 C:\\Users\\mahmo\\Barcody\\vendor\\laravel\\framework\\src\\Illuminate\\Pipeline\\Pipeline.php(116): Illuminate\\Pipeline\\Pipeline->Illuminate\\Pipeline\\{closure}(Object(Illuminate\\Http\\Request))
#53 C:\\Users\\mahmo\\Barcody\\vendor\\laravel\\framework\\src\\Illuminate\\Foundation\\Http\\Kernel.php(165): Illuminate\\Pipeline\\Pipeline->then(Object(Closure))
#54 C:\\Users\\mahmo\\Barcody\\vendor\\laravel\\framework\\src\\Illuminate\\Foundation\\Http\\Kernel.php(134): Illuminate\\Foundation\\Http\\Kernel->sendRequestThroughRouter(Object(Illuminate\\Http\\Request))
#55 C:\\Users\\mahmo\\Barcody\\public\\index.php(51): Illuminate\\Foundation\\Http\\Kernel->handle(Object(Illuminate\\Http\\Request))
#56 C:\\Users\\mahmo\\Barcody\\vendor\\laravel\\framework\\src\\Illuminate\\Foundation\\resources\\server.php(16): require_once('C:\\\\Users\\\\mahmo\\\\...')
#57 {main}
"} 
[2026-05-31 21:04:19] local.ERROR: SQLSTATE[42S02]: Base table or view not found: 1146 Table 'wedding_app.faqs' doesn't exist (SQL: select * from `faqs`) {"userId":1,"exception":"[object] (Illuminate\\Database\\QueryException(code: 42S02): SQLSTATE[42S02]: Base table or view not found: 1146 Table 'wedding_app.faqs' doesn't exist (SQL: select * from `faqs`) at C:\\Users\\mahmo\\Barcody\\vendor\\laravel\\framework\\src\\Illuminate\\Database\\Connection.php:760)
[stacktrace]
#0 C:\\Users\\mahmo\\Barcody\\vendor\\laravel\\framework\\src\\Illuminate\\Database\\Connection.php(720): Illuminate\\Database\\Connection->runQueryCallback('select * from `...', Array, Object(Closure))
#1 C:\\Users\\mahmo\\Barcody\\vendor\\laravel\\framework\\src\\Illuminate\\Database\\Connection.php(405): Illuminate\\Database\\Connection->run('select * from `...', Array, Object(Closure))
#2 C:\\Users\\mahmo\\Barcody\\vendor\\laravel\\framework\\src\\Illuminate\\Database\\Query\\Builder.php(2705): Illuminate\\Database\\Connection->select('select * from `...', Array, true)
#3 C:\\Users\\mahmo\\Barcody\\vendor\\laravel\\framework\\src\\Illuminate\\Database\\Query\\Builder.php(2694): Illuminate\\Database\\Query\\Builder->runSelect()
#4 C:\\Users\\mahmo\\Barcody\\vendor\\laravel\\framework\\src\\Illuminate\\Database\\Query\\Builder.php(3230): Illuminate\\Database\\Query\\Builder->Illuminate\\Database\\Query\\{closure}()
#5 C:\\Users\\mahmo\\Barcody\\vendor\\laravel\\framework\\src\\Illuminate\\Database\\Query\\Builder.php(2693): Illuminate\\Database\\Query\\Builder->onceWithColumns(Array, Object(Closure))
#6 C:\\Users\\mahmo\\Barcody\\vendor\\laravel\\framework\\src\\Illuminate\\Database\\Eloquent\\Builder.php(710): Illuminate\\Database\\Query\\Builder->get(Array)
#7 C:\\Users\\mahmo\\Barcody\\vendor\\laravel\\framework\\src\\Illuminate\\Database\\Eloquent\\Builder.php(694): Illuminate\\Database\\Eloquent\\Builder->getModels(Array)
#8 C:\\Users\\mahmo\\Barcody\\vendor\\laravel\\framework\\src\\Illuminate\\Database\\Eloquent\\Model.php(673): Illuminate\\Database\\Eloquent\\Builder->get(Array)
#9 C:\\Users\\mahmo\\Barcody\\app\\Http\\Controllers\\LandingPage\\FaqController.php(13): Illuminate\\Database\\Eloquent\\Model::all()
#10 C:\\Users\\mahmo\\Barcody\\vendor\\laravel\\framework\\src\\Illuminate\\Routing\\Controller.php(54): App\\Http\\Controllers\\LandingPage\\FaqController->index()
#11 C:\\Users\\mahmo\\Barcody\\vendor\\laravel\\framework\\src\\Illuminate\\Routing\\ControllerDispatcher.php(43): Illuminate\\Routing\\Controller->callAction('index', Array)
#12 C:\\Users\\mahmo\\Barcody\\vendor\\laravel\\framework\\src\\Illuminate\\Routing\\Route.php(259): Illuminate\\Routing\\ControllerDispatcher->dispatch(Object(Illuminate\\Routing\\Route), Object(App\\Http\\Controllers\\LandingPage\\FaqController), 'index')
#13 C:\\Users\\mahmo\\Barcody\\vendor\\laravel\\framework\\src\\Illuminate\\Routing\\Route.php(205): Illuminate\\Routing\\Route->runController()
#14 C:\\Users\\mahmo\\Barcody\\vendor\\laravel\\framework\\src\\Illuminate\\Routing\\Router.php(798): Illuminate\\Routing\\Route->run()
#15 C:\\Users\\mahmo\\Barcody\\vendor\\laravel\\framework\\src\\Illuminate\\Pipeline\\Pipeline.php(141): Illuminate\\Routing\\Router->Illuminate\\Routing\\{closure}(Object(Illuminate\\Http\\Request))
#16 C:\\Users\\mahmo\\Barcody\\vendor\\laravel\\framework\\src\\Illuminate\\Routing\\Middleware\\SubstituteBindings.php(50): Illuminate\\Pipeline\\Pipeline->Illuminate\\Pipeline\\{closure}(Object(Illuminate\\Http\\Request))
#17 C:\\Users\\mahmo\\Barcody\\vendor\\laravel\\framework\\src\\Illuminate\\Pipeline\\Pipeline.php(180): Illuminate\\Routing\\Middleware\\SubstituteBindings->handle(Object(Illuminate\\Http\\Request), Object(Closure))
#18 C:\\Users\\mahmo\\Barcody\\vendor\\laravel\\framework\\src\\Illuminate\\Foundation\\Http\\Middleware\\VerifyCsrfToken.php(78): Illuminate\\Pipeline\\Pipeline->Illuminate\\Pipeline\\{closure}(Object(Illuminate\\Http\\Request))
#19 C:\\Users\\mahmo\\Barcody\\vendor\\laravel\\framework\\src\\Illuminate\\Pipeline\\Pipeline.php(180): Illuminate\\Foundation\\Http\\Middleware\\VerifyCsrfToken->handle(Object(Illuminate\\Http\\Request), Object(Closure))
#20 C:\\Users\\mahmo\\Barcody\\vendor\\laravel\\framework\\src\\Illuminate\\View\\Middleware\\ShareErrorsFromSession.php(49): Illuminate\\Pipeline\\Pipeline->Illuminate\\Pipeline\\{closure}(Object(Illuminate\\Http\\Request))
#21 C:\\Users\\mahmo\\Barcody\\vendor\\laravel\\framework\\src\\Illuminate\\Pipeline\\Pipeline.php(180): Illuminate\\View\\Middleware\\ShareErrorsFromSession->handle(Object(Illuminate\\Http\\Request), Object(Closure))
#22 C:\\Users\\mahmo\\Barcody\\vendor\\laravel\\framework\\src\\Illuminate\\Session\\Middleware\\StartSession.php(121): Illuminate\\Pipeline\\Pipeline->Illuminate\\Pipeline\\{closure}(Object(Illuminate\\Http\\Request))
#23 C:\\Users\\mahmo\\Barcody\\vendor\\laravel\\framework\\src\\Illuminate\\Session\\Middleware\\StartSession.php(64): Illuminate\\Session\\Middleware\\StartSession->handleStatefulRequest(Object(Illuminate\\Http\\Request), Object(Illuminate\\Session\\Store), Object(Closure))
#24 C:\\Users\\mahmo\\Barcody\\vendor\\laravel\\framework\\src\\Illuminate\\Pipeline\\Pipeline.php(180): Illuminate\\Session\\Middleware\\StartSession->handle(Object(Illuminate\\Http\\Request), Object(Closure))
#25 C:\\Users\\mahmo\\Barcody\\vendor\\laravel\\framework\\src\\Illuminate\\Cookie\\Middleware\\AddQueuedCookiesToResponse.php(37): Illuminate\\Pipeline\\Pipeline->Illuminate\\Pipeline\\{closure}(Object(Illuminate\\Http\\Request))
#26 C:\\Users\\mahmo\\Barcody\\vendor\\laravel\\framework\\src\\Illuminate\\Pipeline\\Pipeline.php(180): Illuminate\\Cookie\\Middleware\\AddQueuedCookiesToResponse->handle(Object(Illuminate\\Http\\Request), Object(Closure))
#27 C:\\Users\\mahmo\\Barcody\\vendor\\laravel\\framework\\src\\Illuminate\\Cookie\\Middleware\\EncryptCookies.php(67): Illuminate\\Pipeline\\Pipeline->Illuminate\\Pipeline\\{closure}(Object(Illuminate\\Http\\Request))
#28 C:\\Users\\mahmo\\Barcody\\vendor\\laravel\\framework\\src\\Illuminate\\Pipeline\\Pipeline.php(180): Illuminate\\Cookie\\Middleware\\EncryptCookies->handle(Object(Illuminate\\Http\\Request), Object(Closure))
#29 C:\\Users\\mahmo\\Barcody\\vendor\\laravel\\framework\\src\\Illuminate\\Pipeline\\Pipeline.php(116): Illuminate\\Pipeline\\Pipeline->Illuminate\\Pipeline\\{closure}(Object(Illuminate\\Http\\Request))
#30 C:\\Users\\mahmo\\Barcody\\vendor\\laravel\\framework\\src\\Illuminate\\Routing\\Router.php(797): Illuminate\\Pipeline\\Pipeline->then(Object(Closure))
#31 C:\\Users\\mahmo\\Barcody\\vendor\\laravel\\framework\\src\\Illuminate\\Routing\\Router.php(776): Illuminate\\Routing\\Router->runRouteWithinStack(Object(Illuminate\\Routing\\Route), Object(Illuminate\\Http\\Request))
#32 C:\\Users\\mahmo\\Barcody\\vendor\\laravel\\framework\\src\\Illuminate\\Routing\\Router.php(740): Illuminate\\Routing\\Router->runRoute(Object(Illuminate\\Http\\Request), Object(Illuminate\\Routing\\Route))
#33 C:\\Users\\mahmo\\Barcody\\vendor\\laravel\\framework\\src\\Illuminate\\Routing\\Router.php(729): Illuminate\\Routing\\Router->dispatchToRoute(Object(Illuminate\\Http\\Request))
#34 C:\\Users\\mahmo\\Barcody\\vendor\\laravel\\framework\\src\\Illuminate\\Foundation\\Http\\Kernel.php(190): Illuminate\\Routing\\Router->dispatch(Object(Illuminate\\Http\\Request))
#35 C:\\Users\\mahmo\\Barcody\\vendor\\laravel\\framework\\src\\Illuminate\\Pipeline\\Pipeline.php(141): Illuminate\\Foundation\\Http\\Kernel->Illuminate\\Foundation\\Http\\{closure}(Object(Illuminate\\Http\\Request))
#36 C:\\Users\\mahmo\\Barcody\\vendor\\laravel\\framework\\src\\Illuminate\\Foundation\\Http\\Middleware\\TransformsRequest.php(21): Illuminate\\Pipeline\\Pipeline->Illuminate\\Pipeline\\{closure}(Object(Illuminate\\Http\\Request))
#37 C:\\Users\\mahmo\\Barcody\\vendor\\laravel\\framework\\src\\Illuminate\\Foundation\\Http\\Middleware\\ConvertEmptyStringsToNull.php(31): Illuminate\\Foundation\\Http\\Middleware\\TransformsRequest->handle(Object(Illuminate\\Http\\Request), Object(Closure))
#38 C:\\Users\\mahmo\\Barcody\\vendor\\laravel\\framework\\src\\Illuminate\\Pipeline\\Pipeline.php(180): Illuminate\\Foundation\\Http\\Middleware\\ConvertEmptyStringsToNull->handle(Object(Illuminate\\Http\\Request), Object(Closure))
#39 C:\\Users\\mahmo\\Barcody\\vendor\\laravel\\framework\\src\\Illuminate\\Foundation\\Http\\Middleware\\TransformsRequest.php(21): Illuminate\\Pipeline\\Pipeline->Illuminate\\Pipeline\\{closure}(Object(Illuminate\\Http\\Request))
#40 C:\\Users\\mahmo\\Barcody\\vendor\\laravel\\framework\\src\\Illuminate\\Foundation\\Http\\Middleware\\TrimStrings.php(40): Illuminate\\Foundation\\Http\\Middleware\\TransformsRequest->handle(Object(Illuminate\\Http\\Request), Object(Closure))
#41 C:\\Users\\mahmo\\Barcody\\vendor\\laravel\\framework\\src\\Illuminate\\Pipeline\\Pipeline.php(180): Illuminate\\Foundation\\Http\\Middleware\\TrimStrings->handle(Object(Illuminate\\Http\\Request), Object(Closure))
#42 C:\\Users\\mahmo\\Barcody\\vendor\\laravel\\framework\\src\\Illuminate\\Foundation\\Http\\Middleware\\ValidatePostSize.php(27): Illuminate\\Pipeline\\Pipeline->Illuminate\\Pipeline\\{closure}(Object(Illuminate\\Http\\Request))
#43 C:\\Users\\mahmo\\Barcody\\vendor\\laravel\\framework\\src\\Illuminate\\Pipeline\\Pipeline.php(180): Illuminate\\Foundation\\Http\\Middleware\\ValidatePostSize->handle(Object(Illuminate\\Http\\Request), Object(Closure))
#44 C:\\Users\\mahmo\\Barcody\\vendor\\laravel\\framework\\src\\Illuminate\\Foundation\\Http\\Middleware\\PreventRequestsDuringMaintenance.php(86): Illuminate\\Pipeline\\Pipeline->Illuminate\\Pipeline\\{closure}(Object(Illuminate\\Http\\Request))
#45 C:\\Users\\mahmo\\Barcody\\vendor\\laravel\\framework\\src\\Illuminate\\Pipeline\\Pipeline.php(180): Illuminate\\Foundation\\Http\\Middleware\\PreventRequestsDuringMaintenance->handle(Object(Illuminate\\Http\\Request), Object(Closure))
#46 C:\\Users\\mahmo\\Barcody\\vendor\\laravel\\framework\\src\\Illuminate\\Http\\Middleware\\HandleCors.php(49): Illuminate\\Pipeline\\Pipeline->Illuminate\\Pipeline\\{closure}(Object(Illuminate\\Http\\Request))
#47 C:\\Users\\mahmo\\Barcody\\vendor\\laravel\\framework\\src\\Illuminate\\Pipeline\\Pipeline.php(180): Illuminate\\Http\\Middleware\\HandleCors->handle(Object(Illuminate\\Http\\Request), Object(Closure))
#48 C:\\Users\\mahmo\\Barcody\\vendor\\laravel\\framework\\src\\Illuminate\\Http\\Middleware\\TrustProxies.php(39): Illuminate\\Pipeline\\Pipeline->Illuminate\\Pipeline\\{closure}(Object(Illuminate\\Http\\Request))
#49 C:\\Users\\mahmo\\Barcody\\vendor\\laravel\\framework\\src\\Illuminate\\Pipeline\\Pipeline.php(180): Illuminate\\Http\\Middleware\\TrustProxies->handle(Object(Illuminate\\Http\\Request), Object(Closure))
#50 C:\\Users\\mahmo\\Barcody\\vendor\\laravel\\framework\\src\\Illuminate\\Pipeline\\Pipeline.php(116): Illuminate\\Pipeline\\Pipeline->Illuminate\\Pipeline\\{closure}(Object(Illuminate\\Http\\Request))
#51 C:\\Users\\mahmo\\Barcody\\vendor\\laravel\\framework\\src\\Illuminate\\Foundation\\Http\\Kernel.php(165): Illuminate\\Pipeline\\Pipeline->then(Object(Closure))
#52 C:\\Users\\mahmo\\Barcody\\vendor\\laravel\\framework\\src\\Illuminate\\Foundation\\Http\\Kernel.php(134): Illuminate\\Foundation\\Http\\Kernel->sendRequestThroughRouter(Object(Illuminate\\Http\\Request))
#53 C:\\Users\\mahmo\\Barcody\\public\\index.php(51): Illuminate\\Foundation\\Http\\Kernel->handle(Object(Illuminate\\Http\\Request))
#54 C:\\Users\\mahmo\\Barcody\\vendor\\laravel\\framework\\src\\Illuminate\\Foundation\\resources\\server.php(16): require_once('C:\\\\Users\\\\mahmo\\\\...')
#55 {main}

[previous exception] [object] (PDOException(code: 42S02): SQLSTATE[42S02]: Base table or view not found: 1146 Table 'wedding_app.faqs' doesn't exist at C:\\Users\\mahmo\\Barcody\\vendor\\laravel\\framework\\src\\Illuminate\\Database\\Connection.php:414)
[stacktrace]
#0 C:\\Users\\mahmo\\Barcody\\vendor\\laravel\\framework\\src\\Illuminate\\Database\\Connection.php(414): PDO->prepare('select * from `...')
#1 C:\\Users\\mahmo\\Barcody\\vendor\\laravel\\framework\\src\\Illuminate\\Database\\Connection.php(753): Illuminate\\Database\\Connection->Illuminate\\Database\\{closure}('select * from `...', Array)
#2 C:\\Users\\mahmo\\Barcody\\vendor\\laravel\\framework\\src\\Illuminate\\Database\\Connection.php(720): Illuminate\\Database\\Connection->runQueryCallback('select * from `...', Array, Object(Closure))
#3 C:\\Users\\mahmo\\Barcody\\vendor\\laravel\\framework\\src\\Illuminate\\Database\\Connection.php(405): Illuminate\\Database\\Connection->run('select * from `...', Array, Object(Closure))
#4 C:\\Users\\mahmo\\Barcody\\vendor\\laravel\\framework\\src\\Illuminate\\Database\\Query\\Builder.php(2705): Illuminate\\Database\\Connection->select('select * from `...', Array, true)
#5 C:\\Users\\mahmo\\Barcody\\vendor\\laravel\\framework\\src\\Illuminate\\Database\\Query\\Builder.php(2694): Illuminate\\Database\\Query\\Builder->runSelect()
#6 C:\\Users\\mahmo\\Barcody\\vendor\\laravel\\framework\\src\\Illuminate\\Database\\Query\\Builder.php(3230): Illuminate\\Database\\Query\\Builder->Illuminate\\Database\\Query\\{closure}()
#7 C:\\Users\\mahmo\\Barcody\\vendor\\laravel\\framework\\src\\Illuminate\\Database\\Query\\Builder.php(2693): Illuminate\\Database\\Query\\Builder->onceWithColumns(Array, Object(Closure))
#8 C:\\Users\\mahmo\\Barcody\\vendor\\laravel\\framework\\src\\Illuminate\\Database\\Eloquent\\Builder.php(710): Illuminate\\Database\\Query\\Builder->get(Array)
#9 C:\\Users\\mahmo\\Barcody\\vendor\\laravel\\framework\\src\\Illuminate\\Database\\Eloquent\\Builder.php(694): Illuminate\\Database\\Eloquent\\Builder->getModels(Array)
#10 C:\\Users\\mahmo\\Barcody\\vendor\\laravel\\framework\\src\\Illuminate\\Database\\Eloquent\\Model.php(673): Illuminate\\Database\\Eloquent\\Builder->get(Array)
#11 C:\\Users\\mahmo\\Barcody\\app\\Http\\Controllers\\LandingPage\\FaqController.php(13): Illuminate\\Database\\Eloquent\\Model::all()
#12 C:\\Users\\mahmo\\Barcody\\vendor\\laravel\\framework\\src\\Illuminate\\Routing\\Controller.php(54): App\\Http\\Controllers\\LandingPage\\FaqController->index()
#13 C:\\Users\\mahmo\\Barcody\\vendor\\laravel\\framework\\src\\Illuminate\\Routing\\ControllerDispatcher.php(43): Illuminate\\Routing\\Controller->callAction('index', Array)
#14 C:\\Users\\mahmo\\Barcody\\vendor\\laravel\\framework\\src\\Illuminate\\Routing\\Route.php(259): Illuminate\\Routing\\ControllerDispatcher->dispatch(Object(Illuminate\\Routing\\Route), Object(App\\Http\\Controllers\\LandingPage\\FaqController), 'index')
#15 C:\\Users\\mahmo\\Barcody\\vendor\\laravel\\framework\\src\\Illuminate\\Routing\\Route.php(205): Illuminate\\Routing\\Route->runController()
#16 C:\\Users\\mahmo\\Barcody\\vendor\\laravel\\framework\\src\\Illuminate\\Routing\\Router.php(798): Illuminate\\Routing\\Route->run()
#17 C:\\Users\\mahmo\\Barcody\\vendor\\laravel\\framework\\src\\Illuminate\\Pipeline\\Pipeline.php(141): Illuminate\\Routing\\Router->Illuminate\\Routing\\{closure}(Object(Illuminate\\Http\\Request))
#18 C:\\Users\\mahmo\\Barcody\\vendor\\laravel\\framework\\src\\Illuminate\\Routing\\Middleware\\SubstituteBindings.php(50): Illuminate\\Pipeline\\Pipeline->Illuminate\\Pipeline\\{closure}(Object(Illuminate\\Http\\Request))
#19 C:\\Users\\mahmo\\Barcody\\vendor\\laravel\\framework\\src\\Illuminate\\Pipeline\\Pipeline.php(180): Illuminate\\Routing\\Middleware\\SubstituteBindings->handle(Object(Illuminate\\Http\\Request), Object(Closure))
#20 C:\\Users\\mahmo\\Barcody\\vendor\\laravel\\framework\\src\\Illuminate\\Foundation\\Http\\Middleware\\VerifyCsrfToken.php(78): Illuminate\\Pipeline\\Pipeline->Illuminate\\Pipeline\\{closure}(Object(Illuminate\\Http\\Request))
#21 C:\\Users\\mahmo\\Barcody\\vendor\\laravel\\framework\\src\\Illuminate\\Pipeline\\Pipeline.php(180): Illuminate\\Foundation\\Http\\Middleware\\VerifyCsrfToken->handle(Object(Illuminate\\Http\\Request), Object(Closure))
#22 C:\\Users\\mahmo\\Barcody\\vendor\\laravel\\framework\\src\\Illuminate\\View\\Middleware\\ShareErrorsFromSession.php(49): Illuminate\\Pipeline\\Pipeline->Illuminate\\Pipeline\\{closure}(Object(Illuminate\\Http\\Request))
#23 C:\\Users\\mahmo\\Barcody\\vendor\\laravel\\framework\\src\\Illuminate\\Pipeline\\Pipeline.php(180): Illuminate\\View\\Middleware\\ShareErrorsFromSession->handle(Object(Illuminate\\Http\\Request), Object(Closure))
#24 C:\\Users\\mahmo\\Barcody\\vendor\\laravel\\framework\\src\\Illuminate\\Session\\Middleware\\StartSession.php(121): Illuminate\\Pipeline\\Pipeline->Illuminate\\Pipeline\\{closure}(Object(Illuminate\\Http\\Request))
#25 C:\\Users\\mahmo\\Barcody\\vendor\\laravel\\framework\\src\\Illuminate\\Session\\Middleware\\StartSession.php(64): Illuminate\\Session\\Middleware\\StartSession->handleStatefulRequest(Object(Illuminate\\Http\\Request), Object(Illuminate\\Session\\Store), Object(Closure))
#26 C:\\Users\\mahmo\\Barcody\\vendor\\laravel\\framework\\src\\Illuminate\\Pipeline\\Pipeline.php(180): Illuminate\\Session\\Middleware\\StartSession->handle(Object(Illuminate\\Http\\Request), Object(Closure))
#27 C:\\Users\\mahmo\\Barcody\\vendor\\laravel\\framework\\src\\Illuminate\\Cookie\\Middleware\\AddQueuedCookiesToResponse.php(37): Illuminate\\Pipeline\\Pipeline->Illuminate\\Pipeline\\{closure}(Object(Illuminate\\Http\\Request))
#28 C:\\Users\\mahmo\\Barcody\\vendor\\laravel\\framework\\src\\Illuminate\\Pipeline\\Pipeline.php(180): Illuminate\\Cookie\\Middleware\\AddQueuedCookiesToResponse->handle(Object(Illuminate\\Http\\Request), Object(Closure))
#29 C:\\Users\\mahmo\\Barcody\\vendor\\laravel\\framework\\src\\Illuminate\\Cookie\\Middleware\\EncryptCookies.php(67): Illuminate\\Pipeline\\Pipeline->Illuminate\\Pipeline\\{closure}(Object(Illuminate\\Http\\Request))
#30 C:\\Users\\mahmo\\Barcody\\vendor\\laravel\\framework\\src\\Illuminate\\Pipeline\\Pipeline.php(180): Illuminate\\Cookie\\Middleware\\EncryptCookies->handle(Object(Illuminate\\Http\\Request), Object(Closure))
#31 C:\\Users\\mahmo\\Barcody\\vendor\\laravel\\framework\\src\\Illuminate\\Pipeline\\Pipeline.php(116): Illuminate\\Pipeline\\Pipeline->Illuminate\\Pipeline\\{closure}(Object(Illuminate\\Http\\Request))
#32 C:\\Users\\mahmo\\Barcody\\vendor\\laravel\\framework\\src\\Illuminate\\Routing\\Router.php(797): Illuminate\\Pipeline\\Pipeline->then(Object(Closure))
#33 C:\\Users\\mahmo\\Barcody\\vendor\\laravel\\framework\\src\\Illuminate\\Routing\\Router.php(776): Illuminate\\Routing\\Router->runRouteWithinStack(Object(Illuminate\\Routing\\Route), Object(Illuminate\\Http\\Request))
#34 C:\\Users\\mahmo\\Barcody\\vendor\\laravel\\framework\\src\\Illuminate\\Routing\\Router.php(740): Illuminate\\Routing\\Router->runRoute(Object(Illuminate\\Http\\Request), Object(Illuminate\\Routing\\Route))
#35 C:\\Users\\mahmo\\Barcody\\vendor\\laravel\\framework\\src\\Illuminate\\Routing\\Router.php(729): Illuminate\\Routing\\Router->dispatchToRoute(Object(Illuminate\\Http\\Request))
#36 C:\\Users\\mahmo\\Barcody\\vendor\\laravel\\framework\\src\\Illuminate\\Foundation\\Http\\Kernel.php(190): Illuminate\\Routing\\Router->dispatch(Object(Illuminate\\Http\\Request))
#37 C:\\Users\\mahmo\\Barcody\\vendor\\laravel\\framework\\src\\Illuminate\\Pipeline\\Pipeline.php(141): Illuminate\\Foundation\\Http\\Kernel->Illuminate\\Foundation\\Http\\{closure}(Object(Illuminate\\Http\\Request))
#38 C:\\Users\\mahmo\\Barcody\\vendor\\laravel\\framework\\src\\Illuminate\\Foundation\\Http\\Middleware\\TransformsRequest.php(21): Illuminate\\Pipeline\\Pipeline->Illuminate\\Pipeline\\{closure}(Object(Illuminate\\Http\\Request))
#39 C:\\Users\\mahmo\\Barcody\\vendor\\laravel\\framework\\src\\Illuminate\\Foundation\\Http\\Middleware\\ConvertEmptyStringsToNull.php(31): Illuminate\\Foundation\\Http\\Middleware\\TransformsRequest->handle(Object(Illuminate\\Http\\Request), Object(Closure))
#40 C:\\Users\\mahmo\\Barcody\\vendor\\laravel\\framework\\src\\Illuminate\\Pipeline\\Pipeline.php(180): Illuminate\\Foundation\\Http\\Middleware\\ConvertEmptyStringsToNull->handle(Object(Illuminate\\Http\\Request), Object(Closure))
#41 C:\\Users\\mahmo\\Barcody\\vendor\\laravel\\framework\\src\\Illuminate\\Foundation\\Http\\Middleware\\TransformsRequest.php(21): Illuminate\\Pipeline\\Pipeline->Illuminate\\Pipeline\\{closure}(Object(Illuminate\\Http\\Request))
#42 C:\\Users\\mahmo\\Barcody\\vendor\\laravel\\framework\\src\\Illuminate\\Foundation\\Http\\Middleware\\TrimStrings.php(40): Illuminate\\Foundation\\Http\\Middleware\\TransformsRequest->handle(Object(Illuminate\\Http\\Request), Object(Closure))
#43 C:\\Users\\mahmo\\Barcody\\vendor\\laravel\\framework\\src\\Illuminate\\Pipeline\\Pipeline.php(180): Illuminate\\Foundation\\Http\\Middleware\\TrimStrings->handle(Object(Illuminate\\Http\\Request), Object(Closure))
#44 C:\\Users\\mahmo\\Barcody\\vendor\\laravel\\framework\\src\\Illuminate\\Foundation\\Http\\Middleware\\ValidatePostSize.php(27): Illuminate\\Pipeline\\Pipeline->Illuminate\\Pipeline\\{closure}(Object(Illuminate\\Http\\Request))
#45 C:\\Users\\mahmo\\Barcody\\vendor\\laravel\\framework\\src\\Illuminate\\Pipeline\\Pipeline.php(180): Illuminate\\Foundation\\Http\\Middleware\\ValidatePostSize->handle(Object(Illuminate\\Http\\Request), Object(Closure))
#46 C:\\Users\\mahmo\\Barcody\\vendor\\laravel\\framework\\src\\Illuminate\\Foundation\\Http\\Middleware\\PreventRequestsDuringMaintenance.php(86): Illuminate\\Pipeline\\Pipeline->Illuminate\\Pipeline\\{closure}(Object(Illuminate\\Http\\Request))
#47 C:\\Users\\mahmo\\Barcody\\vendor\\laravel\\framework\\src\\Illuminate\\Pipeline\\Pipeline.php(180): Illuminate\\Foundation\\Http\\Middleware\\PreventRequestsDuringMaintenance->handle(Object(Illuminate\\Http\\Request), Object(Closure))
#48 C:\\Users\\mahmo\\Barcody\\vendor\\laravel\\framework\\src\\Illuminate\\Http\\Middleware\\HandleCors.php(49): Illuminate\\Pipeline\\Pipeline->Illuminate\\Pipeline\\{closure}(Object(Illuminate\\Http\\Request))
#49 C:\\Users\\mahmo\\Barcody\\vendor\\laravel\\framework\\src\\Illuminate\\Pipeline\\Pipeline.php(180): Illuminate\\Http\\Middleware\\HandleCors->handle(Object(Illuminate\\Http\\Request), Object(Closure))
#50 C:\\Users\\mahmo\\Barcody\\vendor\\laravel\\framework\\src\\Illuminate\\Http\\Middleware\\TrustProxies.php(39): Illuminate\\Pipeline\\Pipeline->Illuminate\\Pipeline\\{closure}(Object(Illuminate\\Http\\Request))
#51 C:\\Users\\mahmo\\Barcody\\vendor\\laravel\\framework\\src\\Illuminate\\Pipeline\\Pipeline.php(180): Illuminate\\Http\\Middleware\\TrustProxies->handle(Object(Illuminate\\Http\\Request), Object(Closure))
#52 C:\\Users\\mahmo\\Barcody\\vendor\\laravel\\framework\\src\\Illuminate\\Pipeline\\Pipeline.php(116): Illuminate\\Pipeline\\Pipeline->Illuminate\\Pipeline\\{closure}(Object(Illuminate\\Http\\Request))
#53 C:\\Users\\mahmo\\Barcody\\vendor\\laravel\\framework\\src\\Illuminate\\Foundation\\Http\\Kernel.php(165): Illuminate\\Pipeline\\Pipeline->then(Object(Closure))
#54 C:\\Users\\mahmo\\Barcody\\vendor\\laravel\\framework\\src\\Illuminate\\Foundation\\Http\\Kernel.php(134): Illuminate\\Foundation\\Http\\Kernel->sendRequestThroughRouter(Object(Illuminate\\Http\\Request))
#55 C:\\Users\\mahmo\\Barcody\\public\\index.php(51): Illuminate\\Foundation\\Http\\Kernel->handle(Object(Illuminate\\Http\\Request))
#56 C:\\Users\\mahmo\\Barcody\\vendor\\laravel\\framework\\src\\Illuminate\\Foundation\\resources\\server.php(16): require_once('C:\\\\Users\\\\mahmo\\\\...')
#57 {main}
"} 
[2026-05-31 21:05:28] local.ERROR: Found empty contents {"userId":1,"exception":"[object] (BaconQrCode\\Exception\\InvalidArgumentException(code: 0): Found empty contents at C:\\Users\\mahmo\\Barcody\\vendor\\bacon\\bacon-qr-code\\src\\Writer.php:47)
[stacktrace]
#0 C:\\Users\\mahmo\\Barcody\\vendor\\simplesoftwareio\\simple-qrcode\\src\\Generator.php(171): BaconQrCode\\Writer->writeString('', 'UTF-8', NULL)
#1 C:\\Users\\mahmo\\Barcody\\app\\Http\\Controllers\\EventController.php(33): SimpleSoftwareIO\\QrCode\\Generator->generate('')
#2 C:\\Users\\mahmo\\Barcody\\vendor\\laravel\\framework\\src\\Illuminate\\Routing\\Controller.php(54): App\\Http\\Controllers\\EventController->index()
#3 C:\\Users\\mahmo\\Barcody\\vendor\\laravel\\framework\\src\\Illuminate\\Routing\\ControllerDispatcher.php(43): Illuminate\\Routing\\Controller->callAction('index', Array)
#4 C:\\Users\\mahmo\\Barcody\\vendor\\laravel\\framework\\src\\Illuminate\\Routing\\Route.php(259): Illuminate\\Routing\\ControllerDispatcher->dispatch(Object(Illuminate\\Routing\\Route), Object(App\\Http\\Controllers\\EventController), 'index')
#5 C:\\Users\\mahmo\\Barcody\\vendor\\laravel\\framework\\src\\Illuminate\\Routing\\Route.php(205): Illuminate\\Routing\\Route->runController()
#6 C:\\Users\\mahmo\\Barcody\\vendor\\laravel\\framework\\src\\Illuminate\\Routing\\Router.php(798): Illuminate\\Routing\\Route->run()
#7 C:\\Users\\mahmo\\Barcody\\vendor\\laravel\\framework\\src\\Illuminate\\Pipeline\\Pipeline.php(141): Illuminate\\Routing\\Router->Illuminate\\Routing\\{closure}(Object(Illuminate\\Http\\Request))
#8 C:\\Users\\mahmo\\Barcody\\vendor\\laravel\\framework\\src\\Illuminate\\Routing\\Middleware\\SubstituteBindings.php(50): Illuminate\\Pipeline\\Pipeline->Illuminate\\Pipeline\\{closure}(Object(Illuminate\\Http\\Request))
#9 C:\\Users\\mahmo\\Barcody\\vendor\\laravel\\framework\\src\\Illuminate\\Pipeline\\Pipeline.php(180): Illuminate\\Routing\\Middleware\\SubstituteBindings->handle(Object(Illuminate\\Http\\Request), Object(Closure))
#10 C:\\Users\\mahmo\\Barcody\\vendor\\laravel\\framework\\src\\Illuminate\\Foundation\\Http\\Middleware\\VerifyCsrfToken.php(78): Illuminate\\Pipeline\\Pipeline->Illuminate\\Pipeline\\{closure}(Object(Illuminate\\Http\\Request))
#11 C:\\Users\\mahmo\\Barcody\\vendor\\laravel\\framework\\src\\Illuminate\\Pipeline\\Pipeline.php(180): Illuminate\\Foundation\\Http\\Middleware\\VerifyCsrfToken->handle(Object(Illuminate\\Http\\Request), Object(Closure))
#12 C:\\Users\\mahmo\\Barcody\\vendor\\laravel\\framework\\src\\Illuminate\\View\\Middleware\\ShareErrorsFromSession.php(49): Illuminate\\Pipeline\\Pipeline->Illuminate\\Pipeline\\{closure}(Object(Illuminate\\Http\\Request))
#13 C:\\Users\\mahmo\\Barcody\\vendor\\laravel\\framework\\src\\Illuminate\\Pipeline\\Pipeline.php(180): Illuminate\\View\\Middleware\\ShareErrorsFromSession->handle(Object(Illuminate\\Http\\Request), Object(Closure))
#14 C:\\Users\\mahmo\\Barcody\\vendor\\laravel\\framework\\src\\Illuminate\\Session\\Middleware\\StartSession.php(121): Illuminate\\Pipeline\\Pipeline->Illuminate\\Pipeline\\{closure}(Object(Illuminate\\Http\\Request))
#15 C:\\Users\\mahmo\\Barcody\\vendor\\laravel\\framework\\src\\Illuminate\\Session\\Middleware\\StartSession.php(64): Illuminate\\Session\\Middleware\\StartSession->handleStatefulRequest(Object(Illuminate\\Http\\Request), Object(Illuminate\\Session\\Store), Object(Closure))
#16 C:\\Users\\mahmo\\Barcody\\vendor\\laravel\\framework\\src\\Illuminate\\Pipeline\\Pipeline.php(180): Illuminate\\Session\\Middleware\\StartSession->handle(Object(Illuminate\\Http\\Request), Object(Closure))
#17 C:\\Users\\mahmo\\Barcody\\vendor\\laravel\\framework\\src\\Illuminate\\Cookie\\Middleware\\AddQueuedCookiesToResponse.php(37): Illuminate\\Pipeline\\Pipeline->Illuminate\\Pipeline\\{closure}(Object(Illuminate\\Http\\Request))
#18 C:\\Users\\mahmo\\Barcody\\vendor\\laravel\\framework\\src\\Illuminate\\Pipeline\\Pipeline.php(180): Illuminate\\Cookie\\Middleware\\AddQueuedCookiesToResponse->handle(Object(Illuminate\\Http\\Request), Object(Closure))
#19 C:\\Users\\mahmo\\Barcody\\vendor\\laravel\\framework\\src\\Illuminate\\Cookie\\Middleware\\EncryptCookies.php(67): Illuminate\\Pipeline\\Pipeline->Illuminate\\Pipeline\\{closure}(Object(Illuminate\\Http\\Request))
#20 C:\\Users\\mahmo\\Barcody\\vendor\\laravel\\framework\\src\\Illuminate\\Pipeline\\Pipeline.php(180): Illuminate\\Cookie\\Middleware\\EncryptCookies->handle(Object(Illuminate\\Http\\Request), Object(Closure))
#21 C:\\Users\\mahmo\\Barcody\\vendor\\laravel\\framework\\src\\Illuminate\\Pipeline\\Pipeline.php(116): Illuminate\\Pipeline\\Pipeline->Illuminate\\Pipeline\\{closure}(Object(Illuminate\\Http\\Request))
#22 C:\\Users\\mahmo\\Barcody\\vendor\\laravel\\framework\\src\\Illuminate\\Routing\\Router.php(797): Illuminate\\Pipeline\\Pipeline->then(Object(Closure))
#23 C:\\Users\\mahmo\\Barcody\\vendor\\laravel\\framework\\src\\Illuminate\\Routing\\Router.php(776): Illuminate\\Routing\\Router->runRouteWithinStack(Object(Illuminate\\Routing\\Route), Object(Illuminate\\Http\\Request))
#24 C:\\Users\\mahmo\\Barcody\\vendor\\laravel\\framework\\src\\Illuminate\\Routing\\Router.php(740): Illuminate\\Routing\\Router->runRoute(Object(Illuminate\\Http\\Request), Object(Illuminate\\Routing\\Route))
#25 C:\\Users\\mahmo\\Barcody\\vendor\\laravel\\framework\\src\\Illuminate\\Routing\\Router.php(729): Illuminate\\Routing\\Router->dispatchToRoute(Object(Illuminate\\Http\\Request))
#26 C:\\Users\\mahmo\\Barcody\\vendor\\laravel\\framework\\src\\Illuminate\\Foundation\\Http\\Kernel.php(190): Illuminate\\Routing\\Router->dispatch(Object(Illuminate\\Http\\Request))
#27 C:\\Users\\mahmo\\Barcody\\vendor\\laravel\\framework\\src\\Illuminate\\Pipeline\\Pipeline.php(141): Illuminate\\Foundation\\Http\\Kernel->Illuminate\\Foundation\\Http\\{closure}(Object(Illuminate\\Http\\Request))
#28 C:\\Users\\mahmo\\Barcody\\vendor\\laravel\\framework\\src\\Illuminate\\Foundation\\Http\\Middleware\\TransformsRequest.php(21): Illuminate\\Pipeline\\Pipeline->Illuminate\\Pipeline\\{closure}(Object(Illuminate\\Http\\Request))
#29 C:\\Users\\mahmo\\Barcody\\vendor\\laravel\\framework\\src\\Illuminate\\Foundation\\Http\\Middleware\\ConvertEmptyStringsToNull.php(31): Illuminate\\Foundation\\Http\\Middleware\\TransformsRequest->handle(Object(Illuminate\\Http\\Request), Object(Closure))
#30 C:\\Users\\mahmo\\Barcody\\vendor\\laravel\\framework\\src\\Illuminate\\Pipeline\\Pipeline.php(180): Illuminate\\Foundation\\Http\\Middleware\\ConvertEmptyStringsToNull->handle(Object(Illuminate\\Http\\Request), Object(Closure))
#31 C:\\Users\\mahmo\\Barcody\\vendor\\laravel\\framework\\src\\Illuminate\\Foundation\\Http\\Middleware\\TransformsRequest.php(21): Illuminate\\Pipeline\\Pipeline->Illuminate\\Pipeline\\{closure}(Object(Illuminate\\Http\\Request))
#32 C:\\Users\\mahmo\\Barcody\\vendor\\laravel\\framework\\src\\Illuminate\\Foundation\\Http\\Middleware\\TrimStrings.php(40): Illuminate\\Foundation\\Http\\Middleware\\TransformsRequest->handle(Object(Illuminate\\Http\\Request), Object(Closure))
#33 C:\\Users\\mahmo\\Barcody\\vendor\\laravel\\framework\\src\\Illuminate\\Pipeline\\Pipeline.php(180): Illuminate\\Foundation\\Http\\Middleware\\TrimStrings->handle(Object(Illuminate\\Http\\Request), Object(Closure))
#34 C:\\Users\\mahmo\\Barcody\\vendor\\laravel\\framework\\src\\Illuminate\\Foundation\\Http\\Middleware\\ValidatePostSize.php(27): Illuminate\\Pipeline\\Pipeline->Illuminate\\Pipeline\\{closure}(Object(Illuminate\\Http\\Request))
#35 C:\\Users\\mahmo\\Barcody\\vendor\\laravel\\framework\\src\\Illuminate\\Pipeline\\Pipeline.php(180): Illuminate\\Foundation\\Http\\Middleware\\ValidatePostSize->handle(Object(Illuminate\\Http\\Request), Object(Closure))
#36 C:\\Users\\mahmo\\Barcody\\vendor\\laravel\\framework\\src\\Illuminate\\Foundation\\Http\\Middleware\\PreventRequestsDuringMaintenance.php(86): Illuminate\\Pipeline\\Pipeline->Illuminate\\Pipeline\\{closure}(Object(Illuminate\\Http\\Request))
#37 C:\\Users\\mahmo\\Barcody\\vendor\\laravel\\framework\\src\\Illuminate\\Pipeline\\Pipeline.php(180): Illuminate\\Foundation\\Http\\Middleware\\PreventRequestsDuringMaintenance->handle(Object(Illuminate\\Http\\Request), Object(Closure))
#38 C:\\Users\\mahmo\\Barcody\\vendor\\laravel\\framework\\src\\Illuminate\\Http\\Middleware\\HandleCors.php(49): Illuminate\\Pipeline\\Pipeline->Illuminate\\Pipeline\\{closure}(Object(Illuminate\\Http\\Request))
#39 C:\\Users\\mahmo\\Barcody\\vendor\\laravel\\framework\\src\\Illuminate\\Pipeline\\Pipeline.php(180): Illuminate\\Http\\Middleware\\HandleCors->handle(Object(Illuminate\\Http\\Request), Object(Closure))
#40 C:\\Users\\mahmo\\Barcody\\vendor\\laravel\\framework\\src\\Illuminate\\Http\\Middleware\\TrustProxies.php(39): Illuminate\\Pipeline\\Pipeline->Illuminate\\Pipeline\\{closure}(Object(Illuminate\\Http\\Request))
#41 C:\\Users\\mahmo\\Barcody\\vendor\\laravel\\framework\\src\\Illuminate\\Pipeline\\Pipeline.php(180): Illuminate\\Http\\Middleware\\TrustProxies->handle(Object(Illuminate\\Http\\Request), Object(Closure))
#42 C:\\Users\\mahmo\\Barcody\\vendor\\laravel\\framework\\src\\Illuminate\\Pipeline\\Pipeline.php(116): Illuminate\\Pipeline\\Pipeline->Illuminate\\Pipeline\\{closure}(Object(Illuminate\\Http\\Request))
#43 C:\\Users\\mahmo\\Barcody\\vendor\\laravel\\framework\\src\\Illuminate\\Foundation\\Http\\Kernel.php(165): Illuminate\\Pipeline\\Pipeline->then(Object(Closure))
#44 C:\\Users\\mahmo\\Barcody\\vendor\\laravel\\framework\\src\\Illuminate\\Foundation\\Http\\Kernel.php(134): Illuminate\\Foundation\\Http\\Kernel->sendRequestThroughRouter(Object(Illuminate\\Http\\Request))
#45 C:\\Users\\mahmo\\Barcody\\public\\index.php(51): Illuminate\\Foundation\\Http\\Kernel->handle(Object(Illuminate\\Http\\Request))
#46 C:\\Users\\mahmo\\Barcody\\vendor\\laravel\\framework\\src\\Illuminate\\Foundation\\resources\\server.php(16): require_once('C:\\\\Users\\\\mahmo\\\\...')
#47 {main}
"} 
[2026-05-31 21:06:37] local.ERROR: SQLSTATE[42S02]: Base table or view not found: 1146 Table 'wedding_app.how_use_barcodies' doesn't exist (SQL: select * from `how_use_barcodies`) {"userId":1,"exception":"[object] (Illuminate\\Database\\QueryException(code: 42S02): SQLSTATE[42S02]: Base table or view not found: 1146 Table 'wedding_app.how_use_barcodies' doesn't exist (SQL: select * from `how_use_barcodies`) at C:\\Users\\mahmo\\Barcody\\vendor\\laravel\\framework\\src\\Illuminate\\Database\\Connection.php:760)
[stacktrace]
#0 C:\\Users\\mahmo\\Barcody\\vendor\\laravel\\framework\\src\\Illuminate\\Database\\Connection.php(720): Illuminate\\Database\\Connection->runQueryCallback('select * from `...', Array, Object(Closure))
#1 C:\\Users\\mahmo\\Barcody\\vendor\\laravel\\framework\\src\\Illuminate\\Database\\Connection.php(405): Illuminate\\Database\\Connection->run('select * from `...', Array, Object(Closure))
#2 C:\\Users\\mahmo\\Barcody\\vendor\\laravel\\framework\\src\\Illuminate\\Database\\Query\\Builder.php(2705): Illuminate\\Database\\Connection->select('select * from `...', Array, true)
#3 C:\\Users\\mahmo\\Barcody\\vendor\\laravel\\framework\\src\\Illuminate\\Database\\Query\\Builder.php(2694): Illuminate\\Database\\Query\\Builder->runSelect()
#4 C:\\Users\\mahmo\\Barcody\\vendor\\laravel\\framework\\src\\Illuminate\\Database\\Query\\Builder.php(3230): Illuminate\\Database\\Query\\Builder->Illuminate\\Database\\Query\\{closure}()
#5 C:\\Users\\mahmo\\Barcody\\vendor\\laravel\\framework\\src\\Illuminate\\Database\\Query\\Builder.php(2693): Illuminate\\Database\\Query\\Builder->onceWithColumns(Array, Object(Closure))
#6 C:\\Users\\mahmo\\Barcody\\vendor\\laravel\\framework\\src\\Illuminate\\Database\\Eloquent\\Builder.php(710): Illuminate\\Database\\Query\\Builder->get(Array)
#7 C:\\Users\\mahmo\\Barcody\\vendor\\laravel\\framework\\src\\Illuminate\\Database\\Eloquent\\Builder.php(694): Illuminate\\Database\\Eloquent\\Builder->getModels(Array)
#8 C:\\Users\\mahmo\\Barcody\\vendor\\laravel\\framework\\src\\Illuminate\\Database\\Eloquent\\Model.php(673): Illuminate\\Database\\Eloquent\\Builder->get(Array)
#9 C:\\Users\\mahmo\\Barcody\\app\\Http\\Controllers\\LandingPage\\HowUseBarcodyController.php(14): Illuminate\\Database\\Eloquent\\Model::all()
#10 C:\\Users\\mahmo\\Barcody\\vendor\\laravel\\framework\\src\\Illuminate\\Routing\\Controller.php(54): App\\Http\\Controllers\\LandingPage\\HowUseBarcodyController->index()
#11 C:\\Users\\mahmo\\Barcody\\vendor\\laravel\\framework\\src\\Illuminate\\Routing\\ControllerDispatcher.php(43): Illuminate\\Routing\\Controller->callAction('index', Array)
#12 C:\\Users\\mahmo\\Barcody\\vendor\\laravel\\framework\\src\\Illuminate\\Routing\\Route.php(259): Illuminate\\Routing\\ControllerDispatcher->dispatch(Object(Illuminate\\Routing\\Route), Object(App\\Http\\Controllers\\LandingPage\\HowUseBarcodyController), 'index')
#13 C:\\Users\\mahmo\\Barcody\\vendor\\laravel\\framework\\src\\Illuminate\\Routing\\Route.php(205): Illuminate\\Routing\\Route->runController()
#14 C:\\Users\\mahmo\\Barcody\\vendor\\laravel\\framework\\src\\Illuminate\\Routing\\Router.php(798): Illuminate\\Routing\\Route->run()
#15 C:\\Users\\mahmo\\Barcody\\vendor\\laravel\\framework\\src\\Illuminate\\Pipeline\\Pipeline.php(141): Illuminate\\Routing\\Router->Illuminate\\Routing\\{closure}(Object(Illuminate\\Http\\Request))
#16 C:\\Users\\mahmo\\Barcody\\vendor\\laravel\\framework\\src\\Illuminate\\Routing\\Middleware\\SubstituteBindings.php(50): Illuminate\\Pipeline\\Pipeline->Illuminate\\Pipeline\\{closure}(Object(Illuminate\\Http\\Request))
#17 C:\\Users\\mahmo\\Barcody\\vendor\\laravel\\framework\\src\\Illuminate\\Pipeline\\Pipeline.php(180): Illuminate\\Routing\\Middleware\\SubstituteBindings->handle(Object(Illuminate\\Http\\Request), Object(Closure))
#18 C:\\Users\\mahmo\\Barcody\\vendor\\laravel\\framework\\src\\Illuminate\\Foundation\\Http\\Middleware\\VerifyCsrfToken.php(78): Illuminate\\Pipeline\\Pipeline->Illuminate\\Pipeline\\{closure}(Object(Illuminate\\Http\\Request))
#19 C:\\Users\\mahmo\\Barcody\\vendor\\laravel\\framework\\src\\Illuminate\\Pipeline\\Pipeline.php(180): Illuminate\\Foundation\\Http\\Middleware\\VerifyCsrfToken->handle(Object(Illuminate\\Http\\Request), Object(Closure))
#20 C:\\Users\\mahmo\\Barcody\\vendor\\laravel\\framework\\src\\Illuminate\\View\\Middleware\\ShareErrorsFromSession.php(49): Illuminate\\Pipeline\\Pipeline->Illuminate\\Pipeline\\{closure}(Object(Illuminate\\Http\\Request))
#21 C:\\Users\\mahmo\\Barcody\\vendor\\laravel\\framework\\src\\Illuminate\\Pipeline\\Pipeline.php(180): Illuminate\\View\\Middleware\\ShareErrorsFromSession->handle(Object(Illuminate\\Http\\Request), Object(Closure))
#22 C:\\Users\\mahmo\\Barcody\\vendor\\laravel\\framework\\src\\Illuminate\\Session\\Middleware\\StartSession.php(121): Illuminate\\Pipeline\\Pipeline->Illuminate\\Pipeline\\{closure}(Object(Illuminate\\Http\\Request))
#23 C:\\Users\\mahmo\\Barcody\\vendor\\laravel\\framework\\src\\Illuminate\\Session\\Middleware\\StartSession.php(64): Illuminate\\Session\\Middleware\\StartSession->handleStatefulRequest(Object(Illuminate\\Http\\Request), Object(Illuminate\\Session\\Store), Object(Closure))
#24 C:\\Users\\mahmo\\Barcody\\vendor\\laravel\\framework\\src\\Illuminate\\Pipeline\\Pipeline.php(180): Illuminate\\Session\\Middleware\\StartSession->handle(Object(Illuminate\\Http\\Request), Object(Closure))
#25 C:\\Users\\mahmo\\Barcody\\vendor\\laravel\\framework\\src\\Illuminate\\Cookie\\Middleware\\AddQueuedCookiesToResponse.php(37): Illuminate\\Pipeline\\Pipeline->Illuminate\\Pipeline\\{closure}(Object(Illuminate\\Http\\Request))
#26 C:\\Users\\mahmo\\Barcody\\vendor\\laravel\\framework\\src\\Illuminate\\Pipeline\\Pipeline.php(180): Illuminate\\Cookie\\Middleware\\AddQueuedCookiesToResponse->handle(Object(Illuminate\\Http\\Request), Object(Closure))
#27 C:\\Users\\mahmo\\Barcody\\vendor\\laravel\\framework\\src\\Illuminate\\Cookie\\Middleware\\EncryptCookies.php(67): Illuminate\\Pipeline\\Pipeline->Illuminate\\Pipeline\\{closure}(Object(Illuminate\\Http\\Request))
#28 C:\\Users\\mahmo\\Barcody\\vendor\\laravel\\framework\\src\\Illuminate\\Pipeline\\Pipeline.php(180): Illuminate\\Cookie\\Middleware\\EncryptCookies->handle(Object(Illuminate\\Http\\Request), Object(Closure))
#29 C:\\Users\\mahmo\\Barcody\\vendor\\laravel\\framework\\src\\Illuminate\\Pipeline\\Pipeline.php(116): Illuminate\\Pipeline\\Pipeline->Illuminate\\Pipeline\\{closure}(Object(Illuminate\\Http\\Request))
#30 C:\\Users\\mahmo\\Barcody\\vendor\\laravel\\framework\\src\\Illuminate\\Routing\\Router.php(797): Illuminate\\Pipeline\\Pipeline->then(Object(Closure))
#31 C:\\Users\\mahmo\\Barcody\\vendor\\laravel\\framework\\src\\Illuminate\\Routing\\Router.php(776): Illuminate\\Routing\\Router->runRouteWithinStack(Object(Illuminate\\Routing\\Route), Object(Illuminate\\Http\\Request))
#32 C:\\Users\\mahmo\\Barcody\\vendor\\laravel\\framework\\src\\Illuminate\\Routing\\Router.php(740): Illuminate\\Routing\\Router->runRoute(Object(Illuminate\\Http\\Request), Object(Illuminate\\Routing\\Route))
#33 C:\\Users\\mahmo\\Barcody\\vendor\\laravel\\framework\\src\\Illuminate\\Routing\\Router.php(729): Illuminate\\Routing\\Router->dispatchToRoute(Object(Illuminate\\Http\\Request))
#34 C:\\Users\\mahmo\\Barcody\\vendor\\laravel\\framework\\src\\Illuminate\\Foundation\\Http\\Kernel.php(190): Illuminate\\Routing\\Router->dispatch(Object(Illuminate\\Http\\Request))
#35 C:\\Users\\mahmo\\Barcody\\vendor\\laravel\\framework\\src\\Illuminate\\Pipeline\\Pipeline.php(141): Illuminate\\Foundation\\Http\\Kernel->Illuminate\\Foundation\\Http\\{closure}(Object(Illuminate\\Http\\Request))
#36 C:\\Users\\mahmo\\Barcody\\vendor\\laravel\\framework\\src\\Illuminate\\Foundation\\Http\\Middleware\\TransformsRequest.php(21): Illuminate\\Pipeline\\Pipeline->Illuminate\\Pipeline\\{closure}(Object(Illuminate\\Http\\Request))
#37 C:\\Users\\mahmo\\Barcody\\vendor\\laravel\\framework\\src\\Illuminate\\Foundation\\Http\\Middleware\\ConvertEmptyStringsToNull.php(31): Illuminate\\Foundation\\Http\\Middleware\\TransformsRequest->handle(Object(Illuminate\\Http\\Request), Object(Closure))
#38 C:\\Users\\mahmo\\Barcody\\vendor\\laravel\\framework\\src\\Illuminate\\Pipeline\\Pipeline.php(180): Illuminate\\Foundation\\Http\\Middleware\\ConvertEmptyStringsToNull->handle(Object(Illuminate\\Http\\Request), Object(Closure))
#39 C:\\Users\\mahmo\\Barcody\\vendor\\laravel\\framework\\src\\Illuminate\\Foundation\\Http\\Middleware\\TransformsRequest.php(21): Illuminate\\Pipeline\\Pipeline->Illuminate\\Pipeline\\{closure}(Object(Illuminate\\Http\\Request))
#40 C:\\Users\\mahmo\\Barcody\\vendor\\laravel\\framework\\src\\Illuminate\\Foundation\\Http\\Middleware\\TrimStrings.php(40): Illuminate\\Foundation\\Http\\Middleware\\TransformsRequest->handle(Object(Illuminate\\Http\\Request), Object(Closure))
#41 C:\\Users\\mahmo\\Barcody\\vendor\\laravel\\framework\\src\\Illuminate\\Pipeline\\Pipeline.php(180): Illuminate\\Foundation\\Http\\Middleware\\TrimStrings->handle(Object(Illuminate\\Http\\Request), Object(Closure))
#42 C:\\Users\\mahmo\\Barcody\\vendor\\laravel\\framework\\src\\Illuminate\\Foundation\\Http\\Middleware\\ValidatePostSize.php(27): Illuminate\\Pipeline\\Pipeline->Illuminate\\Pipeline\\{closure}(Object(Illuminate\\Http\\Request))
#43 C:\\Users\\mahmo\\Barcody\\vendor\\laravel\\framework\\src\\Illuminate\\Pipeline\\Pipeline.php(180): Illuminate\\Foundation\\Http\\Middleware\\ValidatePostSize->handle(Object(Illuminate\\Http\\Request), Object(Closure))
#44 C:\\Users\\mahmo\\Barcody\\vendor\\laravel\\framework\\src\\Illuminate\\Foundation\\Http\\Middleware\\PreventRequestsDuringMaintenance.php(86): Illuminate\\Pipeline\\Pipeline->Illuminate\\Pipeline\\{closure}(Object(Illuminate\\Http\\Request))
#45 C:\\Users\\mahmo\\Barcody\\vendor\\laravel\\framework\\src\\Illuminate\\Pipeline\\Pipeline.php(180): Illuminate\\Foundation\\Http\\Middleware\\PreventRequestsDuringMaintenance->handle(Object(Illuminate\\Http\\Request), Object(Closure))
#46 C:\\Users\\mahmo\\Barcody\\vendor\\laravel\\framework\\src\\Illuminate\\Http\\Middleware\\HandleCors.php(49): Illuminate\\Pipeline\\Pipeline->Illuminate\\Pipeline\\{closure}(Object(Illuminate\\Http\\Request))
#47 C:\\Users\\mahmo\\Barcody\\vendor\\laravel\\framework\\src\\Illuminate\\Pipeline\\Pipeline.php(180): Illuminate\\Http\\Middleware\\HandleCors->handle(Object(Illuminate\\Http\\Request), Object(Closure))
#48 C:\\Users\\mahmo\\Barcody\\vendor\\laravel\\framework\\src\\Illuminate\\Http\\Middleware\\TrustProxies.php(39): Illuminate\\Pipeline\\Pipeline->Illuminate\\Pipeline\\{closure}(Object(Illuminate\\Http\\Request))
#49 C:\\Users\\mahmo\\Barcody\\vendor\\laravel\\framework\\src\\Illuminate\\Pipeline\\Pipeline.php(180): Illuminate\\Http\\Middleware\\TrustProxies->handle(Object(Illuminate\\Http\\Request), Object(Closure))
#50 C:\\Users\\mahmo\\Barcody\\vendor\\laravel\\framework\\src\\Illuminate\\Pipeline\\Pipeline.php(116): Illuminate\\Pipeline\\Pipeline->Illuminate\\Pipeline\\{closure}(Object(Illuminate\\Http\\Request))
#51 C:\\Users\\mahmo\\Barcody\\vendor\\laravel\\framework\\src\\Illuminate\\Foundation\\Http\\Kernel.php(165): Illuminate\\Pipeline\\Pipeline->then(Object(Closure))
#52 C:\\Users\\mahmo\\Barcody\\vendor\\laravel\\framework\\src\\Illuminate\\Foundation\\Http\\Kernel.php(134): Illuminate\\Foundation\\Http\\Kernel->sendRequestThroughRouter(Object(Illuminate\\Http\\Request))
#53 C:\\Users\\mahmo\\Barcody\\public\\index.php(51): Illuminate\\Foundation\\Http\\Kernel->handle(Object(Illuminate\\Http\\Request))
#54 C:\\Users\\mahmo\\Barcody\\vendor\\laravel\\framework\\src\\Illuminate\\Foundation\\resources\\server.php(16): require_once('C:\\\\Users\\\\mahmo\\\\...')
#55 {main}

[previous exception] [object] (PDOException(code: 42S02): SQLSTATE[42S02]: Base table or view not found: 1146 Table 'wedding_app.how_use_barcodies' doesn't exist at C:\\Users\\mahmo\\Barcody\\vendor\\laravel\\framework\\src\\Illuminate\\Database\\Connection.php:414)
[stacktrace]
#0 C:\\Users\\mahmo\\Barcody\\vendor\\laravel\\framework\\src\\Illuminate\\Database\\Connection.php(414): PDO->prepare('select * from `...')
#1 C:\\Users\\mahmo\\Barcody\\vendor\\laravel\\framework\\src\\Illuminate\\Database\\Connection.php(753): Illuminate\\Database\\Connection->Illuminate\\Database\\{closure}('select * from `...', Array)
#2 C:\\Users\\mahmo\\Barcody\\vendor\\laravel\\framework\\src\\Illuminate\\Database\\Connection.php(720): Illuminate\\Database\\Connection->runQueryCallback('select * from `...', Array, Object(Closure))
#3 C:\\Users\\mahmo\\Barcody\\vendor\\laravel\\framework\\src\\Illuminate\\Database\\Connection.php(405): Illuminate\\Database\\Connection->run('select * from `...', Array, Object(Closure))
#4 C:\\Users\\mahmo\\Barcody\\vendor\\laravel\\framework\\src\\Illuminate\\Database\\Query\\Builder.php(2705): Illuminate\\Database\\Connection->select('select * from `...', Array, true)
#5 C:\\Users\\mahmo\\Barcody\\vendor\\laravel\\framework\\src\\Illuminate\\Database\\Query\\Builder.php(2694): Illuminate\\Database\\Query\\Builder->runSelect()
#6 C:\\Users\\mahmo\\Barcody\\vendor\\laravel\\framework\\src\\Illuminate\\Database\\Query\\Builder.php(3230): Illuminate\\Database\\Query\\Builder->Illuminate\\Database\\Query\\{closure}()
#7 C:\\Users\\mahmo\\Barcody\\vendor\\laravel\\framework\\src\\Illuminate\\Database\\Query\\Builder.php(2693): Illuminate\\Database\\Query\\Builder->onceWithColumns(Array, Object(Closure))
#8 C:\\Users\\mahmo\\Barcody\\vendor\\laravel\\framework\\src\\Illuminate\\Database\\Eloquent\\Builder.php(710): Illuminate\\Database\\Query\\Builder->get(Array)
#9 C:\\Users\\mahmo\\Barcody\\vendor\\laravel\\framework\\src\\Illuminate\\Database\\Eloquent\\Builder.php(694): Illuminate\\Database\\Eloquent\\Builder->getModels(Array)
#10 C:\\Users\\mahmo\\Barcody\\vendor\\laravel\\framework\\src\\Illuminate\\Database\\Eloquent\\Model.php(673): Illuminate\\Database\\Eloquent\\Builder->get(Array)
#11 C:\\Users\\mahmo\\Barcody\\app\\Http\\Controllers\\LandingPage\\HowUseBarcodyController.php(14): Illuminate\\Database\\Eloquent\\Model::all()
#12 C:\\Users\\mahmo\\Barcody\\vendor\\laravel\\framework\\src\\Illuminate\\Routing\\Controller.php(54): App\\Http\\Controllers\\LandingPage\\HowUseBarcodyController->index()
#13 C:\\Users\\mahmo\\Barcody\\vendor\\laravel\\framework\\src\\Illuminate\\Routing\\ControllerDispatcher.php(43): Illuminate\\Routing\\Controller->callAction('index', Array)
#14 C:\\Users\\mahmo\\Barcody\\vendor\\laravel\\framework\\src\\Illuminate\\Routing\\Route.php(259): Illuminate\\Routing\\ControllerDispatcher->dispatch(Object(Illuminate\\Routing\\Route), Object(App\\Http\\Controllers\\LandingPage\\HowUseBarcodyController), 'index')
#15 C:\\Users\\mahmo\\Barcody\\vendor\\laravel\\framework\\src\\Illuminate\\Routing\\Route.php(205): Illuminate\\Routing\\Route->runController()
#16 C:\\Users\\mahmo\\Barcody\\vendor\\laravel\\framework\\src\\Illuminate\\Routing\\Router.php(798): Illuminate\\Routing\\Route->run()
#17 C:\\Users\\mahmo\\Barcody\\vendor\\laravel\\framework\\src\\Illuminate\\Pipeline\\Pipeline.php(141): Illuminate\\Routing\\Router->Illuminate\\Routing\\{closure}(Object(Illuminate\\Http\\Request))
#18 C:\\Users\\mahmo\\Barcody\\vendor\\laravel\\framework\\src\\Illuminate\\Routing\\Middleware\\SubstituteBindings.php(50): Illuminate\\Pipeline\\Pipeline->Illuminate\\Pipeline\\{closure}(Object(Illuminate\\Http\\Request))
#19 C:\\Users\\mahmo\\Barcody\\vendor\\laravel\\framework\\src\\Illuminate\\Pipeline\\Pipeline.php(180): Illuminate\\Routing\\Middleware\\SubstituteBindings->handle(Object(Illuminate\\Http\\Request), Object(Closure))
#20 C:\\Users\\mahmo\\Barcody\\vendor\\laravel\\framework\\src\\Illuminate\\Foundation\\Http\\Middleware\\VerifyCsrfToken.php(78): Illuminate\\Pipeline\\Pipeline->Illuminate\\Pipeline\\{closure}(Object(Illuminate\\Http\\Request))
#21 C:\\Users\\mahmo\\Barcody\\vendor\\laravel\\framework\\src\\Illuminate\\Pipeline\\Pipeline.php(180): Illuminate\\Foundation\\Http\\Middleware\\VerifyCsrfToken->handle(Object(Illuminate\\Http\\Request), Object(Closure))
#22 C:\\Users\\mahmo\\Barcody\\vendor\\laravel\\framework\\src\\Illuminate\\View\\Middleware\\ShareErrorsFromSession.php(49): Illuminate\\Pipeline\\Pipeline->Illuminate\\Pipeline\\{closure}(Object(Illuminate\\Http\\Request))
#23 C:\\Users\\mahmo\\Barcody\\vendor\\laravel\\framework\\src\\Illuminate\\Pipeline\\Pipeline.php(180): Illuminate\\View\\Middleware\\ShareErrorsFromSession->handle(Object(Illuminate\\Http\\Request), Object(Closure))
#24 C:\\Users\\mahmo\\Barcody\\vendor\\laravel\\framework\\src\\Illuminate\\Session\\Middleware\\StartSession.php(121): Illuminate\\Pipeline\\Pipeline->Illuminate\\Pipeline\\{closure}(Object(Illuminate\\Http\\Request))
#25 C:\\Users\\mahmo\\Barcody\\vendor\\laravel\\framework\\src\\Illuminate\\Session\\Middleware\\StartSession.php(64): Illuminate\\Session\\Middleware\\StartSession->handleStatefulRequest(Object(Illuminate\\Http\\Request), Object(Illuminate\\Session\\Store), Object(Closure))
#26 C:\\Users\\mahmo\\Barcody\\vendor\\laravel\\framework\\src\\Illuminate\\Pipeline\\Pipeline.php(180): Illuminate\\Session\\Middleware\\StartSession->handle(Object(Illuminate\\Http\\Request), Object(Closure))
#27 C:\\Users\\mahmo\\Barcody\\vendor\\laravel\\framework\\src\\Illuminate\\Cookie\\Middleware\\AddQueuedCookiesToResponse.php(37): Illuminate\\Pipeline\\Pipeline->Illuminate\\Pipeline\\{closure}(Object(Illuminate\\Http\\Request))
#28 C:\\Users\\mahmo\\Barcody\\vendor\\laravel\\framework\\src\\Illuminate\\Pipeline\\Pipeline.php(180): Illuminate\\Cookie\\Middleware\\AddQueuedCookiesToResponse->handle(Object(Illuminate\\Http\\Request), Object(Closure))
#29 C:\\Users\\mahmo\\Barcody\\vendor\\laravel\\framework\\src\\Illuminate\\Cookie\\Middleware\\EncryptCookies.php(67): Illuminate\\Pipeline\\Pipeline->Illuminate\\Pipeline\\{closure}(Object(Illuminate\\Http\\Request))
#30 C:\\Users\\mahmo\\Barcody\\vendor\\laravel\\framework\\src\\Illuminate\\Pipeline\\Pipeline.php(180): Illuminate\\Cookie\\Middleware\\EncryptCookies->handle(Object(Illuminate\\Http\\Request), Object(Closure))
#31 C:\\Users\\mahmo\\Barcody\\vendor\\laravel\\framework\\src\\Illuminate\\Pipeline\\Pipeline.php(116): Illuminate\\Pipeline\\Pipeline->Illuminate\\Pipeline\\{closure}(Object(Illuminate\\Http\\Request))
#32 C:\\Users\\mahmo\\Barcody\\vendor\\laravel\\framework\\src\\Illuminate\\Routing\\Router.php(797): Illuminate\\Pipeline\\Pipeline->then(Object(Closure))
#33 C:\\Users\\mahmo\\Barcody\\vendor\\laravel\\framework\\src\\Illuminate\\Routing\\Router.php(776): Illuminate\\Routing\\Router->runRouteWithinStack(Object(Illuminate\\Routing\\Route), Object(Illuminate\\Http\\Request))
#34 C:\\Users\\mahmo\\Barcody\\vendor\\laravel\\framework\\src\\Illuminate\\Routing\\Router.php(740): Illuminate\\Routing\\Router->runRoute(Object(Illuminate\\Http\\Request), Object(Illuminate\\Routing\\Route))
#35 C:\\Users\\mahmo\\Barcody\\vendor\\laravel\\framework\\src\\Illuminate\\Routing\\Router.php(729): Illuminate\\Routing\\Router->dispatchToRoute(Object(Illuminate\\Http\\Request))
#36 C:\\Users\\mahmo\\Barcody\\vendor\\laravel\\framework\\src\\Illuminate\\Foundation\\Http\\Kernel.php(190): Illuminate\\Routing\\Router->dispatch(Object(Illuminate\\Http\\Request))
#37 C:\\Users\\mahmo\\Barcody\\vendor\\laravel\\framework\\src\\Illuminate\\Pipeline\\Pipeline.php(141): Illuminate\\Foundation\\Http\\Kernel->Illuminate\\Foundation\\Http\\{closure}(Object(Illuminate\\Http\\Request))
#38 C:\\Users\\mahmo\\Barcody\\vendor\\laravel\\framework\\src\\Illuminate\\Foundation\\Http\\Middleware\\TransformsRequest.php(21): Illuminate\\Pipeline\\Pipeline->Illuminate\\Pipeline\\{closure}(Object(Illuminate\\Http\\Request))
#39 C:\\Users\\mahmo\\Barcody\\vendor\\laravel\\framework\\src\\Illuminate\\Foundation\\Http\\Middleware\\ConvertEmptyStringsToNull.php(31): Illuminate\\Foundation\\Http\\Middleware\\TransformsRequest->handle(Object(Illuminate\\Http\\Request), Object(Closure))
#40 C:\\Users\\mahmo\\Barcody\\vendor\\laravel\\framework\\src\\Illuminate\\Pipeline\\Pipeline.php(180): Illuminate\\Foundation\\Http\\Middleware\\ConvertEmptyStringsToNull->handle(Object(Illuminate\\Http\\Request), Object(Closure))
#41 C:\\Users\\mahmo\\Barcody\\vendor\\laravel\\framework\\src\\Illuminate\\Foundation\\Http\\Middleware\\TransformsRequest.php(21): Illuminate\\Pipeline\\Pipeline->Illuminate\\Pipeline\\{closure}(Object(Illuminate\\Http\\Request))
#42 C:\\Users\\mahmo\\Barcody\\vendor\\laravel\\framework\\src\\Illuminate\\Foundation\\Http\\Middleware\\TrimStrings.php(40): Illuminate\\Foundation\\Http\\Middleware\\TransformsRequest->handle(Object(Illuminate\\Http\\Request), Object(Closure))
#43 C:\\Users\\mahmo\\Barcody\\vendor\\laravel\\framework\\src\\Illuminate\\Pipeline\\Pipeline.php(180): Illuminate\\Foundation\\Http\\Middleware\\TrimStrings->handle(Object(Illuminate\\Http\\Request), Object(Closure))
#44 C:\\Users\\mahmo\\Barcody\\vendor\\laravel\\framework\\src\\Illuminate\\Foundation\\Http\\Middleware\\ValidatePostSize.php(27): Illuminate\\Pipeline\\Pipeline->Illuminate\\Pipeline\\{closure}(Object(Illuminate\\Http\\Request))
#45 C:\\Users\\mahmo\\Barcody\\vendor\\laravel\\framework\\src\\Illuminate\\Pipeline\\Pipeline.php(180): Illuminate\\Foundation\\Http\\Middleware\\ValidatePostSize->handle(Object(Illuminate\\Http\\Request), Object(Closure))
#46 C:\\Users\\mahmo\\Barcody\\vendor\\laravel\\framework\\src\\Illuminate\\Foundation\\Http\\Middleware\\PreventRequestsDuringMaintenance.php(86): Illuminate\\Pipeline\\Pipeline->Illuminate\\Pipeline\\{closure}(Object(Illuminate\\Http\\Request))
#47 C:\\Users\\mahmo\\Barcody\\vendor\\laravel\\framework\\src\\Illuminate\\Pipeline\\Pipeline.php(180): Illuminate\\Foundation\\Http\\Middleware\\PreventRequestsDuringMaintenance->handle(Object(Illuminate\\Http\\Request), Object(Closure))
#48 C:\\Users\\mahmo\\Barcody\\vendor\\laravel\\framework\\src\\Illuminate\\Http\\Middleware\\HandleCors.php(49): Illuminate\\Pipeline\\Pipeline->Illuminate\\Pipeline\\{closure}(Object(Illuminate\\Http\\Request))
#49 C:\\Users\\mahmo\\Barcody\\vendor\\laravel\\framework\\src\\Illuminate\\Pipeline\\Pipeline.php(180): Illuminate\\Http\\Middleware\\HandleCors->handle(Object(Illuminate\\Http\\Request), Object(Closure))
#50 C:\\Users\\mahmo\\Barcody\\vendor\\laravel\\framework\\src\\Illuminate\\Http\\Middleware\\TrustProxies.php(39): Illuminate\\Pipeline\\Pipeline->Illuminate\\Pipeline\\{closure}(Object(Illuminate\\Http\\Request))
#51 C:\\Users\\mahmo\\Barcody\\vendor\\laravel\\framework\\src\\Illuminate\\Pipeline\\Pipeline.php(180): Illuminate\\Http\\Middleware\\TrustProxies->handle(Object(Illuminate\\Http\\Request), Object(Closure))
#52 C:\\Users\\mahmo\\Barcody\\vendor\\laravel\\framework\\src\\Illuminate\\Pipeline\\Pipeline.php(116): Illuminate\\Pipeline\\Pipeline->Illuminate\\Pipeline\\{closure}(Object(Illuminate\\Http\\Request))
#53 C:\\Users\\mahmo\\Barcody\\vendor\\laravel\\framework\\src\\Illuminate\\Foundation\\Http\\Kernel.php(165): Illuminate\\Pipeline\\Pipeline->then(Object(Closure))
#54 C:\\Users\\mahmo\\Barcody\\vendor\\laravel\\framework\\src\\Illuminate\\Foundation\\Http\\Kernel.php(134): Illuminate\\Foundation\\Http\\Kernel->sendRequestThroughRouter(Object(Illuminate\\Http\\Request))
#55 C:\\Users\\mahmo\\Barcody\\public\\index.php(51): Illuminate\\Foundation\\Http\\Kernel->handle(Object(Illuminate\\Http\\Request))
#56 C:\\Users\\mahmo\\Barcody\\vendor\\laravel\\framework\\src\\Illuminate\\Foundation\\resources\\server.php(16): require_once('C:\\\\Users\\\\mahmo\\\\...')
#57 {main}
"} 
[2026-05-31 21:07:09] local.ERROR: SQLSTATE[42S02]: Base table or view not found: 1146 Table 'wedding_app.information' doesn't exist (SQL: select * from `information`) {"userId":1,"exception":"[object] (Illuminate\\Database\\QueryException(code: 42S02): SQLSTATE[42S02]: Base table or view not found: 1146 Table 'wedding_app.information' doesn't exist (SQL: select * from `information`) at C:\\Users\\mahmo\\Barcody\\vendor\\laravel\\framework\\src\\Illuminate\\Database\\Connection.php:760)
[stacktrace]
#0 C:\\Users\\mahmo\\Barcody\\vendor\\laravel\\framework\\src\\Illuminate\\Database\\Connection.php(720): Illuminate\\Database\\Connection->runQueryCallback('select * from `...', Array, Object(Closure))
#1 C:\\Users\\mahmo\\Barcody\\vendor\\laravel\\framework\\src\\Illuminate\\Database\\Connection.php(405): Illuminate\\Database\\Connection->run('select * from `...', Array, Object(Closure))
#2 C:\\Users\\mahmo\\Barcody\\vendor\\laravel\\framework\\src\\Illuminate\\Database\\Query\\Builder.php(2705): Illuminate\\Database\\Connection->select('select * from `...', Array, true)
#3 C:\\Users\\mahmo\\Barcody\\vendor\\laravel\\framework\\src\\Illuminate\\Database\\Query\\Builder.php(2694): Illuminate\\Database\\Query\\Builder->runSelect()
#4 C:\\Users\\mahmo\\Barcody\\vendor\\laravel\\framework\\src\\Illuminate\\Database\\Query\\Builder.php(3230): Illuminate\\Database\\Query\\Builder->Illuminate\\Database\\Query\\{closure}()
#5 C:\\Users\\mahmo\\Barcody\\vendor\\laravel\\framework\\src\\Illuminate\\Database\\Query\\Builder.php(2693): Illuminate\\Database\\Query\\Builder->onceWithColumns(Array, Object(Closure))
#6 C:\\Users\\mahmo\\Barcody\\vendor\\laravel\\framework\\src\\Illuminate\\Database\\Eloquent\\Builder.php(710): Illuminate\\Database\\Query\\Builder->get(Array)
#7 C:\\Users\\mahmo\\Barcody\\vendor\\laravel\\framework\\src\\Illuminate\\Database\\Eloquent\\Builder.php(694): Illuminate\\Database\\Eloquent\\Builder->getModels(Array)
#8 C:\\Users\\mahmo\\Barcody\\vendor\\laravel\\framework\\src\\Illuminate\\Database\\Eloquent\\Model.php(673): Illuminate\\Database\\Eloquent\\Builder->get(Array)
#9 C:\\Users\\mahmo\\Barcody\\app\\Http\\Controllers\\LandingPage\\InformationController.php(14): Illuminate\\Database\\Eloquent\\Model::all()
#10 C:\\Users\\mahmo\\Barcody\\vendor\\laravel\\framework\\src\\Illuminate\\Routing\\Controller.php(54): App\\Http\\Controllers\\LandingPage\\InformationController->index()
#11 C:\\Users\\mahmo\\Barcody\\vendor\\laravel\\framework\\src\\Illuminate\\Routing\\ControllerDispatcher.php(43): Illuminate\\Routing\\Controller->callAction('index', Array)
#12 C:\\Users\\mahmo\\Barcody\\vendor\\laravel\\framework\\src\\Illuminate\\Routing\\Route.php(259): Illuminate\\Routing\\ControllerDispatcher->dispatch(Object(Illuminate\\Routing\\Route), Object(App\\Http\\Controllers\\LandingPage\\InformationController), 'index')
#13 C:\\Users\\mahmo\\Barcody\\vendor\\laravel\\framework\\src\\Illuminate\\Routing\\Route.php(205): Illuminate\\Routing\\Route->runController()
#14 C:\\Users\\mahmo\\Barcody\\vendor\\laravel\\framework\\src\\Illuminate\\Routing\\Router.php(798): Illuminate\\Routing\\Route->run()
#15 C:\\Users\\mahmo\\Barcody\\vendor\\laravel\\framework\\src\\Illuminate\\Pipeline\\Pipeline.php(141): Illuminate\\Routing\\Router->Illuminate\\Routing\\{closure}(Object(Illuminate\\Http\\Request))
#16 C:\\Users\\mahmo\\Barcody\\vendor\\laravel\\framework\\src\\Illuminate\\Routing\\Middleware\\SubstituteBindings.php(50): Illuminate\\Pipeline\\Pipeline->Illuminate\\Pipeline\\{closure}(Object(Illuminate\\Http\\Request))
#17 C:\\Users\\mahmo\\Barcody\\vendor\\laravel\\framework\\src\\Illuminate\\Pipeline\\Pipeline.php(180): Illuminate\\Routing\\Middleware\\SubstituteBindings->handle(Object(Illuminate\\Http\\Request), Object(Closure))
#18 C:\\Users\\mahmo\\Barcody\\vendor\\laravel\\framework\\src\\Illuminate\\Foundation\\Http\\Middleware\\VerifyCsrfToken.php(78): Illuminate\\Pipeline\\Pipeline->Illuminate\\Pipeline\\{closure}(Object(Illuminate\\Http\\Request))
#19 C:\\Users\\mahmo\\Barcody\\vendor\\laravel\\framework\\src\\Illuminate\\Pipeline\\Pipeline.php(180): Illuminate\\Foundation\\Http\\Middleware\\VerifyCsrfToken->handle(Object(Illuminate\\Http\\Request), Object(Closure))
#20 C:\\Users\\mahmo\\Barcody\\vendor\\laravel\\framework\\src\\Illuminate\\View\\Middleware\\ShareErrorsFromSession.php(49): Illuminate\\Pipeline\\Pipeline->Illuminate\\Pipeline\\{closure}(Object(Illuminate\\Http\\Request))
#21 C:\\Users\\mahmo\\Barcody\\vendor\\laravel\\framework\\src\\Illuminate\\Pipeline\\Pipeline.php(180): Illuminate\\View\\Middleware\\ShareErrorsFromSession->handle(Object(Illuminate\\Http\\Request), Object(Closure))
#22 C:\\Users\\mahmo\\Barcody\\vendor\\laravel\\framework\\src\\Illuminate\\Session\\Middleware\\StartSession.php(121): Illuminate\\Pipeline\\Pipeline->Illuminate\\Pipeline\\{closure}(Object(Illuminate\\Http\\Request))
#23 C:\\Users\\mahmo\\Barcody\\vendor\\laravel\\framework\\src\\Illuminate\\Session\\Middleware\\StartSession.php(64): Illuminate\\Session\\Middleware\\StartSession->handleStatefulRequest(Object(Illuminate\\Http\\Request), Object(Illuminate\\Session\\Store), Object(Closure))
#24 C:\\Users\\mahmo\\Barcody\\vendor\\laravel\\framework\\src\\Illuminate\\Pipeline\\Pipeline.php(180): Illuminate\\Session\\Middleware\\StartSession->handle(Object(Illuminate\\Http\\Request), Object(Closure))
#25 C:\\Users\\mahmo\\Barcody\\vendor\\laravel\\framework\\src\\Illuminate\\Cookie\\Middleware\\AddQueuedCookiesToResponse.php(37): Illuminate\\Pipeline\\Pipeline->Illuminate\\Pipeline\\{closure}(Object(Illuminate\\Http\\Request))
#26 C:\\Users\\mahmo\\Barcody\\vendor\\laravel\\framework\\src\\Illuminate\\Pipeline\\Pipeline.php(180): Illuminate\\Cookie\\Middleware\\AddQueuedCookiesToResponse->handle(Object(Illuminate\\Http\\Request), Object(Closure))
#27 C:\\Users\\mahmo\\Barcody\\vendor\\laravel\\framework\\src\\Illuminate\\Cookie\\Middleware\\EncryptCookies.php(67): Illuminate\\Pipeline\\Pipeline->Illuminate\\Pipeline\\{closure}(Object(Illuminate\\Http\\Request))
#28 C:\\Users\\mahmo\\Barcody\\vendor\\laravel\\framework\\src\\Illuminate\\Pipeline\\Pipeline.php(180): Illuminate\\Cookie\\Middleware\\EncryptCookies->handle(Object(Illuminate\\Http\\Request), Object(Closure))
#29 C:\\Users\\mahmo\\Barcody\\vendor\\laravel\\framework\\src\\Illuminate\\Pipeline\\Pipeline.php(116): Illuminate\\Pipeline\\Pipeline->Illuminate\\Pipeline\\{closure}(Object(Illuminate\\Http\\Request))
#30 C:\\Users\\mahmo\\Barcody\\vendor\\laravel\\framework\\src\\Illuminate\\Routing\\Router.php(797): Illuminate\\Pipeline\\Pipeline->then(Object(Closure))
#31 C:\\Users\\mahmo\\Barcody\\vendor\\laravel\\framework\\src\\Illuminate\\Routing\\Router.php(776): Illuminate\\Routing\\Router->runRouteWithinStack(Object(Illuminate\\Routing\\Route), Object(Illuminate\\Http\\Request))
#32 C:\\Users\\mahmo\\Barcody\\vendor\\laravel\\framework\\src\\Illuminate\\Routing\\Router.php(740): Illuminate\\Routing\\Router->runRoute(Object(Illuminate\\Http\\Request), Object(Illuminate\\Routing\\Route))
#33 C:\\Users\\mahmo\\Barcody\\vendor\\laravel\\framework\\src\\Illuminate\\Routing\\Router.php(729): Illuminate\\Routing\\Router->dispatchToRoute(Object(Illuminate\\Http\\Request))
#34 C:\\Users\\mahmo\\Barcody\\vendor\\laravel\\framework\\src\\Illuminate\\Foundation\\Http\\Kernel.php(190): Illuminate\\Routing\\Router->dispatch(Object(Illuminate\\Http\\Request))
#35 C:\\Users\\mahmo\\Barcody\\vendor\\laravel\\framework\\src\\Illuminate\\Pipeline\\Pipeline.php(141): Illuminate\\Foundation\\Http\\Kernel->Illuminate\\Foundation\\Http\\{closure}(Object(Illuminate\\Http\\Request))
#36 C:\\Users\\mahmo\\Barcody\\vendor\\laravel\\framework\\src\\Illuminate\\Foundation\\Http\\Middleware\\TransformsRequest.php(21): Illuminate\\Pipeline\\Pipeline->Illuminate\\Pipeline\\{closure}(Object(Illuminate\\Http\\Request))
#37 C:\\Users\\mahmo\\Barcody\\vendor\\laravel\\framework\\src\\Illuminate\\Foundation\\Http\\Middleware\\ConvertEmptyStringsToNull.php(31): Illuminate\\Foundation\\Http\\Middleware\\TransformsRequest->handle(Object(Illuminate\\Http\\Request), Object(Closure))
#38 C:\\Users\\mahmo\\Barcody\\vendor\\laravel\\framework\\src\\Illuminate\\Pipeline\\Pipeline.php(180): Illuminate\\Foundation\\Http\\Middleware\\ConvertEmptyStringsToNull->handle(Object(Illuminate\\Http\\Request), Object(Closure))
#39 C:\\Users\\mahmo\\Barcody\\vendor\\laravel\\framework\\src\\Illuminate\\Foundation\\Http\\Middleware\\TransformsRequest.php(21): Illuminate\\Pipeline\\Pipeline->Illuminate\\Pipeline\\{closure}(Object(Illuminate\\Http\\Request))
#40 C:\\Users\\mahmo\\Barcody\\vendor\\laravel\\framework\\src\\Illuminate\\Foundation\\Http\\Middleware\\TrimStrings.php(40): Illuminate\\Foundation\\Http\\Middleware\\TransformsRequest->handle(Object(Illuminate\\Http\\Request), Object(Closure))
#41 C:\\Users\\mahmo\\Barcody\\vendor\\laravel\\framework\\src\\Illuminate\\Pipeline\\Pipeline.php(180): Illuminate\\Foundation\\Http\\Middleware\\TrimStrings->handle(Object(Illuminate\\Http\\Request), Object(Closure))
#42 C:\\Users\\mahmo\\Barcody\\vendor\\laravel\\framework\\src\\Illuminate\\Foundation\\Http\\Middleware\\ValidatePostSize.php(27): Illuminate\\Pipeline\\Pipeline->Illuminate\\Pipeline\\{closure}(Object(Illuminate\\Http\\Request))
#43 C:\\Users\\mahmo\\Barcody\\vendor\\laravel\\framework\\src\\Illuminate\\Pipeline\\Pipeline.php(180): Illuminate\\Foundation\\Http\\Middleware\\ValidatePostSize->handle(Object(Illuminate\\Http\\Request), Object(Closure))
#44 C:\\Users\\mahmo\\Barcody\\vendor\\laravel\\framework\\src\\Illuminate\\Foundation\\Http\\Middleware\\PreventRequestsDuringMaintenance.php(86): Illuminate\\Pipeline\\Pipeline->Illuminate\\Pipeline\\{closure}(Object(Illuminate\\Http\\Request))
#45 C:\\Users\\mahmo\\Barcody\\vendor\\laravel\\framework\\src\\Illuminate\\Pipeline\\Pipeline.php(180): Illuminate\\Foundation\\Http\\Middleware\\PreventRequestsDuringMaintenance->handle(Object(Illuminate\\Http\\Request), Object(Closure))
#46 C:\\Users\\mahmo\\Barcody\\vendor\\laravel\\framework\\src\\Illuminate\\Http\\Middleware\\HandleCors.php(49): Illuminate\\Pipeline\\Pipeline->Illuminate\\Pipeline\\{closure}(Object(Illuminate\\Http\\Request))
#47 C:\\Users\\mahmo\\Barcody\\vendor\\laravel\\framework\\src\\Illuminate\\Pipeline\\Pipeline.php(180): Illuminate\\Http\\Middleware\\HandleCors->handle(Object(Illuminate\\Http\\Request), Object(Closure))
#48 C:\\Users\\mahmo\\Barcody\\vendor\\laravel\\framework\\src\\Illuminate\\Http\\Middleware\\TrustProxies.php(39): Illuminate\\Pipeline\\Pipeline->Illuminate\\Pipeline\\{closure}(Object(Illuminate\\Http\\Request))
#49 C:\\Users\\mahmo\\Barcody\\vendor\\laravel\\framework\\src\\Illuminate\\Pipeline\\Pipeline.php(180): Illuminate\\Http\\Middleware\\TrustProxies->handle(Object(Illuminate\\Http\\Request), Object(Closure))
#50 C:\\Users\\mahmo\\Barcody\\vendor\\laravel\\framework\\src\\Illuminate\\Pipeline\\Pipeline.php(116): Illuminate\\Pipeline\\Pipeline->Illuminate\\Pipeline\\{closure}(Object(Illuminate\\Http\\Request))
#51 C:\\Users\\mahmo\\Barcody\\vendor\\laravel\\framework\\src\\Illuminate\\Foundation\\Http\\Kernel.php(165): Illuminate\\Pipeline\\Pipeline->then(Object(Closure))
#52 C:\\Users\\mahmo\\Barcody\\vendor\\laravel\\framework\\src\\Illuminate\\Foundation\\Http\\Kernel.php(134): Illuminate\\Foundation\\Http\\Kernel->sendRequestThroughRouter(Object(Illuminate\\Http\\Request))
#53 C:\\Users\\mahmo\\Barcody\\public\\index.php(51): Illuminate\\Foundation\\Http\\Kernel->handle(Object(Illuminate\\Http\\Request))
#54 C:\\Users\\mahmo\\Barcody\\vendor\\laravel\\framework\\src\\Illuminate\\Foundation\\resources\\server.php(16): require_once('C:\\\\Users\\\\mahmo\\\\...')
#55 {main}

[previous exception] [object] (PDOException(code: 42S02): SQLSTATE[42S02]: Base table or view not found: 1146 Table 'wedding_app.information' doesn't exist at C:\\Users\\mahmo\\Barcody\\vendor\\laravel\\framework\\src\\Illuminate\\Database\\Connection.php:414)
[stacktrace]
#0 C:\\Users\\mahmo\\Barcody\\vendor\\laravel\\framework\\src\\Illuminate\\Database\\Connection.php(414): PDO->prepare('select * from `...')
#1 C:\\Users\\mahmo\\Barcody\\vendor\\laravel\\framework\\src\\Illuminate\\Database\\Connection.php(753): Illuminate\\Database\\Connection->Illuminate\\Database\\{closure}('select * from `...', Array)
#2 C:\\Users\\mahmo\\Barcody\\vendor\\laravel\\framework\\src\\Illuminate\\Database\\Connection.php(720): Illuminate\\Database\\Connection->runQueryCallback('select * from `...', Array, Object(Closure))
#3 C:\\Users\\mahmo\\Barcody\\vendor\\laravel\\framework\\src\\Illuminate\\Database\\Connection.php(405): Illuminate\\Database\\Connection->run('select * from `...', Array, Object(Closure))
#4 C:\\Users\\mahmo\\Barcody\\vendor\\laravel\\framework\\src\\Illuminate\\Database\\Query\\Builder.php(2705): Illuminate\\Database\\Connection->select('select * from `...', Array, true)
#5 C:\\Users\\mahmo\\Barcody\\vendor\\laravel\\framework\\src\\Illuminate\\Database\\Query\\Builder.php(2694): Illuminate\\Database\\Query\\Builder->runSelect()
#6 C:\\Users\\mahmo\\Barcody\\vendor\\laravel\\framework\\src\\Illuminate\\Database\\Query\\Builder.php(3230): Illuminate\\Database\\Query\\Builder->Illuminate\\Database\\Query\\{closure}()
#7 C:\\Users\\mahmo\\Barcody\\vendor\\laravel\\framework\\src\\Illuminate\\Database\\Query\\Builder.php(2693): Illuminate\\Database\\Query\\Builder->onceWithColumns(Array, Object(Closure))
#8 C:\\Users\\mahmo\\Barcody\\vendor\\laravel\\framework\\src\\Illuminate\\Database\\Eloquent\\Builder.php(710): Illuminate\\Database\\Query\\Builder->get(Array)
#9 C:\\Users\\mahmo\\Barcody\\vendor\\laravel\\framework\\src\\Illuminate\\Database\\Eloquent\\Builder.php(694): Illuminate\\Database\\Eloquent\\Builder->getModels(Array)
#10 C:\\Users\\mahmo\\Barcody\\vendor\\laravel\\framework\\src\\Illuminate\\Database\\Eloquent\\Model.php(673): Illuminate\\Database\\Eloquent\\Builder->get(Array)
#11 C:\\Users\\mahmo\\Barcody\\app\\Http\\Controllers\\LandingPage\\InformationController.php(14): Illuminate\\Database\\Eloquent\\Model::all()
#12 C:\\Users\\mahmo\\Barcody\\vendor\\laravel\\framework\\src\\Illuminate\\Routing\\Controller.php(54): App\\Http\\Controllers\\LandingPage\\InformationController->index()
#13 C:\\Users\\mahmo\\Barcody\\vendor\\laravel\\framework\\src\\Illuminate\\Routing\\ControllerDispatcher.php(43): Illuminate\\Routing\\Controller->callAction('index', Array)
#14 C:\\Users\\mahmo\\Barcody\\vendor\\laravel\\framework\\src\\Illuminate\\Routing\\Route.php(259): Illuminate\\Routing\\ControllerDispatcher->dispatch(Object(Illuminate\\Routing\\Route), Object(App\\Http\\Controllers\\LandingPage\\InformationController), 'index')
#15 C:\\Users\\mahmo\\Barcody\\vendor\\laravel\\framework\\src\\Illuminate\\Routing\\Route.php(205): Illuminate\\Routing\\Route->runController()
#16 C:\\Users\\mahmo\\Barcody\\vendor\\laravel\\framework\\src\\Illuminate\\Routing\\Router.php(798): Illuminate\\Routing\\Route->run()
#17 C:\\Users\\mahmo\\Barcody\\vendor\\laravel\\framework\\src\\Illuminate\\Pipeline\\Pipeline.php(141): Illuminate\\Routing\\Router->Illuminate\\Routing\\{closure}(Object(Illuminate\\Http\\Request))
#18 C:\\Users\\mahmo\\Barcody\\vendor\\laravel\\framework\\src\\Illuminate\\Routing\\Middleware\\SubstituteBindings.php(50): Illuminate\\Pipeline\\Pipeline->Illuminate\\Pipeline\\{closure}(Object(Illuminate\\Http\\Request))
#19 C:\\Users\\mahmo\\Barcody\\vendor\\laravel\\framework\\src\\Illuminate\\Pipeline\\Pipeline.php(180): Illuminate\\Routing\\Middleware\\SubstituteBindings->handle(Object(Illuminate\\Http\\Request), Object(Closure))
#20 C:\\Users\\mahmo\\Barcody\\vendor\\laravel\\framework\\src\\Illuminate\\Foundation\\Http\\Middleware\\VerifyCsrfToken.php(78): Illuminate\\Pipeline\\Pipeline->Illuminate\\Pipeline\\{closure}(Object(Illuminate\\Http\\Request))
#21 C:\\Users\\mahmo\\Barcody\\vendor\\laravel\\framework\\src\\Illuminate\\Pipeline\\Pipeline.php(180): Illuminate\\Foundation\\Http\\Middleware\\VerifyCsrfToken->handle(Object(Illuminate\\Http\\Request), Object(Closure))
#22 C:\\Users\\mahmo\\Barcody\\vendor\\laravel\\framework\\src\\Illuminate\\View\\Middleware\\ShareErrorsFromSession.php(49): Illuminate\\Pipeline\\Pipeline->Illuminate\\Pipeline\\{closure}(Object(Illuminate\\Http\\Request))
#23 C:\\Users\\mahmo\\Barcody\\vendor\\laravel\\framework\\src\\Illuminate\\Pipeline\\Pipeline.php(180): Illuminate\\View\\Middleware\\ShareErrorsFromSession->handle(Object(Illuminate\\Http\\Request), Object(Closure))
#24 C:\\Users\\mahmo\\Barcody\\vendor\\laravel\\framework\\src\\Illuminate\\Session\\Middleware\\StartSession.php(121): Illuminate\\Pipeline\\Pipeline->Illuminate\\Pipeline\\{closure}(Object(Illuminate\\Http\\Request))
#25 C:\\Users\\mahmo\\Barcody\\vendor\\laravel\\framework\\src\\Illuminate\\Session\\Middleware\\StartSession.php(64): Illuminate\\Session\\Middleware\\StartSession->handleStatefulRequest(Object(Illuminate\\Http\\Request), Object(Illuminate\\Session\\Store), Object(Closure))
#26 C:\\Users\\mahmo\\Barcody\\vendor\\laravel\\framework\\src\\Illuminate\\Pipeline\\Pipeline.php(180): Illuminate\\Session\\Middleware\\StartSession->handle(Object(Illuminate\\Http\\Request), Object(Closure))
#27 C:\\Users\\mahmo\\Barcody\\vendor\\laravel\\framework\\src\\Illuminate\\Cookie\\Middleware\\AddQueuedCookiesToResponse.php(37): Illuminate\\Pipeline\\Pipeline->Illuminate\\Pipeline\\{closure}(Object(Illuminate\\Http\\Request))
#28 C:\\Users\\mahmo\\Barcody\\vendor\\laravel\\framework\\src\\Illuminate\\Pipeline\\Pipeline.php(180): Illuminate\\Cookie\\Middleware\\AddQueuedCookiesToResponse->handle(Object(Illuminate\\Http\\Request), Object(Closure))
#29 C:\\Users\\mahmo\\Barcody\\vendor\\laravel\\framework\\src\\Illuminate\\Cookie\\Middleware\\EncryptCookies.php(67): Illuminate\\Pipeline\\Pipeline->Illuminate\\Pipeline\\{closure}(Object(Illuminate\\Http\\Request))
#30 C:\\Users\\mahmo\\Barcody\\vendor\\laravel\\framework\\src\\Illuminate\\Pipeline\\Pipeline.php(180): Illuminate\\Cookie\\Middleware\\EncryptCookies->handle(Object(Illuminate\\Http\\Request), Object(Closure))
#31 C:\\Users\\mahmo\\Barcody\\vendor\\laravel\\framework\\src\\Illuminate\\Pipeline\\Pipeline.php(116): Illuminate\\Pipeline\\Pipeline->Illuminate\\Pipeline\\{closure}(Object(Illuminate\\Http\\Request))
#32 C:\\Users\\mahmo\\Barcody\\vendor\\laravel\\framework\\src\\Illuminate\\Routing\\Router.php(797): Illuminate\\Pipeline\\Pipeline->then(Object(Closure))
#33 C:\\Users\\mahmo\\Barcody\\vendor\\laravel\\framework\\src\\Illuminate\\Routing\\Router.php(776): Illuminate\\Routing\\Router->runRouteWithinStack(Object(Illuminate\\Routing\\Route), Object(Illuminate\\Http\\Request))
#34 C:\\Users\\mahmo\\Barcody\\vendor\\laravel\\framework\\src\\Illuminate\\Routing\\Router.php(740): Illuminate\\Routing\\Router->runRoute(Object(Illuminate\\Http\\Request), Object(Illuminate\\Routing\\Route))
#35 C:\\Users\\mahmo\\Barcody\\vendor\\laravel\\framework\\src\\Illuminate\\Routing\\Router.php(729): Illuminate\\Routing\\Router->dispatchToRoute(Object(Illuminate\\Http\\Request))
#36 C:\\Users\\mahmo\\Barcody\\vendor\\laravel\\framework\\src\\Illuminate\\Foundation\\Http\\Kernel.php(190): Illuminate\\Routing\\Router->dispatch(Object(Illuminate\\Http\\Request))
#37 C:\\Users\\mahmo\\Barcody\\vendor\\laravel\\framework\\src\\Illuminate\\Pipeline\\Pipeline.php(141): Illuminate\\Foundation\\Http\\Kernel->Illuminate\\Foundation\\Http\\{closure}(Object(Illuminate\\Http\\Request))
#38 C:\\Users\\mahmo\\Barcody\\vendor\\laravel\\framework\\src\\Illuminate\\Foundation\\Http\\Middleware\\TransformsRequest.php(21): Illuminate\\Pipeline\\Pipeline->Illuminate\\Pipeline\\{closure}(Object(Illuminate\\Http\\Request))
#39 C:\\Users\\mahmo\\Barcody\\vendor\\laravel\\framework\\src\\Illuminate\\Foundation\\Http\\Middleware\\ConvertEmptyStringsToNull.php(31): Illuminate\\Foundation\\Http\\Middleware\\TransformsRequest->handle(Object(Illuminate\\Http\\Request), Object(Closure))
#40 C:\\Users\\mahmo\\Barcody\\vendor\\laravel\\framework\\src\\Illuminate\\Pipeline\\Pipeline.php(180): Illuminate\\Foundation\\Http\\Middleware\\ConvertEmptyStringsToNull->handle(Object(Illuminate\\Http\\Request), Object(Closure))
#41 C:\\Users\\mahmo\\Barcody\\vendor\\laravel\\framework\\src\\Illuminate\\Foundation\\Http\\Middleware\\TransformsRequest.php(21): Illuminate\\Pipeline\\Pipeline->Illuminate\\Pipeline\\{closure}(Object(Illuminate\\Http\\Request))
#42 C:\\Users\\mahmo\\Barcody\\vendor\\laravel\\framework\\src\\Illuminate\\Foundation\\Http\\Middleware\\TrimStrings.php(40): Illuminate\\Foundation\\Http\\Middleware\\TransformsRequest->handle(Object(Illuminate\\Http\\Request), Object(Closure))
#43 C:\\Users\\mahmo\\Barcody\\vendor\\laravel\\framework\\src\\Illuminate\\Pipeline\\Pipeline.php(180): Illuminate\\Foundation\\Http\\Middleware\\TrimStrings->handle(Object(Illuminate\\Http\\Request), Object(Closure))
#44 C:\\Users\\mahmo\\Barcody\\vendor\\laravel\\framework\\src\\Illuminate\\Foundation\\Http\\Middleware\\ValidatePostSize.php(27): Illuminate\\Pipeline\\Pipeline->Illuminate\\Pipeline\\{closure}(Object(Illuminate\\Http\\Request))
#45 C:\\Users\\mahmo\\Barcody\\vendor\\laravel\\framework\\src\\Illuminate\\Pipeline\\Pipeline.php(180): Illuminate\\Foundation\\Http\\Middleware\\ValidatePostSize->handle(Object(Illuminate\\Http\\Request), Object(Closure))
#46 C:\\Users\\mahmo\\Barcody\\vendor\\laravel\\framework\\src\\Illuminate\\Foundation\\Http\\Middleware\\PreventRequestsDuringMaintenance.php(86): Illuminate\\Pipeline\\Pipeline->Illuminate\\Pipeline\\{closure}(Object(Illuminate\\Http\\Request))
#47 C:\\Users\\mahmo\\Barcody\\vendor\\laravel\\framework\\src\\Illuminate\\Pipeline\\Pipeline.php(180): Illuminate\\Foundation\\Http\\Middleware\\PreventRequestsDuringMaintenance->handle(Object(Illuminate\\Http\\Request), Object(Closure))
#48 C:\\Users\\mahmo\\Barcody\\vendor\\laravel\\framework\\src\\Illuminate\\Http\\Middleware\\HandleCors.php(49): Illuminate\\Pipeline\\Pipeline->Illuminate\\Pipeline\\{closure}(Object(Illuminate\\Http\\Request))
#49 C:\\Users\\mahmo\\Barcody\\vendor\\laravel\\framework\\src\\Illuminate\\Pipeline\\Pipeline.php(180): Illuminate\\Http\\Middleware\\HandleCors->handle(Object(Illuminate\\Http\\Request), Object(Closure))
#50 C:\\Users\\mahmo\\Barcody\\vendor\\laravel\\framework\\src\\Illuminate\\Http\\Middleware\\TrustProxies.php(39): Illuminate\\Pipeline\\Pipeline->Illuminate\\Pipeline\\{closure}(Object(Illuminate\\Http\\Request))
#51 C:\\Users\\mahmo\\Barcody\\vendor\\laravel\\framework\\src\\Illuminate\\Pipeline\\Pipeline.php(180): Illuminate\\Http\\Middleware\\TrustProxies->handle(Object(Illuminate\\Http\\Request), Object(Closure))
#52 C:\\Users\\mahmo\\Barcody\\vendor\\laravel\\framework\\src\\Illuminate\\Pipeline\\Pipeline.php(116): Illuminate\\Pipeline\\Pipeline->Illuminate\\Pipeline\\{closure}(Object(Illuminate\\Http\\Request))
#53 C:\\Users\\mahmo\\Barcody\\vendor\\laravel\\framework\\src\\Illuminate\\Foundation\\Http\\Kernel.php(165): Illuminate\\Pipeline\\Pipeline->then(Object(Closure))
#54 C:\\Users\\mahmo\\Barcody\\vendor\\laravel\\framework\\src\\Illuminate\\Foundation\\Http\\Kernel.php(134): Illuminate\\Foundation\\Http\\Kernel->sendRequestThroughRouter(Object(Illuminate\\Http\\Request))
#55 C:\\Users\\mahmo\\Barcody\\public\\index.php(51): Illuminate\\Foundation\\Http\\Kernel->handle(Object(Illuminate\\Http\\Request))
#56 C:\\Users\\mahmo\\Barcody\\vendor\\laravel\\framework\\src\\Illuminate\\Foundation\\resources\\server.php(16): require_once('C:\\\\Users\\\\mahmo\\\\...')
#57 {main}
"} 
[2026-05-31 21:09:46] local.ERROR: SQLSTATE[42S02]: Base table or view not found: 1146 Table 'wedding_app.information' doesn't exist (SQL: select * from `information`) {"userId":1,"exception":"[object] (Illuminate\\Database\\QueryException(code: 42S02): SQLSTATE[42S02]: Base table or view not found: 1146 Table 'wedding_app.information' doesn't exist (SQL: select * from `information`) at C:\\Users\\mahmo\\Barcody\\vendor\\laravel\\framework\\src\\Illuminate\\Database\\Connection.php:760)
[stacktrace]
#0 C:\\Users\\mahmo\\Barcody\\vendor\\laravel\\framework\\src\\Illuminate\\Database\\Connection.php(720): Illuminate\\Database\\Connection->runQueryCallback('select * from `...', Array, Object(Closure))
#1 C:\\Users\\mahmo\\Barcody\\vendor\\laravel\\framework\\src\\Illuminate\\Database\\Connection.php(405): Illuminate\\Database\\Connection->run('select * from `...', Array, Object(Closure))
#2 C:\\Users\\mahmo\\Barcody\\vendor\\laravel\\framework\\src\\Illuminate\\Database\\Query\\Builder.php(2705): Illuminate\\Database\\Connection->select('select * from `...', Array, true)
#3 C:\\Users\\mahmo\\Barcody\\vendor\\laravel\\framework\\src\\Illuminate\\Database\\Query\\Builder.php(2694): Illuminate\\Database\\Query\\Builder->runSelect()
#4 C:\\Users\\mahmo\\Barcody\\vendor\\laravel\\framework\\src\\Illuminate\\Database\\Query\\Builder.php(3230): Illuminate\\Database\\Query\\Builder->Illuminate\\Database\\Query\\{closure}()
#5 C:\\Users\\mahmo\\Barcody\\vendor\\laravel\\framework\\src\\Illuminate\\Database\\Query\\Builder.php(2693): Illuminate\\Database\\Query\\Builder->onceWithColumns(Array, Object(Closure))
#6 C:\\Users\\mahmo\\Barcody\\vendor\\laravel\\framework\\src\\Illuminate\\Database\\Eloquent\\Builder.php(710): Illuminate\\Database\\Query\\Builder->get(Array)
#7 C:\\Users\\mahmo\\Barcody\\vendor\\laravel\\framework\\src\\Illuminate\\Database\\Eloquent\\Builder.php(694): Illuminate\\Database\\Eloquent\\Builder->getModels(Array)
#8 C:\\Users\\mahmo\\Barcody\\vendor\\laravel\\framework\\src\\Illuminate\\Database\\Eloquent\\Model.php(673): Illuminate\\Database\\Eloquent\\Builder->get(Array)
#9 C:\\Users\\mahmo\\Barcody\\app\\Http\\Controllers\\LandingPage\\InformationController.php(14): Illuminate\\Database\\Eloquent\\Model::all()
#10 C:\\Users\\mahmo\\Barcody\\vendor\\laravel\\framework\\src\\Illuminate\\Routing\\Controller.php(54): App\\Http\\Controllers\\LandingPage\\InformationController->index()
#11 C:\\Users\\mahmo\\Barcody\\vendor\\laravel\\framework\\src\\Illuminate\\Routing\\ControllerDispatcher.php(43): Illuminate\\Routing\\Controller->callAction('index', Array)
#12 C:\\Users\\mahmo\\Barcody\\vendor\\laravel\\framework\\src\\Illuminate\\Routing\\Route.php(259): Illuminate\\Routing\\ControllerDispatcher->dispatch(Object(Illuminate\\Routing\\Route), Object(App\\Http\\Controllers\\LandingPage\\InformationController), 'index')
#13 C:\\Users\\mahmo\\Barcody\\vendor\\laravel\\framework\\src\\Illuminate\\Routing\\Route.php(205): Illuminate\\Routing\\Route->runController()
#14 C:\\Users\\mahmo\\Barcody\\vendor\\laravel\\framework\\src\\Illuminate\\Routing\\Router.php(798): Illuminate\\Routing\\Route->run()
#15 C:\\Users\\mahmo\\Barcody\\vendor\\laravel\\framework\\src\\Illuminate\\Pipeline\\Pipeline.php(141): Illuminate\\Routing\\Router->Illuminate\\Routing\\{closure}(Object(Illuminate\\Http\\Request))
#16 C:\\Users\\mahmo\\Barcody\\vendor\\laravel\\framework\\src\\Illuminate\\Routing\\Middleware\\SubstituteBindings.php(50): Illuminate\\Pipeline\\Pipeline->Illuminate\\Pipeline\\{closure}(Object(Illuminate\\Http\\Request))
#17 C:\\Users\\mahmo\\Barcody\\vendor\\laravel\\framework\\src\\Illuminate\\Pipeline\\Pipeline.php(180): Illuminate\\Routing\\Middleware\\SubstituteBindings->handle(Object(Illuminate\\Http\\Request), Object(Closure))
#18 C:\\Users\\mahmo\\Barcody\\vendor\\laravel\\framework\\src\\Illuminate\\Foundation\\Http\\Middleware\\VerifyCsrfToken.php(78): Illuminate\\Pipeline\\Pipeline->Illuminate\\Pipeline\\{closure}(Object(Illuminate\\Http\\Request))
#19 C:\\Users\\mahmo\\Barcody\\vendor\\laravel\\framework\\src\\Illuminate\\Pipeline\\Pipeline.php(180): Illuminate\\Foundation\\Http\\Middleware\\VerifyCsrfToken->handle(Object(Illuminate\\Http\\Request), Object(Closure))
#20 C:\\Users\\mahmo\\Barcody\\vendor\\laravel\\framework\\src\\Illuminate\\View\\Middleware\\ShareErrorsFromSession.php(49): Illuminate\\Pipeline\\Pipeline->Illuminate\\Pipeline\\{closure}(Object(Illuminate\\Http\\Request))
#21 C:\\Users\\mahmo\\Barcody\\vendor\\laravel\\framework\\src\\Illuminate\\Pipeline\\Pipeline.php(180): Illuminate\\View\\Middleware\\ShareErrorsFromSession->handle(Object(Illuminate\\Http\\Request), Object(Closure))
#22 C:\\Users\\mahmo\\Barcody\\vendor\\laravel\\framework\\src\\Illuminate\\Session\\Middleware\\StartSession.php(121): Illuminate\\Pipeline\\Pipeline->Illuminate\\Pipeline\\{closure}(Object(Illuminate\\Http\\Request))
#23 C:\\Users\\mahmo\\Barcody\\vendor\\laravel\\framework\\src\\Illuminate\\Session\\Middleware\\StartSession.php(64): Illuminate\\Session\\Middleware\\StartSession->handleStatefulRequest(Object(Illuminate\\Http\\Request), Object(Illuminate\\Session\\Store), Object(Closure))
#24 C:\\Users\\mahmo\\Barcody\\vendor\\laravel\\framework\\src\\Illuminate\\Pipeline\\Pipeline.php(180): Illuminate\\Session\\Middleware\\StartSession->handle(Object(Illuminate\\Http\\Request), Object(Closure))
#25 C:\\Users\\mahmo\\Barcody\\vendor\\laravel\\framework\\src\\Illuminate\\Cookie\\Middleware\\AddQueuedCookiesToResponse.php(37): Illuminate\\Pipeline\\Pipeline->Illuminate\\Pipeline\\{closure}(Object(Illuminate\\Http\\Request))
#26 C:\\Users\\mahmo\\Barcody\\vendor\\laravel\\framework\\src\\Illuminate\\Pipeline\\Pipeline.php(180): Illuminate\\Cookie\\Middleware\\AddQueuedCookiesToResponse->handle(Object(Illuminate\\Http\\Request), Object(Closure))
#27 C:\\Users\\mahmo\\Barcody\\vendor\\laravel\\framework\\src\\Illuminate\\Cookie\\Middleware\\EncryptCookies.php(67): Illuminate\\Pipeline\\Pipeline->Illuminate\\Pipeline\\{closure}(Object(Illuminate\\Http\\Request))
#28 C:\\Users\\mahmo\\Barcody\\vendor\\laravel\\framework\\src\\Illuminate\\Pipeline\\Pipeline.php(180): Illuminate\\Cookie\\Middleware\\EncryptCookies->handle(Object(Illuminate\\Http\\Request), Object(Closure))
#29 C:\\Users\\mahmo\\Barcody\\vendor\\laravel\\framework\\src\\Illuminate\\Pipeline\\Pipeline.php(116): Illuminate\\Pipeline\\Pipeline->Illuminate\\Pipeline\\{closure}(Object(Illuminate\\Http\\Request))
#30 C:\\Users\\mahmo\\Barcody\\vendor\\laravel\\framework\\src\\Illuminate\\Routing\\Router.php(797): Illuminate\\Pipeline\\Pipeline->then(Object(Closure))
#31 C:\\Users\\mahmo\\Barcody\\vendor\\laravel\\framework\\src\\Illuminate\\Routing\\Router.php(776): Illuminate\\Routing\\Router->runRouteWithinStack(Object(Illuminate\\Routing\\Route), Object(Illuminate\\Http\\Request))
#32 C:\\Users\\mahmo\\Barcody\\vendor\\laravel\\framework\\src\\Illuminate\\Routing\\Router.php(740): Illuminate\\Routing\\Router->runRoute(Object(Illuminate\\Http\\Request), Object(Illuminate\\Routing\\Route))
#33 C:\\Users\\mahmo\\Barcody\\vendor\\laravel\\framework\\src\\Illuminate\\Routing\\Router.php(729): Illuminate\\Routing\\Router->dispatchToRoute(Object(Illuminate\\Http\\Request))
#34 C:\\Users\\mahmo\\Barcody\\vendor\\laravel\\framework\\src\\Illuminate\\Foundation\\Http\\Kernel.php(190): Illuminate\\Routing\\Router->dispatch(Object(Illuminate\\Http\\Request))
#35 C:\\Users\\mahmo\\Barcody\\vendor\\laravel\\framework\\src\\Illuminate\\Pipeline\\Pipeline.php(141): Illuminate\\Foundation\\Http\\Kernel->Illuminate\\Foundation\\Http\\{closure}(Object(Illuminate\\Http\\Request))
#36 C:\\Users\\mahmo\\Barcody\\vendor\\laravel\\framework\\src\\Illuminate\\Foundation\\Http\\Middleware\\TransformsRequest.php(21): Illuminate\\Pipeline\\Pipeline->Illuminate\\Pipeline\\{closure}(Object(Illuminate\\Http\\Request))
#37 C:\\Users\\mahmo\\Barcody\\vendor\\laravel\\framework\\src\\Illuminate\\Foundation\\Http\\Middleware\\ConvertEmptyStringsToNull.php(31): Illuminate\\Foundation\\Http\\Middleware\\TransformsRequest->handle(Object(Illuminate\\Http\\Request), Object(Closure))
#38 C:\\Users\\mahmo\\Barcody\\vendor\\laravel\\framework\\src\\Illuminate\\Pipeline\\Pipeline.php(180): Illuminate\\Foundation\\Http\\Middleware\\ConvertEmptyStringsToNull->handle(Object(Illuminate\\Http\\Request), Object(Closure))
#39 C:\\Users\\mahmo\\Barcody\\vendor\\laravel\\framework\\src\\Illuminate\\Foundation\\Http\\Middleware\\TransformsRequest.php(21): Illuminate\\Pipeline\\Pipeline->Illuminate\\Pipeline\\{closure}(Object(Illuminate\\Http\\Request))
#40 C:\\Users\\mahmo\\Barcody\\vendor\\laravel\\framework\\src\\Illuminate\\Foundation\\Http\\Middleware\\TrimStrings.php(40): Illuminate\\Foundation\\Http\\Middleware\\TransformsRequest->handle(Object(Illuminate\\Http\\Request), Object(Closure))
#41 C:\\Users\\mahmo\\Barcody\\vendor\\laravel\\framework\\src\\Illuminate\\Pipeline\\Pipeline.php(180): Illuminate\\Foundation\\Http\\Middleware\\TrimStrings->handle(Object(Illuminate\\Http\\Request), Object(Closure))
#42 C:\\Users\\mahmo\\Barcody\\vendor\\laravel\\framework\\src\\Illuminate\\Foundation\\Http\\Middleware\\ValidatePostSize.php(27): Illuminate\\Pipeline\\Pipeline->Illuminate\\Pipeline\\{closure}(Object(Illuminate\\Http\\Request))
#43 C:\\Users\\mahmo\\Barcody\\vendor\\laravel\\framework\\src\\Illuminate\\Pipeline\\Pipeline.php(180): Illuminate\\Foundation\\Http\\Middleware\\ValidatePostSize->handle(Object(Illuminate\\Http\\Request), Object(Closure))
#44 C:\\Users\\mahmo\\Barcody\\vendor\\laravel\\framework\\src\\Illuminate\\Foundation\\Http\\Middleware\\PreventRequestsDuringMaintenance.php(86): Illuminate\\Pipeline\\Pipeline->Illuminate\\Pipeline\\{closure}(Object(Illuminate\\Http\\Request))
#45 C:\\Users\\mahmo\\Barcody\\vendor\\laravel\\framework\\src\\Illuminate\\Pipeline\\Pipeline.php(180): Illuminate\\Foundation\\Http\\Middleware\\PreventRequestsDuringMaintenance->handle(Object(Illuminate\\Http\\Request), Object(Closure))
#46 C:\\Users\\mahmo\\Barcody\\vendor\\laravel\\framework\\src\\Illuminate\\Http\\Middleware\\HandleCors.php(49): Illuminate\\Pipeline\\Pipeline->Illuminate\\Pipeline\\{closure}(Object(Illuminate\\Http\\Request))
#47 C:\\Users\\mahmo\\Barcody\\vendor\\laravel\\framework\\src\\Illuminate\\Pipeline\\Pipeline.php(180): Illuminate\\Http\\Middleware\\HandleCors->handle(Object(Illuminate\\Http\\Request), Object(Closure))
#48 C:\\Users\\mahmo\\Barcody\\vendor\\laravel\\framework\\src\\Illuminate\\Http\\Middleware\\TrustProxies.php(39): Illuminate\\Pipeline\\Pipeline->Illuminate\\Pipeline\\{closure}(Object(Illuminate\\Http\\Request))
#49 C:\\Users\\mahmo\\Barcody\\vendor\\laravel\\framework\\src\\Illuminate\\Pipeline\\Pipeline.php(180): Illuminate\\Http\\Middleware\\TrustProxies->handle(Object(Illuminate\\Http\\Request), Object(Closure))
#50 C:\\Users\\mahmo\\Barcody\\vendor\\laravel\\framework\\src\\Illuminate\\Pipeline\\Pipeline.php(116): Illuminate\\Pipeline\\Pipeline->Illuminate\\Pipeline\\{closure}(Object(Illuminate\\Http\\Request))
#51 C:\\Users\\mahmo\\Barcody\\vendor\\laravel\\framework\\src\\Illuminate\\Foundation\\Http\\Kernel.php(165): Illuminate\\Pipeline\\Pipeline->then(Object(Closure))
#52 C:\\Users\\mahmo\\Barcody\\vendor\\laravel\\framework\\src\\Illuminate\\Foundation\\Http\\Kernel.php(134): Illuminate\\Foundation\\Http\\Kernel->sendRequestThroughRouter(Object(Illuminate\\Http\\Request))
#53 C:\\Users\\mahmo\\Barcody\\public\\index.php(51): Illuminate\\Foundation\\Http\\Kernel->handle(Object(Illuminate\\Http\\Request))
#54 C:\\Users\\mahmo\\Barcody\\vendor\\laravel\\framework\\src\\Illuminate\\Foundation\\resources\\server.php(16): require_once('C:\\\\Users\\\\mahmo\\\\...')
#55 {main}

[previous exception] [object] (PDOException(code: 42S02): SQLSTATE[42S02]: Base table or view not found: 1146 Table 'wedding_app.information' doesn't exist at C:\\Users\\mahmo\\Barcody\\vendor\\laravel\\framework\\src\\Illuminate\\Database\\Connection.php:414)
[stacktrace]
#0 C:\\Users\\mahmo\\Barcody\\vendor\\laravel\\framework\\src\\Illuminate\\Database\\Connection.php(414): PDO->prepare('select * from `...')
#1 C:\\Users\\mahmo\\Barcody\\vendor\\laravel\\framework\\src\\Illuminate\\Database\\Connection.php(753): Illuminate\\Database\\Connection->Illuminate\\Database\\{closure}('select * from `...', Array)
#2 C:\\Users\\mahmo\\Barcody\\vendor\\laravel\\framework\\src\\Illuminate\\Database\\Connection.php(720): Illuminate\\Database\\Connection->runQueryCallback('select * from `...', Array, Object(Closure))
#3 C:\\Users\\mahmo\\Barcody\\vendor\\laravel\\framework\\src\\Illuminate\\Database\\Connection.php(405): Illuminate\\Database\\Connection->run('select * from `...', Array, Object(Closure))
#4 C:\\Users\\mahmo\\Barcody\\vendor\\laravel\\framework\\src\\Illuminate\\Database\\Query\\Builder.php(2705): Illuminate\\Database\\Connection->select('select * from `...', Array, true)
#5 C:\\Users\\mahmo\\Barcody\\vendor\\laravel\\framework\\src\\Illuminate\\Database\\Query\\Builder.php(2694): Illuminate\\Database\\Query\\Builder->runSelect()
#6 C:\\Users\\mahmo\\Barcody\\vendor\\laravel\\framework\\src\\Illuminate\\Database\\Query\\Builder.php(3230): Illuminate\\Database\\Query\\Builder->Illuminate\\Database\\Query\\{closure}()
#7 C:\\Users\\mahmo\\Barcody\\vendor\\laravel\\framework\\src\\Illuminate\\Database\\Query\\Builder.php(2693): Illuminate\\Database\\Query\\Builder->onceWithColumns(Array, Object(Closure))
#8 C:\\Users\\mahmo\\Barcody\\vendor\\laravel\\framework\\src\\Illuminate\\Database\\Eloquent\\Builder.php(710): Illuminate\\Database\\Query\\Builder->get(Array)
#9 C:\\Users\\mahmo\\Barcody\\vendor\\laravel\\framework\\src\\Illuminate\\Database\\Eloquent\\Builder.php(694): Illuminate\\Database\\Eloquent\\Builder->getModels(Array)
#10 C:\\Users\\mahmo\\Barcody\\vendor\\laravel\\framework\\src\\Illuminate\\Database\\Eloquent\\Model.php(673): Illuminate\\Database\\Eloquent\\Builder->get(Array)
#11 C:\\Users\\mahmo\\Barcody\\app\\Http\\Controllers\\LandingPage\\InformationController.php(14): Illuminate\\Database\\Eloquent\\Model::all()
#12 C:\\Users\\mahmo\\Barcody\\vendor\\laravel\\framework\\src\\Illuminate\\Routing\\Controller.php(54): App\\Http\\Controllers\\LandingPage\\InformationController->index()
#13 C:\\Users\\mahmo\\Barcody\\vendor\\laravel\\framework\\src\\Illuminate\\Routing\\ControllerDispatcher.php(43): Illuminate\\Routing\\Controller->callAction('index', Array)
#14 C:\\Users\\mahmo\\Barcody\\vendor\\laravel\\framework\\src\\Illuminate\\Routing\\Route.php(259): Illuminate\\Routing\\ControllerDispatcher->dispatch(Object(Illuminate\\Routing\\Route), Object(App\\Http\\Controllers\\LandingPage\\InformationController), 'index')
#15 C:\\Users\\mahmo\\Barcody\\vendor\\laravel\\framework\\src\\Illuminate\\Routing\\Route.php(205): Illuminate\\Routing\\Route->runController()
#16 C:\\Users\\mahmo\\Barcody\\vendor\\laravel\\framework\\src\\Illuminate\\Routing\\Router.php(798): Illuminate\\Routing\\Route->run()
#17 C:\\Users\\mahmo\\Barcody\\vendor\\laravel\\framework\\src\\Illuminate\\Pipeline\\Pipeline.php(141): Illuminate\\Routing\\Router->Illuminate\\Routing\\{closure}(Object(Illuminate\\Http\\Request))
#18 C:\\Users\\mahmo\\Barcody\\vendor\\laravel\\framework\\src\\Illuminate\\Routing\\Middleware\\SubstituteBindings.php(50): Illuminate\\Pipeline\\Pipeline->Illuminate\\Pipeline\\{closure}(Object(Illuminate\\Http\\Request))
#19 C:\\Users\\mahmo\\Barcody\\vendor\\laravel\\framework\\src\\Illuminate\\Pipeline\\Pipeline.php(180): Illuminate\\Routing\\Middleware\\SubstituteBindings->handle(Object(Illuminate\\Http\\Request), Object(Closure))
#20 C:\\Users\\mahmo\\Barcody\\vendor\\laravel\\framework\\src\\Illuminate\\Foundation\\Http\\Middleware\\VerifyCsrfToken.php(78): Illuminate\\Pipeline\\Pipeline->Illuminate\\Pipeline\\{closure}(Object(Illuminate\\Http\\Request))
#21 C:\\Users\\mahmo\\Barcody\\vendor\\laravel\\framework\\src\\Illuminate\\Pipeline\\Pipeline.php(180): Illuminate\\Foundation\\Http\\Middleware\\VerifyCsrfToken->handle(Object(Illuminate\\Http\\Request), Object(Closure))
#22 C:\\Users\\mahmo\\Barcody\\vendor\\laravel\\framework\\src\\Illuminate\\View\\Middleware\\ShareErrorsFromSession.php(49): Illuminate\\Pipeline\\Pipeline->Illuminate\\Pipeline\\{closure}(Object(Illuminate\\Http\\Request))
#23 C:\\Users\\mahmo\\Barcody\\vendor\\laravel\\framework\\src\\Illuminate\\Pipeline\\Pipeline.php(180): Illuminate\\View\\Middleware\\ShareErrorsFromSession->handle(Object(Illuminate\\Http\\Request), Object(Closure))
#24 C:\\Users\\mahmo\\Barcody\\vendor\\laravel\\framework\\src\\Illuminate\\Session\\Middleware\\StartSession.php(121): Illuminate\\Pipeline\\Pipeline->Illuminate\\Pipeline\\{closure}(Object(Illuminate\\Http\\Request))
#25 C:\\Users\\mahmo\\Barcody\\vendor\\laravel\\framework\\src\\Illuminate\\Session\\Middleware\\StartSession.php(64): Illuminate\\Session\\Middleware\\StartSession->handleStatefulRequest(Object(Illuminate\\Http\\Request), Object(Illuminate\\Session\\Store), Object(Closure))
#26 C:\\Users\\mahmo\\Barcody\\vendor\\laravel\\framework\\src\\Illuminate\\Pipeline\\Pipeline.php(180): Illuminate\\Session\\Middleware\\StartSession->handle(Object(Illuminate\\Http\\Request), Object(Closure))
#27 C:\\Users\\mahmo\\Barcody\\vendor\\laravel\\framework\\src\\Illuminate\\Cookie\\Middleware\\AddQueuedCookiesToResponse.php(37): Illuminate\\Pipeline\\Pipeline->Illuminate\\Pipeline\\{closure}(Object(Illuminate\\Http\\Request))
#28 C:\\Users\\mahmo\\Barcody\\vendor\\laravel\\framework\\src\\Illuminate\\Pipeline\\Pipeline.php(180): Illuminate\\Cookie\\Middleware\\AddQueuedCookiesToResponse->handle(Object(Illuminate\\Http\\Request), Object(Closure))
#29 C:\\Users\\mahmo\\Barcody\\vendor\\laravel\\framework\\src\\Illuminate\\Cookie\\Middleware\\EncryptCookies.php(67): Illuminate\\Pipeline\\Pipeline->Illuminate\\Pipeline\\{closure}(Object(Illuminate\\Http\\Request))
#30 C:\\Users\\mahmo\\Barcody\\vendor\\laravel\\framework\\src\\Illuminate\\Pipeline\\Pipeline.php(180): Illuminate\\Cookie\\Middleware\\EncryptCookies->handle(Object(Illuminate\\Http\\Request), Object(Closure))
#31 C:\\Users\\mahmo\\Barcody\\vendor\\laravel\\framework\\src\\Illuminate\\Pipeline\\Pipeline.php(116): Illuminate\\Pipeline\\Pipeline->Illuminate\\Pipeline\\{closure}(Object(Illuminate\\Http\\Request))
#32 C:\\Users\\mahmo\\Barcody\\vendor\\laravel\\framework\\src\\Illuminate\\Routing\\Router.php(797): Illuminate\\Pipeline\\Pipeline->then(Object(Closure))
#33 C:\\Users\\mahmo\\Barcody\\vendor\\laravel\\framework\\src\\Illuminate\\Routing\\Router.php(776): Illuminate\\Routing\\Router->runRouteWithinStack(Object(Illuminate\\Routing\\Route), Object(Illuminate\\Http\\Request))
#34 C:\\Users\\mahmo\\Barcody\\vendor\\laravel\\framework\\src\\Illuminate\\Routing\\Router.php(740): Illuminate\\Routing\\Router->runRoute(Object(Illuminate\\Http\\Request), Object(Illuminate\\Routing\\Route))
#35 C:\\Users\\mahmo\\Barcody\\vendor\\laravel\\framework\\src\\Illuminate\\Routing\\Router.php(729): Illuminate\\Routing\\Router->dispatchToRoute(Object(Illuminate\\Http\\Request))
#36 C:\\Users\\mahmo\\Barcody\\vendor\\laravel\\framework\\src\\Illuminate\\Foundation\\Http\\Kernel.php(190): Illuminate\\Routing\\Router->dispatch(Object(Illuminate\\Http\\Request))
#37 C:\\Users\\mahmo\\Barcody\\vendor\\laravel\\framework\\src\\Illuminate\\Pipeline\\Pipeline.php(141): Illuminate\\Foundation\\Http\\Kernel->Illuminate\\Foundation\\Http\\{closure}(Object(Illuminate\\Http\\Request))
#38 C:\\Users\\mahmo\\Barcody\\vendor\\laravel\\framework\\src\\Illuminate\\Foundation\\Http\\Middleware\\TransformsRequest.php(21): Illuminate\\Pipeline\\Pipeline->Illuminate\\Pipeline\\{closure}(Object(Illuminate\\Http\\Request))
#39 C:\\Users\\mahmo\\Barcody\\vendor\\laravel\\framework\\src\\Illuminate\\Foundation\\Http\\Middleware\\ConvertEmptyStringsToNull.php(31): Illuminate\\Foundation\\Http\\Middleware\\TransformsRequest->handle(Object(Illuminate\\Http\\Request), Object(Closure))
#40 C:\\Users\\mahmo\\Barcody\\vendor\\laravel\\framework\\src\\Illuminate\\Pipeline\\Pipeline.php(180): Illuminate\\Foundation\\Http\\Middleware\\ConvertEmptyStringsToNull->handle(Object(Illuminate\\Http\\Request), Object(Closure))
#41 C:\\Users\\mahmo\\Barcody\\vendor\\laravel\\framework\\src\\Illuminate\\Foundation\\Http\\Middleware\\TransformsRequest.php(21): Illuminate\\Pipeline\\Pipeline->Illuminate\\Pipeline\\{closure}(Object(Illuminate\\Http\\Request))
#42 C:\\Users\\mahmo\\Barcody\\vendor\\laravel\\framework\\src\\Illuminate\\Foundation\\Http\\Middleware\\TrimStrings.php(40): Illuminate\\Foundation\\Http\\Middleware\\TransformsRequest->handle(Object(Illuminate\\Http\\Request), Object(Closure))
#43 C:\\Users\\mahmo\\Barcody\\vendor\\laravel\\framework\\src\\Illuminate\\Pipeline\\Pipeline.php(180): Illuminate\\Foundation\\Http\\Middleware\\TrimStrings->handle(Object(Illuminate\\Http\\Request), Object(Closure))
#44 C:\\Users\\mahmo\\Barcody\\vendor\\laravel\\framework\\src\\Illuminate\\Foundation\\Http\\Middleware\\ValidatePostSize.php(27): Illuminate\\Pipeline\\Pipeline->Illuminate\\Pipeline\\{closure}(Object(Illuminate\\Http\\Request))
#45 C:\\Users\\mahmo\\Barcody\\vendor\\laravel\\framework\\src\\Illuminate\\Pipeline\\Pipeline.php(180): Illuminate\\Foundation\\Http\\Middleware\\ValidatePostSize->handle(Object(Illuminate\\Http\\Request), Object(Closure))
#46 C:\\Users\\mahmo\\Barcody\\vendor\\laravel\\framework\\src\\Illuminate\\Foundation\\Http\\Middleware\\PreventRequestsDuringMaintenance.php(86): Illuminate\\Pipeline\\Pipeline->Illuminate\\Pipeline\\{closure}(Object(Illuminate\\Http\\Request))
#47 C:\\Users\\mahmo\\Barcody\\vendor\\laravel\\framework\\src\\Illuminate\\Pipeline\\Pipeline.php(180): Illuminate\\Foundation\\Http\\Middleware\\PreventRequestsDuringMaintenance->handle(Object(Illuminate\\Http\\Request), Object(Closure))
#48 C:\\Users\\mahmo\\Barcody\\vendor\\laravel\\framework\\src\\Illuminate\\Http\\Middleware\\HandleCors.php(49): Illuminate\\Pipeline\\Pipeline->Illuminate\\Pipeline\\{closure}(Object(Illuminate\\Http\\Request))
#49 C:\\Users\\mahmo\\Barcody\\vendor\\laravel\\framework\\src\\Illuminate\\Pipeline\\Pipeline.php(180): Illuminate\\Http\\Middleware\\HandleCors->handle(Object(Illuminate\\Http\\Request), Object(Closure))
#50 C:\\Users\\mahmo\\Barcody\\vendor\\laravel\\framework\\src\\Illuminate\\Http\\Middleware\\TrustProxies.php(39): Illuminate\\Pipeline\\Pipeline->Illuminate\\Pipeline\\{closure}(Object(Illuminate\\Http\\Request))
#51 C:\\Users\\mahmo\\Barcody\\vendor\\laravel\\framework\\src\\Illuminate\\Pipeline\\Pipeline.php(180): Illuminate\\Http\\Middleware\\TrustProxies->handle(Object(Illuminate\\Http\\Request), Object(Closure))
#52 C:\\Users\\mahmo\\Barcody\\vendor\\laravel\\framework\\src\\Illuminate\\Pipeline\\Pipeline.php(116): Illuminate\\Pipeline\\Pipeline->Illuminate\\Pipeline\\{closure}(Object(Illuminate\\Http\\Request))
#53 C:\\Users\\mahmo\\Barcody\\vendor\\laravel\\framework\\src\\Illuminate\\Foundation\\Http\\Kernel.php(165): Illuminate\\Pipeline\\Pipeline->then(Object(Closure))
#54 C:\\Users\\mahmo\\Barcody\\vendor\\laravel\\framework\\src\\Illuminate\\Foundation\\Http\\Kernel.php(134): Illuminate\\Foundation\\Http\\Kernel->sendRequestThroughRouter(Object(Illuminate\\Http\\Request))
#55 C:\\Users\\mahmo\\Barcody\\public\\index.php(51): Illuminate\\Foundation\\Http\\Kernel->handle(Object(Illuminate\\Http\\Request))
#56 C:\\Users\\mahmo\\Barcody\\vendor\\laravel\\framework\\src\\Illuminate\\Foundation\\resources\\server.php(16): require_once('C:\\\\Users\\\\mahmo\\\\...')
#57 {main}
"} 
[2026-05-31 21:22:40] local.ERROR: The "--columns" option does not exist. {"exception":"[object] (Symfony\\Component\\Console\\Exception\\RuntimeException(code: 0): The \"--columns\" option does not exist. at C:\\Users\\mahmo\\Barcody\\vendor\\symfony\\console\\Input\\ArgvInput.php:220)
[stacktrace]
#0 C:\\Users\\mahmo\\Barcody\\vendor\\symfony\\console\\Input\\ArgvInput.php(147): Symfony\\Component\\Console\\Input\\ArgvInput->addLongOption('columns', 'method,uri,name')
#1 C:\\Users\\mahmo\\Barcody\\vendor\\symfony\\console\\Input\\ArgvInput.php(82): Symfony\\Component\\Console\\Input\\ArgvInput->parseLongOption('--columns=metho...')
#2 C:\\Users\\mahmo\\Barcody\\vendor\\symfony\\console\\Input\\ArgvInput.php(71): Symfony\\Component\\Console\\Input\\ArgvInput->parseToken('--columns=metho...', true)
#3 C:\\Users\\mahmo\\Barcody\\vendor\\symfony\\console\\Input\\Input.php(55): Symfony\\Component\\Console\\Input\\ArgvInput->parse()
#4 C:\\Users\\mahmo\\Barcody\\vendor\\symfony\\console\\Command\\Command.php(250): Symfony\\Component\\Console\\Input\\Input->bind(Object(Symfony\\Component\\Console\\Input\\InputDefinition))
#5 C:\\Users\\mahmo\\Barcody\\vendor\\laravel\\framework\\src\\Illuminate\\Console\\Command.php(152): Symfony\\Component\\Console\\Command\\Command->run(Object(Symfony\\Component\\Console\\Input\\ArgvInput), Object(Illuminate\\Console\\OutputStyle))
#6 C:\\Users\\mahmo\\Barcody\\vendor\\symfony\\console\\Application.php(1014): Illuminate\\Console\\Command->run(Object(Symfony\\Component\\Console\\Input\\ArgvInput), Object(Symfony\\Component\\Console\\Output\\ConsoleOutput))
#7 C:\\Users\\mahmo\\Barcody\\vendor\\symfony\\console\\Application.php(301): Symfony\\Component\\Console\\Application->doRunCommand(Object(Illuminate\\Foundation\\Console\\RouteListCommand), Object(Symfony\\Component\\Console\\Input\\ArgvInput), Object(Symfony\\Component\\Console\\Output\\ConsoleOutput))
#8 C:\\Users\\mahmo\\Barcody\\vendor\\symfony\\console\\Application.php(171): Symfony\\Component\\Console\\Application->doRun(Object(Symfony\\Component\\Console\\Input\\ArgvInput), Object(Symfony\\Component\\Console\\Output\\ConsoleOutput))
#9 C:\\Users\\mahmo\\Barcody\\vendor\\laravel\\framework\\src\\Illuminate\\Console\\Application.php(102): Symfony\\Component\\Console\\Application->run(Object(Symfony\\Component\\Console\\Input\\ArgvInput), Object(Symfony\\Component\\Console\\Output\\ConsoleOutput))
#10 C:\\Users\\mahmo\\Barcody\\vendor\\laravel\\framework\\src\\Illuminate\\Foundation\\Console\\Kernel.php(155): Illuminate\\Console\\Application->run(Object(Symfony\\Component\\Console\\Input\\ArgvInput), Object(Symfony\\Component\\Console\\Output\\ConsoleOutput))
#11 C:\\Users\\mahmo\\Barcody\\artisan(35): Illuminate\\Foundation\\Console\\Kernel->handle(Object(Symfony\\Component\\Console\\Input\\ArgvInput), Object(Symfony\\Component\\Console\\Output\\ConsoleOutput))
#12 {main}
"} 
[2026-05-31 21:32:16] local.ERROR: Registration Error: SQLSTATE[42S22]: Column not found: 1054 Unknown column 'otp' in 'field list' (SQL: insert into `users` (`name`, `email`, `phone`, `password`, `otp`, `otp_expires_at`, `updated_at`, `created_at`) values (Test User, tester@barcody.com, 966500000099, $2y$10$al2ddeN3kgUUY0z2WA69yuavUsBtrjnau/Vv3v0BSuZwpoDq4cExO, 188504, 2026-05-31 21:42:16, 2026-05-31 21:32:16, 2026-05-31 21:32:16))  
[2026-05-31 21:32:16] local.ERROR: Method App\Http\Controllers\UserauthController::login does not exist. {"exception":"[object] (BadMethodCallException(code: 0): Method App\\Http\\Controllers\\UserauthController::login does not exist. at C:\\Users\\mahmo\\Barcody\\vendor\\laravel\\framework\\src\\Illuminate\\Routing\\Controller.php:68)
[stacktrace]
#0 C:\\Users\\mahmo\\Barcody\\vendor\\laravel\\framework\\src\\Illuminate\\Routing\\Controller.php(54): Illuminate\\Routing\\Controller->__call('login', Array)
#1 C:\\Users\\mahmo\\Barcody\\vendor\\laravel\\framework\\src\\Illuminate\\Routing\\ControllerDispatcher.php(43): Illuminate\\Routing\\Controller->callAction('login', Array)
#2 C:\\Users\\mahmo\\Barcody\\vendor\\laravel\\framework\\src\\Illuminate\\Routing\\Route.php(259): Illuminate\\Routing\\ControllerDispatcher->dispatch(Object(Illuminate\\Routing\\Route), Object(App\\Http\\Controllers\\UserauthController), 'login')
#3 C:\\Users\\mahmo\\Barcody\\vendor\\laravel\\framework\\src\\Illuminate\\Routing\\Route.php(205): Illuminate\\Routing\\Route->runController()
#4 C:\\Users\\mahmo\\Barcody\\vendor\\laravel\\framework\\src\\Illuminate\\Routing\\Router.php(798): Illuminate\\Routing\\Route->run()
#5 C:\\Users\\mahmo\\Barcody\\vendor\\laravel\\framework\\src\\Illuminate\\Pipeline\\Pipeline.php(141): Illuminate\\Routing\\Router->Illuminate\\Routing\\{closure}(Object(Illuminate\\Http\\Request))
#6 C:\\Users\\mahmo\\Barcody\\vendor\\laravel\\framework\\src\\Illuminate\\Routing\\Middleware\\SubstituteBindings.php(50): Illuminate\\Pipeline\\Pipeline->Illuminate\\Pipeline\\{closure}(Object(Illuminate\\Http\\Request))
#7 C:\\Users\\mahmo\\Barcody\\vendor\\laravel\\framework\\src\\Illuminate\\Pipeline\\Pipeline.php(180): Illuminate\\Routing\\Middleware\\SubstituteBindings->handle(Object(Illuminate\\Http\\Request), Object(Closure))
#8 C:\\Users\\mahmo\\Barcody\\vendor\\laravel\\framework\\src\\Illuminate\\Routing\\Middleware\\ThrottleRequests.php(126): Illuminate\\Pipeline\\Pipeline->Illuminate\\Pipeline\\{closure}(Object(Illuminate\\Http\\Request))
#9 C:\\Users\\mahmo\\Barcody\\vendor\\laravel\\framework\\src\\Illuminate\\Routing\\Middleware\\ThrottleRequests.php(92): Illuminate\\Routing\\Middleware\\ThrottleRequests->handleRequest(Object(Illuminate\\Http\\Request), Object(Closure), Array)
#10 C:\\Users\\mahmo\\Barcody\\vendor\\laravel\\framework\\src\\Illuminate\\Routing\\Middleware\\ThrottleRequests.php(54): Illuminate\\Routing\\Middleware\\ThrottleRequests->handleRequestUsingNamedLimiter(Object(Illuminate\\Http\\Request), Object(Closure), 'api', Object(Closure))
#11 C:\\Users\\mahmo\\Barcody\\vendor\\laravel\\framework\\src\\Illuminate\\Pipeline\\Pipeline.php(180): Illuminate\\Routing\\Middleware\\ThrottleRequests->handle(Object(Illuminate\\Http\\Request), Object(Closure), 'api')
#12 C:\\Users\\mahmo\\Barcody\\vendor\\laravel\\framework\\src\\Illuminate\\Pipeline\\Pipeline.php(116): Illuminate\\Pipeline\\Pipeline->Illuminate\\Pipeline\\{closure}(Object(Illuminate\\Http\\Request))
#13 C:\\Users\\mahmo\\Barcody\\vendor\\laravel\\framework\\src\\Illuminate\\Routing\\Router.php(797): Illuminate\\Pipeline\\Pipeline->then(Object(Closure))
#14 C:\\Users\\mahmo\\Barcody\\vendor\\laravel\\framework\\src\\Illuminate\\Routing\\Router.php(776): Illuminate\\Routing\\Router->runRouteWithinStack(Object(Illuminate\\Routing\\Route), Object(Illuminate\\Http\\Request))
#15 C:\\Users\\mahmo\\Barcody\\vendor\\laravel\\framework\\src\\Illuminate\\Routing\\Router.php(740): Illuminate\\Routing\\Router->runRoute(Object(Illuminate\\Http\\Request), Object(Illuminate\\Routing\\Route))
#16 C:\\Users\\mahmo\\Barcody\\vendor\\laravel\\framework\\src\\Illuminate\\Routing\\Router.php(729): Illuminate\\Routing\\Router->dispatchToRoute(Object(Illuminate\\Http\\Request))
#17 C:\\Users\\mahmo\\Barcody\\vendor\\laravel\\framework\\src\\Illuminate\\Foundation\\Http\\Kernel.php(190): Illuminate\\Routing\\Router->dispatch(Object(Illuminate\\Http\\Request))
#18 C:\\Users\\mahmo\\Barcody\\vendor\\laravel\\framework\\src\\Illuminate\\Pipeline\\Pipeline.php(141): Illuminate\\Foundation\\Http\\Kernel->Illuminate\\Foundation\\Http\\{closure}(Object(Illuminate\\Http\\Request))
#19 C:\\Users\\mahmo\\Barcody\\vendor\\laravel\\framework\\src\\Illuminate\\Foundation\\Http\\Middleware\\TransformsRequest.php(21): Illuminate\\Pipeline\\Pipeline->Illuminate\\Pipeline\\{closure}(Object(Illuminate\\Http\\Request))
#20 C:\\Users\\mahmo\\Barcody\\vendor\\laravel\\framework\\src\\Illuminate\\Foundation\\Http\\Middleware\\ConvertEmptyStringsToNull.php(31): Illuminate\\Foundation\\Http\\Middleware\\TransformsRequest->handle(Object(Illuminate\\Http\\Request), Object(Closure))
#21 C:\\Users\\mahmo\\Barcody\\vendor\\laravel\\framework\\src\\Illuminate\\Pipeline\\Pipeline.php(180): Illuminate\\Foundation\\Http\\Middleware\\ConvertEmptyStringsToNull->handle(Object(Illuminate\\Http\\Request), Object(Closure))
#22 C:\\Users\\mahmo\\Barcody\\vendor\\laravel\\framework\\src\\Illuminate\\Foundation\\Http\\Middleware\\TransformsRequest.php(21): Illuminate\\Pipeline\\Pipeline->Illuminate\\Pipeline\\{closure}(Object(Illuminate\\Http\\Request))
#23 C:\\Users\\mahmo\\Barcody\\vendor\\laravel\\framework\\src\\Illuminate\\Foundation\\Http\\Middleware\\TrimStrings.php(40): Illuminate\\Foundation\\Http\\Middleware\\TransformsRequest->handle(Object(Illuminate\\Http\\Request), Object(Closure))
#24 C:\\Users\\mahmo\\Barcody\\vendor\\laravel\\framework\\src\\Illuminate\\Pipeline\\Pipeline.php(180): Illuminate\\Foundation\\Http\\Middleware\\TrimStrings->handle(Object(Illuminate\\Http\\Request), Object(Closure))
#25 C:\\Users\\mahmo\\Barcody\\vendor\\laravel\\framework\\src\\Illuminate\\Foundation\\Http\\Middleware\\ValidatePostSize.php(27): Illuminate\\Pipeline\\Pipeline->Illuminate\\Pipeline\\{closure}(Object(Illuminate\\Http\\Request))
#26 C:\\Users\\mahmo\\Barcody\\vendor\\laravel\\framework\\src\\Illuminate\\Pipeline\\Pipeline.php(180): Illuminate\\Foundation\\Http\\Middleware\\ValidatePostSize->handle(Object(Illuminate\\Http\\Request), Object(Closure))
#27 C:\\Users\\mahmo\\Barcody\\vendor\\laravel\\framework\\src\\Illuminate\\Foundation\\Http\\Middleware\\PreventRequestsDuringMaintenance.php(86): Illuminate\\Pipeline\\Pipeline->Illuminate\\Pipeline\\{closure}(Object(Illuminate\\Http\\Request))
#28 C:\\Users\\mahmo\\Barcody\\vendor\\laravel\\framework\\src\\Illuminate\\Pipeline\\Pipeline.php(180): Illuminate\\Foundation\\Http\\Middleware\\PreventRequestsDuringMaintenance->handle(Object(Illuminate\\Http\\Request), Object(Closure))
#29 C:\\Users\\mahmo\\Barcody\\vendor\\laravel\\framework\\src\\Illuminate\\Http\\Middleware\\HandleCors.php(62): Illuminate\\Pipeline\\Pipeline->Illuminate\\Pipeline\\{closure}(Object(Illuminate\\Http\\Request))
#30 C:\\Users\\mahmo\\Barcody\\vendor\\laravel\\framework\\src\\Illuminate\\Pipeline\\Pipeline.php(180): Illuminate\\Http\\Middleware\\HandleCors->handle(Object(Illuminate\\Http\\Request), Object(Closure))
#31 C:\\Users\\mahmo\\Barcody\\vendor\\laravel\\framework\\src\\Illuminate\\Http\\Middleware\\TrustProxies.php(39): Illuminate\\Pipeline\\Pipeline->Illuminate\\Pipeline\\{closure}(Object(Illuminate\\Http\\Request))
#32 C:\\Users\\mahmo\\Barcody\\vendor\\laravel\\framework\\src\\Illuminate\\Pipeline\\Pipeline.php(180): Illuminate\\Http\\Middleware\\TrustProxies->handle(Object(Illuminate\\Http\\Request), Object(Closure))
#33 C:\\Users\\mahmo\\Barcody\\vendor\\laravel\\framework\\src\\Illuminate\\Pipeline\\Pipeline.php(116): Illuminate\\Pipeline\\Pipeline->Illuminate\\Pipeline\\{closure}(Object(Illuminate\\Http\\Request))
#34 C:\\Users\\mahmo\\Barcody\\vendor\\laravel\\framework\\src\\Illuminate\\Foundation\\Http\\Kernel.php(165): Illuminate\\Pipeline\\Pipeline->then(Object(Closure))
#35 C:\\Users\\mahmo\\Barcody\\vendor\\laravel\\framework\\src\\Illuminate\\Foundation\\Http\\Kernel.php(134): Illuminate\\Foundation\\Http\\Kernel->sendRequestThroughRouter(Object(Illuminate\\Http\\Request))
#36 C:\\Users\\mahmo\\Barcody\\public\\index.php(51): Illuminate\\Foundation\\Http\\Kernel->handle(Object(Illuminate\\Http\\Request))
#37 C:\\Users\\mahmo\\Barcody\\vendor\\laravel\\framework\\src\\Illuminate\\Foundation\\resources\\server.php(16): require_once('C:\\\\Users\\\\mahmo\\\\...')
#38 {main}
"} 
[2026-05-31 21:32:18] local.ERROR: Method App\Http\Controllers\UserauthController::forgotPassword does not exist. {"exception":"[object] (BadMethodCallException(code: 0): Method App\\Http\\Controllers\\UserauthController::forgotPassword does not exist. at C:\\Users\\mahmo\\Barcody\\vendor\\laravel\\framework\\src\\Illuminate\\Routing\\Controller.php:68)
[stacktrace]
#0 C:\\Users\\mahmo\\Barcody\\vendor\\laravel\\framework\\src\\Illuminate\\Routing\\Controller.php(54): Illuminate\\Routing\\Controller->__call('forgotPassword', Array)
#1 C:\\Users\\mahmo\\Barcody\\vendor\\laravel\\framework\\src\\Illuminate\\Routing\\ControllerDispatcher.php(43): Illuminate\\Routing\\Controller->callAction('forgotPassword', Array)
#2 C:\\Users\\mahmo\\Barcody\\vendor\\laravel\\framework\\src\\Illuminate\\Routing\\Route.php(259): Illuminate\\Routing\\ControllerDispatcher->dispatch(Object(Illuminate\\Routing\\Route), Object(App\\Http\\Controllers\\UserauthController), 'forgotPassword')
#3 C:\\Users\\mahmo\\Barcody\\vendor\\laravel\\framework\\src\\Illuminate\\Routing\\Route.php(205): Illuminate\\Routing\\Route->runController()
#4 C:\\Users\\mahmo\\Barcody\\vendor\\laravel\\framework\\src\\Illuminate\\Routing\\Router.php(798): Illuminate\\Routing\\Route->run()
#5 C:\\Users\\mahmo\\Barcody\\vendor\\laravel\\framework\\src\\Illuminate\\Pipeline\\Pipeline.php(141): Illuminate\\Routing\\Router->Illuminate\\Routing\\{closure}(Object(Illuminate\\Http\\Request))
#6 C:\\Users\\mahmo\\Barcody\\vendor\\laravel\\framework\\src\\Illuminate\\Routing\\Middleware\\SubstituteBindings.php(50): Illuminate\\Pipeline\\Pipeline->Illuminate\\Pipeline\\{closure}(Object(Illuminate\\Http\\Request))
#7 C:\\Users\\mahmo\\Barcody\\vendor\\laravel\\framework\\src\\Illuminate\\Pipeline\\Pipeline.php(180): Illuminate\\Routing\\Middleware\\SubstituteBindings->handle(Object(Illuminate\\Http\\Request), Object(Closure))
#8 C:\\Users\\mahmo\\Barcody\\vendor\\laravel\\framework\\src\\Illuminate\\Routing\\Middleware\\ThrottleRequests.php(126): Illuminate\\Pipeline\\Pipeline->Illuminate\\Pipeline\\{closure}(Object(Illuminate\\Http\\Request))
#9 C:\\Users\\mahmo\\Barcody\\vendor\\laravel\\framework\\src\\Illuminate\\Routing\\Middleware\\ThrottleRequests.php(92): Illuminate\\Routing\\Middleware\\ThrottleRequests->handleRequest(Object(Illuminate\\Http\\Request), Object(Closure), Array)
#10 C:\\Users\\mahmo\\Barcody\\vendor\\laravel\\framework\\src\\Illuminate\\Routing\\Middleware\\ThrottleRequests.php(54): Illuminate\\Routing\\Middleware\\ThrottleRequests->handleRequestUsingNamedLimiter(Object(Illuminate\\Http\\Request), Object(Closure), 'api', Object(Closure))
#11 C:\\Users\\mahmo\\Barcody\\vendor\\laravel\\framework\\src\\Illuminate\\Pipeline\\Pipeline.php(180): Illuminate\\Routing\\Middleware\\ThrottleRequests->handle(Object(Illuminate\\Http\\Request), Object(Closure), 'api')
#12 C:\\Users\\mahmo\\Barcody\\vendor\\laravel\\framework\\src\\Illuminate\\Pipeline\\Pipeline.php(116): Illuminate\\Pipeline\\Pipeline->Illuminate\\Pipeline\\{closure}(Object(Illuminate\\Http\\Request))
#13 C:\\Users\\mahmo\\Barcody\\vendor\\laravel\\framework\\src\\Illuminate\\Routing\\Router.php(797): Illuminate\\Pipeline\\Pipeline->then(Object(Closure))
#14 C:\\Users\\mahmo\\Barcody\\vendor\\laravel\\framework\\src\\Illuminate\\Routing\\Router.php(776): Illuminate\\Routing\\Router->runRouteWithinStack(Object(Illuminate\\Routing\\Route), Object(Illuminate\\Http\\Request))
#15 C:\\Users\\mahmo\\Barcody\\vendor\\laravel\\framework\\src\\Illuminate\\Routing\\Router.php(740): Illuminate\\Routing\\Router->runRoute(Object(Illuminate\\Http\\Request), Object(Illuminate\\Routing\\Route))
#16 C:\\Users\\mahmo\\Barcody\\vendor\\laravel\\framework\\src\\Illuminate\\Routing\\Router.php(729): Illuminate\\Routing\\Router->dispatchToRoute(Object(Illuminate\\Http\\Request))
#17 C:\\Users\\mahmo\\Barcody\\vendor\\laravel\\framework\\src\\Illuminate\\Foundation\\Http\\Kernel.php(190): Illuminate\\Routing\\Router->dispatch(Object(Illuminate\\Http\\Request))
#18 C:\\Users\\mahmo\\Barcody\\vendor\\laravel\\framework\\src\\Illuminate\\Pipeline\\Pipeline.php(141): Illuminate\\Foundation\\Http\\Kernel->Illuminate\\Foundation\\Http\\{closure}(Object(Illuminate\\Http\\Request))
#19 C:\\Users\\mahmo\\Barcody\\vendor\\laravel\\framework\\src\\Illuminate\\Foundation\\Http\\Middleware\\TransformsRequest.php(21): Illuminate\\Pipeline\\Pipeline->Illuminate\\Pipeline\\{closure}(Object(Illuminate\\Http\\Request))
#20 C:\\Users\\mahmo\\Barcody\\vendor\\laravel\\framework\\src\\Illuminate\\Foundation\\Http\\Middleware\\ConvertEmptyStringsToNull.php(31): Illuminate\\Foundation\\Http\\Middleware\\TransformsRequest->handle(Object(Illuminate\\Http\\Request), Object(Closure))
#21 C:\\Users\\mahmo\\Barcody\\vendor\\laravel\\framework\\src\\Illuminate\\Pipeline\\Pipeline.php(180): Illuminate\\Foundation\\Http\\Middleware\\ConvertEmptyStringsToNull->handle(Object(Illuminate\\Http\\Request), Object(Closure))
#22 C:\\Users\\mahmo\\Barcody\\vendor\\laravel\\framework\\src\\Illuminate\\Foundation\\Http\\Middleware\\TransformsRequest.php(21): Illuminate\\Pipeline\\Pipeline->Illuminate\\Pipeline\\{closure}(Object(Illuminate\\Http\\Request))
#23 C:\\Users\\mahmo\\Barcody\\vendor\\laravel\\framework\\src\\Illuminate\\Foundation\\Http\\Middleware\\TrimStrings.php(40): Illuminate\\Foundation\\Http\\Middleware\\TransformsRequest->handle(Object(Illuminate\\Http\\Request), Object(Closure))
#24 C:\\Users\\mahmo\\Barcody\\vendor\\laravel\\framework\\src\\Illuminate\\Pipeline\\Pipeline.php(180): Illuminate\\Foundation\\Http\\Middleware\\TrimStrings->handle(Object(Illuminate\\Http\\Request), Object(Closure))
#25 C:\\Users\\mahmo\\Barcody\\vendor\\laravel\\framework\\src\\Illuminate\\Foundation\\Http\\Middleware\\ValidatePostSize.php(27): Illuminate\\Pipeline\\Pipeline->Illuminate\\Pipeline\\{closure}(Object(Illuminate\\Http\\Request))
#26 C:\\Users\\mahmo\\Barcody\\vendor\\laravel\\framework\\src\\Illuminate\\Pipeline\\Pipeline.php(180): Illuminate\\Foundation\\Http\\Middleware\\ValidatePostSize->handle(Object(Illuminate\\Http\\Request), Object(Closure))
#27 C:\\Users\\mahmo\\Barcody\\vendor\\laravel\\framework\\src\\Illuminate\\Foundation\\Http\\Middleware\\PreventRequestsDuringMaintenance.php(86): Illuminate\\Pipeline\\Pipeline->Illuminate\\Pipeline\\{closure}(Object(Illuminate\\Http\\Request))
#28 C:\\Users\\mahmo\\Barcody\\vendor\\laravel\\framework\\src\\Illuminate\\Pipeline\\Pipeline.php(180): Illuminate\\Foundation\\Http\\Middleware\\PreventRequestsDuringMaintenance->handle(Object(Illuminate\\Http\\Request), Object(Closure))
#29 C:\\Users\\mahmo\\Barcody\\vendor\\laravel\\framework\\src\\Illuminate\\Http\\Middleware\\HandleCors.php(62): Illuminate\\Pipeline\\Pipeline->Illuminate\\Pipeline\\{closure}(Object(Illuminate\\Http\\Request))
#30 C:\\Users\\mahmo\\Barcody\\vendor\\laravel\\framework\\src\\Illuminate\\Pipeline\\Pipeline.php(180): Illuminate\\Http\\Middleware\\HandleCors->handle(Object(Illuminate\\Http\\Request), Object(Closure))
#31 C:\\Users\\mahmo\\Barcody\\vendor\\laravel\\framework\\src\\Illuminate\\Http\\Middleware\\TrustProxies.php(39): Illuminate\\Pipeline\\Pipeline->Illuminate\\Pipeline\\{closure}(Object(Illuminate\\Http\\Request))
#32 C:\\Users\\mahmo\\Barcody\\vendor\\laravel\\framework\\src\\Illuminate\\Pipeline\\Pipeline.php(180): Illuminate\\Http\\Middleware\\TrustProxies->handle(Object(Illuminate\\Http\\Request), Object(Closure))
#33 C:\\Users\\mahmo\\Barcody\\vendor\\laravel\\framework\\src\\Illuminate\\Pipeline\\Pipeline.php(116): Illuminate\\Pipeline\\Pipeline->Illuminate\\Pipeline\\{closure}(Object(Illuminate\\Http\\Request))
#34 C:\\Users\\mahmo\\Barcody\\vendor\\laravel\\framework\\src\\Illuminate\\Foundation\\Http\\Kernel.php(165): Illuminate\\Pipeline\\Pipeline->then(Object(Closure))
#35 C:\\Users\\mahmo\\Barcody\\vendor\\laravel\\framework\\src\\Illuminate\\Foundation\\Http\\Kernel.php(134): Illuminate\\Foundation\\Http\\Kernel->sendRequestThroughRouter(Object(Illuminate\\Http\\Request))
#36 C:\\Users\\mahmo\\Barcody\\public\\index.php(51): Illuminate\\Foundation\\Http\\Kernel->handle(Object(Illuminate\\Http\\Request))
#37 C:\\Users\\mahmo\\Barcody\\vendor\\laravel\\framework\\src\\Illuminate\\Foundation\\resources\\server.php(16): require_once('C:\\\\Users\\\\mahmo\\\\...')
#38 {main}
"} 
[2026-05-31 21:32:50] local.ERROR: Registration Error: SQLSTATE[42S22]: Column not found: 1054 Unknown column 'otp' in 'field list' (SQL: insert into `users` (`name`, `email`, `phone`, `password`, `otp`, `otp_expires_at`, `updated_at`, `created_at`) values (Test User, tester2@barcody.com, 966500000088, $2y$10$S6Ldl96nQEv2DLiehkwbnuQHlIRuvLwMcwQFftxGvUf4AXTxSMbIO, 525573, 2026-05-31 21:42:50, 2026-05-31 21:32:50, 2026-05-31 21:32:50))  
[2026-05-31 21:33:56] local.ERROR: API Registration Error: SQLSTATE[42S22]: Column not found: 1054 Unknown column 'otp' in 'field list' (SQL: insert into `users` (`name`, `email`, `phone`, `password`, `otp`, `otp_expires_at`, `updated_at`, `created_at`) values (Test User, tester@barcody.com, 966500000099, $2y$10$OxmLee/bscsrpnImRYUbIeV9o/NvVTWUHhyUy1LA3RZuj0Rkm09Sy, 182071, 2026-05-31 21:43:56, 2026-05-31 21:33:56, 2026-05-31 21:33:56))  
[2026-05-31 21:33:57] local.ERROR: Method App\Http\Controllers\UserauthController::forgotPassword does not exist. {"exception":"[object] (BadMethodCallException(code: 0): Method App\\Http\\Controllers\\UserauthController::forgotPassword does not exist. at C:\\Users\\mahmo\\Barcody\\vendor\\laravel\\framework\\src\\Illuminate\\Routing\\Controller.php:68)
[stacktrace]
#0 C:\\Users\\mahmo\\Barcody\\vendor\\laravel\\framework\\src\\Illuminate\\Routing\\Controller.php(54): Illuminate\\Routing\\Controller->__call('forgotPassword', Array)
#1 C:\\Users\\mahmo\\Barcody\\vendor\\laravel\\framework\\src\\Illuminate\\Routing\\ControllerDispatcher.php(43): Illuminate\\Routing\\Controller->callAction('forgotPassword', Array)
#2 C:\\Users\\mahmo\\Barcody\\vendor\\laravel\\framework\\src\\Illuminate\\Routing\\Route.php(259): Illuminate\\Routing\\ControllerDispatcher->dispatch(Object(Illuminate\\Routing\\Route), Object(App\\Http\\Controllers\\UserauthController), 'forgotPassword')
#3 C:\\Users\\mahmo\\Barcody\\vendor\\laravel\\framework\\src\\Illuminate\\Routing\\Route.php(205): Illuminate\\Routing\\Route->runController()
#4 C:\\Users\\mahmo\\Barcody\\vendor\\laravel\\framework\\src\\Illuminate\\Routing\\Router.php(798): Illuminate\\Routing\\Route->run()
#5 C:\\Users\\mahmo\\Barcody\\vendor\\laravel\\framework\\src\\Illuminate\\Pipeline\\Pipeline.php(141): Illuminate\\Routing\\Router->Illuminate\\Routing\\{closure}(Object(Illuminate\\Http\\Request))
#6 C:\\Users\\mahmo\\Barcody\\vendor\\laravel\\framework\\src\\Illuminate\\Routing\\Middleware\\SubstituteBindings.php(50): Illuminate\\Pipeline\\Pipeline->Illuminate\\Pipeline\\{closure}(Object(Illuminate\\Http\\Request))
#7 C:\\Users\\mahmo\\Barcody\\vendor\\laravel\\framework\\src\\Illuminate\\Pipeline\\Pipeline.php(180): Illuminate\\Routing\\Middleware\\SubstituteBindings->handle(Object(Illuminate\\Http\\Request), Object(Closure))
#8 C:\\Users\\mahmo\\Barcody\\vendor\\laravel\\framework\\src\\Illuminate\\Routing\\Middleware\\ThrottleRequests.php(126): Illuminate\\Pipeline\\Pipeline->Illuminate\\Pipeline\\{closure}(Object(Illuminate\\Http\\Request))
#9 C:\\Users\\mahmo\\Barcody\\vendor\\laravel\\framework\\src\\Illuminate\\Routing\\Middleware\\ThrottleRequests.php(92): Illuminate\\Routing\\Middleware\\ThrottleRequests->handleRequest(Object(Illuminate\\Http\\Request), Object(Closure), Array)
#10 C:\\Users\\mahmo\\Barcody\\vendor\\laravel\\framework\\src\\Illuminate\\Routing\\Middleware\\ThrottleRequests.php(54): Illuminate\\Routing\\Middleware\\ThrottleRequests->handleRequestUsingNamedLimiter(Object(Illuminate\\Http\\Request), Object(Closure), 'api', Object(Closure))
#11 C:\\Users\\mahmo\\Barcody\\vendor\\laravel\\framework\\src\\Illuminate\\Pipeline\\Pipeline.php(180): Illuminate\\Routing\\Middleware\\ThrottleRequests->handle(Object(Illuminate\\Http\\Request), Object(Closure), 'api')
#12 C:\\Users\\mahmo\\Barcody\\vendor\\laravel\\framework\\src\\Illuminate\\Pipeline\\Pipeline.php(116): Illuminate\\Pipeline\\Pipeline->Illuminate\\Pipeline\\{closure}(Object(Illuminate\\Http\\Request))
#13 C:\\Users\\mahmo\\Barcody\\vendor\\laravel\\framework\\src\\Illuminate\\Routing\\Router.php(797): Illuminate\\Pipeline\\Pipeline->then(Object(Closure))
#14 C:\\Users\\mahmo\\Barcody\\vendor\\laravel\\framework\\src\\Illuminate\\Routing\\Router.php(776): Illuminate\\Routing\\Router->runRouteWithinStack(Object(Illuminate\\Routing\\Route), Object(Illuminate\\Http\\Request))
#15 C:\\Users\\mahmo\\Barcody\\vendor\\laravel\\framework\\src\\Illuminate\\Routing\\Router.php(740): Illuminate\\Routing\\Router->runRoute(Object(Illuminate\\Http\\Request), Object(Illuminate\\Routing\\Route))
#16 C:\\Users\\mahmo\\Barcody\\vendor\\laravel\\framework\\src\\Illuminate\\Routing\\Router.php(729): Illuminate\\Routing\\Router->dispatchToRoute(Object(Illuminate\\Http\\Request))
#17 C:\\Users\\mahmo\\Barcody\\vendor\\laravel\\framework\\src\\Illuminate\\Foundation\\Http\\Kernel.php(190): Illuminate\\Routing\\Router->dispatch(Object(Illuminate\\Http\\Request))
#18 C:\\Users\\mahmo\\Barcody\\vendor\\laravel\\framework\\src\\Illuminate\\Pipeline\\Pipeline.php(141): Illuminate\\Foundation\\Http\\Kernel->Illuminate\\Foundation\\Http\\{closure}(Object(Illuminate\\Http\\Request))
#19 C:\\Users\\mahmo\\Barcody\\vendor\\laravel\\framework\\src\\Illuminate\\Foundation\\Http\\Middleware\\TransformsRequest.php(21): Illuminate\\Pipeline\\Pipeline->Illuminate\\Pipeline\\{closure}(Object(Illuminate\\Http\\Request))
#20 C:\\Users\\mahmo\\Barcody\\vendor\\laravel\\framework\\src\\Illuminate\\Foundation\\Http\\Middleware\\ConvertEmptyStringsToNull.php(31): Illuminate\\Foundation\\Http\\Middleware\\TransformsRequest->handle(Object(Illuminate\\Http\\Request), Object(Closure))
#21 C:\\Users\\mahmo\\Barcody\\vendor\\laravel\\framework\\src\\Illuminate\\Pipeline\\Pipeline.php(180): Illuminate\\Foundation\\Http\\Middleware\\ConvertEmptyStringsToNull->handle(Object(Illuminate\\Http\\Request), Object(Closure))
#22 C:\\Users\\mahmo\\Barcody\\vendor\\laravel\\framework\\src\\Illuminate\\Foundation\\Http\\Middleware\\TransformsRequest.php(21): Illuminate\\Pipeline\\Pipeline->Illuminate\\Pipeline\\{closure}(Object(Illuminate\\Http\\Request))
#23 C:\\Users\\mahmo\\Barcody\\vendor\\laravel\\framework\\src\\Illuminate\\Foundation\\Http\\Middleware\\TrimStrings.php(40): Illuminate\\Foundation\\Http\\Middleware\\TransformsRequest->handle(Object(Illuminate\\Http\\Request), Object(Closure))
#24 C:\\Users\\mahmo\\Barcody\\vendor\\laravel\\framework\\src\\Illuminate\\Pipeline\\Pipeline.php(180): Illuminate\\Foundation\\Http\\Middleware\\TrimStrings->handle(Object(Illuminate\\Http\\Request), Object(Closure))
#25 C:\\Users\\mahmo\\Barcody\\vendor\\laravel\\framework\\src\\Illuminate\\Foundation\\Http\\Middleware\\ValidatePostSize.php(27): Illuminate\\Pipeline\\Pipeline->Illuminate\\Pipeline\\{closure}(Object(Illuminate\\Http\\Request))
#26 C:\\Users\\mahmo\\Barcody\\vendor\\laravel\\framework\\src\\Illuminate\\Pipeline\\Pipeline.php(180): Illuminate\\Foundation\\Http\\Middleware\\ValidatePostSize->handle(Object(Illuminate\\Http\\Request), Object(Closure))
#27 C:\\Users\\mahmo\\Barcody\\vendor\\laravel\\framework\\src\\Illuminate\\Foundation\\Http\\Middleware\\PreventRequestsDuringMaintenance.php(86): Illuminate\\Pipeline\\Pipeline->Illuminate\\Pipeline\\{closure}(Object(Illuminate\\Http\\Request))
#28 C:\\Users\\mahmo\\Barcody\\vendor\\laravel\\framework\\src\\Illuminate\\Pipeline\\Pipeline.php(180): Illuminate\\Foundation\\Http\\Middleware\\PreventRequestsDuringMaintenance->handle(Object(Illuminate\\Http\\Request), Object(Closure))
#29 C:\\Users\\mahmo\\Barcody\\vendor\\laravel\\framework\\src\\Illuminate\\Http\\Middleware\\HandleCors.php(62): Illuminate\\Pipeline\\Pipeline->Illuminate\\Pipeline\\{closure}(Object(Illuminate\\Http\\Request))
#30 C:\\Users\\mahmo\\Barcody\\vendor\\laravel\\framework\\src\\Illuminate\\Pipeline\\Pipeline.php(180): Illuminate\\Http\\Middleware\\HandleCors->handle(Object(Illuminate\\Http\\Request), Object(Closure))
#31 C:\\Users\\mahmo\\Barcody\\vendor\\laravel\\framework\\src\\Illuminate\\Http\\Middleware\\TrustProxies.php(39): Illuminate\\Pipeline\\Pipeline->Illuminate\\Pipeline\\{closure}(Object(Illuminate\\Http\\Request))
#32 C:\\Users\\mahmo\\Barcody\\vendor\\laravel\\framework\\src\\Illuminate\\Pipeline\\Pipeline.php(180): Illuminate\\Http\\Middleware\\TrustProxies->handle(Object(Illuminate\\Http\\Request), Object(Closure))
#33 C:\\Users\\mahmo\\Barcody\\vendor\\laravel\\framework\\src\\Illuminate\\Pipeline\\Pipeline.php(116): Illuminate\\Pipeline\\Pipeline->Illuminate\\Pipeline\\{closure}(Object(Illuminate\\Http\\Request))
#34 C:\\Users\\mahmo\\Barcody\\vendor\\laravel\\framework\\src\\Illuminate\\Foundation\\Http\\Kernel.php(165): Illuminate\\Pipeline\\Pipeline->then(Object(Closure))
#35 C:\\Users\\mahmo\\Barcody\\vendor\\laravel\\framework\\src\\Illuminate\\Foundation\\Http\\Kernel.php(134): Illuminate\\Foundation\\Http\\Kernel->sendRequestThroughRouter(Object(Illuminate\\Http\\Request))
#36 C:\\Users\\mahmo\\Barcody\\public\\index.php(51): Illuminate\\Foundation\\Http\\Kernel->handle(Object(Illuminate\\Http\\Request))
#37 C:\\Users\\mahmo\\Barcody\\vendor\\laravel\\framework\\src\\Illuminate\\Foundation\\resources\\server.php(16): require_once('C:\\\\Users\\\\mahmo\\\\...')
#38 {main}
"} 
[2026-05-31 21:34:01] local.INFO: Raw Webhook Data: {"entry":[{"changes":[{"value":{"messages":"System.Collections.Hashtable"}}]}]} 
[2026-05-31 21:35:55] local.WARNING: WhatsApp OTP not sent during registration: Could not send OTP. Please try again.  
[2026-05-31 21:35:55] local.ERROR: OTP Send Error: Could not send OTP. Please try again.  
[2026-05-31 21:35:56] local.ERROR: API Resend OTP Error: Could not send OTP. Please try again.  
[2026-05-31 21:35:56] local.ERROR: Phone Login OTP Error: Could not send OTP. Please try again.  
[2026-05-31 21:35:56] local.WARNING: WhatsApp OTP not sent for forgot password: Could not send OTP. Please try again.  
[2026-05-31 21:35:59] local.ERROR: SQLSTATE[42S22]: Column not found: 1054 Unknown column 'event_id' in 'where clause' (SQL: select * from `contacts` where `event_id` = 1) {"userId":2,"exception":"[object] (Illuminate\\Database\\QueryException(code: 42S22): SQLSTATE[42S22]: Column not found: 1054 Unknown column 'event_id' in 'where clause' (SQL: select * from `contacts` where `event_id` = 1) at C:\\Users\\mahmo\\Barcody\\vendor\\laravel\\framework\\src\\Illuminate\\Database\\Connection.php:760)
[stacktrace]
#0 C:\\Users\\mahmo\\Barcody\\vendor\\laravel\\framework\\src\\Illuminate\\Database\\Connection.php(720): Illuminate\\Database\\Connection->runQueryCallback('select * from `...', Array, Object(Closure))
#1 C:\\Users\\mahmo\\Barcody\\vendor\\laravel\\framework\\src\\Illuminate\\Database\\Connection.php(405): Illuminate\\Database\\Connection->run('select * from `...', Array, Object(Closure))
#2 C:\\Users\\mahmo\\Barcody\\vendor\\laravel\\framework\\src\\Illuminate\\Database\\Query\\Builder.php(2705): Illuminate\\Database\\Connection->select('select * from `...', Array, true)
#3 C:\\Users\\mahmo\\Barcody\\vendor\\laravel\\framework\\src\\Illuminate\\Database\\Query\\Builder.php(2694): Illuminate\\Database\\Query\\Builder->runSelect()
#4 C:\\Users\\mahmo\\Barcody\\vendor\\laravel\\framework\\src\\Illuminate\\Database\\Query\\Builder.php(3230): Illuminate\\Database\\Query\\Builder->Illuminate\\Database\\Query\\{closure}()
#5 C:\\Users\\mahmo\\Barcody\\vendor\\laravel\\framework\\src\\Illuminate\\Database\\Query\\Builder.php(2693): Illuminate\\Database\\Query\\Builder->onceWithColumns(Array, Object(Closure))
#6 C:\\Users\\mahmo\\Barcody\\vendor\\laravel\\framework\\src\\Illuminate\\Database\\Eloquent\\Builder.php(710): Illuminate\\Database\\Query\\Builder->get(Array)
#7 C:\\Users\\mahmo\\Barcody\\vendor\\laravel\\framework\\src\\Illuminate\\Database\\Eloquent\\Builder.php(694): Illuminate\\Database\\Eloquent\\Builder->getModels(Array)
#8 C:\\Users\\mahmo\\Barcody\\app\\Http\\Controllers\\EventController.php(183): Illuminate\\Database\\Eloquent\\Builder->get()
#9 C:\\Users\\mahmo\\Barcody\\vendor\\laravel\\framework\\src\\Illuminate\\Routing\\Controller.php(54): App\\Http\\Controllers\\EventController->apiEventContacts('1')
#10 C:\\Users\\mahmo\\Barcody\\vendor\\laravel\\framework\\src\\Illuminate\\Routing\\ControllerDispatcher.php(43): Illuminate\\Routing\\Controller->callAction('apiEventContact...', Array)
#11 C:\\Users\\mahmo\\Barcody\\vendor\\laravel\\framework\\src\\Illuminate\\Routing\\Route.php(259): Illuminate\\Routing\\ControllerDispatcher->dispatch(Object(Illuminate\\Routing\\Route), Object(App\\Http\\Controllers\\EventController), 'apiEventContact...')
#12 C:\\Users\\mahmo\\Barcody\\vendor\\laravel\\framework\\src\\Illuminate\\Routing\\Route.php(205): Illuminate\\Routing\\Route->runController()
#13 C:\\Users\\mahmo\\Barcody\\vendor\\laravel\\framework\\src\\Illuminate\\Routing\\Router.php(798): Illuminate\\Routing\\Route->run()
#14 C:\\Users\\mahmo\\Barcody\\vendor\\laravel\\framework\\src\\Illuminate\\Pipeline\\Pipeline.php(141): Illuminate\\Routing\\Router->Illuminate\\Routing\\{closure}(Object(Illuminate\\Http\\Request))
#15 C:\\Users\\mahmo\\Barcody\\vendor\\laravel\\framework\\src\\Illuminate\\Routing\\Middleware\\SubstituteBindings.php(50): Illuminate\\Pipeline\\Pipeline->Illuminate\\Pipeline\\{closure}(Object(Illuminate\\Http\\Request))
#16 C:\\Users\\mahmo\\Barcody\\vendor\\laravel\\framework\\src\\Illuminate\\Pipeline\\Pipeline.php(180): Illuminate\\Routing\\Middleware\\SubstituteBindings->handle(Object(Illuminate\\Http\\Request), Object(Closure))
#17 C:\\Users\\mahmo\\Barcody\\vendor\\laravel\\framework\\src\\Illuminate\\Routing\\Middleware\\ThrottleRequests.php(126): Illuminate\\Pipeline\\Pipeline->Illuminate\\Pipeline\\{closure}(Object(Illuminate\\Http\\Request))
#18 C:\\Users\\mahmo\\Barcody\\vendor\\laravel\\framework\\src\\Illuminate\\Routing\\Middleware\\ThrottleRequests.php(92): Illuminate\\Routing\\Middleware\\ThrottleRequests->handleRequest(Object(Illuminate\\Http\\Request), Object(Closure), Array)
#19 C:\\Users\\mahmo\\Barcody\\vendor\\laravel\\framework\\src\\Illuminate\\Routing\\Middleware\\ThrottleRequests.php(54): Illuminate\\Routing\\Middleware\\ThrottleRequests->handleRequestUsingNamedLimiter(Object(Illuminate\\Http\\Request), Object(Closure), 'api', Object(Closure))
#20 C:\\Users\\mahmo\\Barcody\\vendor\\laravel\\framework\\src\\Illuminate\\Pipeline\\Pipeline.php(180): Illuminate\\Routing\\Middleware\\ThrottleRequests->handle(Object(Illuminate\\Http\\Request), Object(Closure), 'api')
#21 C:\\Users\\mahmo\\Barcody\\vendor\\laravel\\framework\\src\\Illuminate\\Auth\\Middleware\\Authenticate.php(44): Illuminate\\Pipeline\\Pipeline->Illuminate\\Pipeline\\{closure}(Object(Illuminate\\Http\\Request))
#22 C:\\Users\\mahmo\\Barcody\\vendor\\laravel\\framework\\src\\Illuminate\\Pipeline\\Pipeline.php(180): Illuminate\\Auth\\Middleware\\Authenticate->handle(Object(Illuminate\\Http\\Request), Object(Closure), 'sanctum')
#23 C:\\Users\\mahmo\\Barcody\\vendor\\laravel\\framework\\src\\Illuminate\\Pipeline\\Pipeline.php(116): Illuminate\\Pipeline\\Pipeline->Illuminate\\Pipeline\\{closure}(Object(Illuminate\\Http\\Request))
#24 C:\\Users\\mahmo\\Barcody\\vendor\\laravel\\framework\\src\\Illuminate\\Routing\\Router.php(797): Illuminate\\Pipeline\\Pipeline->then(Object(Closure))
#25 C:\\Users\\mahmo\\Barcody\\vendor\\laravel\\framework\\src\\Illuminate\\Routing\\Router.php(776): Illuminate\\Routing\\Router->runRouteWithinStack(Object(Illuminate\\Routing\\Route), Object(Illuminate\\Http\\Request))
#26 C:\\Users\\mahmo\\Barcody\\vendor\\laravel\\framework\\src\\Illuminate\\Routing\\Router.php(740): Illuminate\\Routing\\Router->runRoute(Object(Illuminate\\Http\\Request), Object(Illuminate\\Routing\\Route))
#27 C:\\Users\\mahmo\\Barcody\\vendor\\laravel\\framework\\src\\Illuminate\\Routing\\Router.php(729): Illuminate\\Routing\\Router->dispatchToRoute(Object(Illuminate\\Http\\Request))
#28 C:\\Users\\mahmo\\Barcody\\vendor\\laravel\\framework\\src\\Illuminate\\Foundation\\Http\\Kernel.php(190): Illuminate\\Routing\\Router->dispatch(Object(Illuminate\\Http\\Request))
#29 C:\\Users\\mahmo\\Barcody\\vendor\\laravel\\framework\\src\\Illuminate\\Pipeline\\Pipeline.php(141): Illuminate\\Foundation\\Http\\Kernel->Illuminate\\Foundation\\Http\\{closure}(Object(Illuminate\\Http\\Request))
#30 C:\\Users\\mahmo\\Barcody\\vendor\\laravel\\framework\\src\\Illuminate\\Foundation\\Http\\Middleware\\TransformsRequest.php(21): Illuminate\\Pipeline\\Pipeline->Illuminate\\Pipeline\\{closure}(Object(Illuminate\\Http\\Request))
#31 C:\\Users\\mahmo\\Barcody\\vendor\\laravel\\framework\\src\\Illuminate\\Foundation\\Http\\Middleware\\ConvertEmptyStringsToNull.php(31): Illuminate\\Foundation\\Http\\Middleware\\TransformsRequest->handle(Object(Illuminate\\Http\\Request), Object(Closure))
#32 C:\\Users\\mahmo\\Barcody\\vendor\\laravel\\framework\\src\\Illuminate\\Pipeline\\Pipeline.php(180): Illuminate\\Foundation\\Http\\Middleware\\ConvertEmptyStringsToNull->handle(Object(Illuminate\\Http\\Request), Object(Closure))
#33 C:\\Users\\mahmo\\Barcody\\vendor\\laravel\\framework\\src\\Illuminate\\Foundation\\Http\\Middleware\\TransformsRequest.php(21): Illuminate\\Pipeline\\Pipeline->Illuminate\\Pipeline\\{closure}(Object(Illuminate\\Http\\Request))
#34 C:\\Users\\mahmo\\Barcody\\vendor\\laravel\\framework\\src\\Illuminate\\Foundation\\Http\\Middleware\\TrimStrings.php(40): Illuminate\\Foundation\\Http\\Middleware\\TransformsRequest->handle(Object(Illuminate\\Http\\Request), Object(Closure))
#35 C:\\Users\\mahmo\\Barcody\\vendor\\laravel\\framework\\src\\Illuminate\\Pipeline\\Pipeline.php(180): Illuminate\\Foundation\\Http\\Middleware\\TrimStrings->handle(Object(Illuminate\\Http\\Request), Object(Closure))
#36 C:\\Users\\mahmo\\Barcody\\vendor\\laravel\\framework\\src\\Illuminate\\Foundation\\Http\\Middleware\\ValidatePostSize.php(27): Illuminate\\Pipeline\\Pipeline->Illuminate\\Pipeline\\{closure}(Object(Illuminate\\Http\\Request))
#37 C:\\Users\\mahmo\\Barcody\\vendor\\laravel\\framework\\src\\Illuminate\\Pipeline\\Pipeline.php(180): Illuminate\\Foundation\\Http\\Middleware\\ValidatePostSize->handle(Object(Illuminate\\Http\\Request), Object(Closure))
#38 C:\\Users\\mahmo\\Barcody\\vendor\\laravel\\framework\\src\\Illuminate\\Foundation\\Http\\Middleware\\PreventRequestsDuringMaintenance.php(86): Illuminate\\Pipeline\\Pipeline->Illuminate\\Pipeline\\{closure}(Object(Illuminate\\Http\\Request))
#39 C:\\Users\\mahmo\\Barcody\\vendor\\laravel\\framework\\src\\Illuminate\\Pipeline\\Pipeline.php(180): Illuminate\\Foundation\\Http\\Middleware\\PreventRequestsDuringMaintenance->handle(Object(Illuminate\\Http\\Request), Object(Closure))
#40 C:\\Users\\mahmo\\Barcody\\vendor\\laravel\\framework\\src\\Illuminate\\Http\\Middleware\\HandleCors.php(62): Illuminate\\Pipeline\\Pipeline->Illuminate\\Pipeline\\{closure}(Object(Illuminate\\Http\\Request))
#41 C:\\Users\\mahmo\\Barcody\\vendor\\laravel\\framework\\src\\Illuminate\\Pipeline\\Pipeline.php(180): Illuminate\\Http\\Middleware\\HandleCors->handle(Object(Illuminate\\Http\\Request), Object(Closure))
#42 C:\\Users\\mahmo\\Barcody\\vendor\\laravel\\framework\\src\\Illuminate\\Http\\Middleware\\TrustProxies.php(39): Illuminate\\Pipeline\\Pipeline->Illuminate\\Pipeline\\{closure}(Object(Illuminate\\Http\\Request))
#43 C:\\Users\\mahmo\\Barcody\\vendor\\laravel\\framework\\src\\Illuminate\\Pipeline\\Pipeline.php(180): Illuminate\\Http\\Middleware\\TrustProxies->handle(Object(Illuminate\\Http\\Request), Object(Closure))
#44 C:\\Users\\mahmo\\Barcody\\vendor\\laravel\\framework\\src\\Illuminate\\Pipeline\\Pipeline.php(116): Illuminate\\Pipeline\\Pipeline->Illuminate\\Pipeline\\{closure}(Object(Illuminate\\Http\\Request))
#45 C:\\Users\\mahmo\\Barcody\\vendor\\laravel\\framework\\src\\Illuminate\\Foundation\\Http\\Kernel.php(165): Illuminate\\Pipeline\\Pipeline->then(Object(Closure))
#46 C:\\Users\\mahmo\\Barcody\\vendor\\laravel\\framework\\src\\Illuminate\\Foundation\\Http\\Kernel.php(134): Illuminate\\Foundation\\Http\\Kernel->sendRequestThroughRouter(Object(Illuminate\\Http\\Request))
#47 C:\\Users\\mahmo\\Barcody\\public\\index.php(51): Illuminate\\Foundation\\Http\\Kernel->handle(Object(Illuminate\\Http\\Request))
#48 C:\\Users\\mahmo\\Barcody\\vendor\\laravel\\framework\\src\\Illuminate\\Foundation\\resources\\server.php(16): require_once('C:\\\\Users\\\\mahmo\\\\...')
#49 {main}

[previous exception] [object] (PDOException(code: 42S22): SQLSTATE[42S22]: Column not found: 1054 Unknown column 'event_id' in 'where clause' at C:\\Users\\mahmo\\Barcody\\vendor\\laravel\\framework\\src\\Illuminate\\Database\\Connection.php:414)
[stacktrace]
#0 C:\\Users\\mahmo\\Barcody\\vendor\\laravel\\framework\\src\\Illuminate\\Database\\Connection.php(414): PDO->prepare('select * from `...')
#1 C:\\Users\\mahmo\\Barcody\\vendor\\laravel\\framework\\src\\Illuminate\\Database\\Connection.php(753): Illuminate\\Database\\Connection->Illuminate\\Database\\{closure}('select * from `...', Array)
#2 C:\\Users\\mahmo\\Barcody\\vendor\\laravel\\framework\\src\\Illuminate\\Database\\Connection.php(720): Illuminate\\Database\\Connection->runQueryCallback('select * from `...', Array, Object(Closure))
#3 C:\\Users\\mahmo\\Barcody\\vendor\\laravel\\framework\\src\\Illuminate\\Database\\Connection.php(405): Illuminate\\Database\\Connection->run('select * from `...', Array, Object(Closure))
#4 C:\\Users\\mahmo\\Barcody\\vendor\\laravel\\framework\\src\\Illuminate\\Database\\Query\\Builder.php(2705): Illuminate\\Database\\Connection->select('select * from `...', Array, true)
#5 C:\\Users\\mahmo\\Barcody\\vendor\\laravel\\framework\\src\\Illuminate\\Database\\Query\\Builder.php(2694): Illuminate\\Database\\Query\\Builder->runSelect()
#6 C:\\Users\\mahmo\\Barcody\\vendor\\laravel\\framework\\src\\Illuminate\\Database\\Query\\Builder.php(3230): Illuminate\\Database\\Query\\Builder->Illuminate\\Database\\Query\\{closure}()
#7 C:\\Users\\mahmo\\Barcody\\vendor\\laravel\\framework\\src\\Illuminate\\Database\\Query\\Builder.php(2693): Illuminate\\Database\\Query\\Builder->onceWithColumns(Array, Object(Closure))
#8 C:\\Users\\mahmo\\Barcody\\vendor\\laravel\\framework\\src\\Illuminate\\Database\\Eloquent\\Builder.php(710): Illuminate\\Database\\Query\\Builder->get(Array)
#9 C:\\Users\\mahmo\\Barcody\\vendor\\laravel\\framework\\src\\Illuminate\\Database\\Eloquent\\Builder.php(694): Illuminate\\Database\\Eloquent\\Builder->getModels(Array)
#10 C:\\Users\\mahmo\\Barcody\\app\\Http\\Controllers\\EventController.php(183): Illuminate\\Database\\Eloquent\\Builder->get()
#11 C:\\Users\\mahmo\\Barcody\\vendor\\laravel\\framework\\src\\Illuminate\\Routing\\Controller.php(54): App\\Http\\Controllers\\EventController->apiEventContacts('1')
#12 C:\\Users\\mahmo\\Barcody\\vendor\\laravel\\framework\\src\\Illuminate\\Routing\\ControllerDispatcher.php(43): Illuminate\\Routing\\Controller->callAction('apiEventContact...', Array)
#13 C:\\Users\\mahmo\\Barcody\\vendor\\laravel\\framework\\src\\Illuminate\\Routing\\Route.php(259): Illuminate\\Routing\\ControllerDispatcher->dispatch(Object(Illuminate\\Routing\\Route), Object(App\\Http\\Controllers\\EventController), 'apiEventContact...')
#14 C:\\Users\\mahmo\\Barcody\\vendor\\laravel\\framework\\src\\Illuminate\\Routing\\Route.php(205): Illuminate\\Routing\\Route->runController()
#15 C:\\Users\\mahmo\\Barcody\\vendor\\laravel\\framework\\src\\Illuminate\\Routing\\Router.php(798): Illuminate\\Routing\\Route->run()
#16 C:\\Users\\mahmo\\Barcody\\vendor\\laravel\\framework\\src\\Illuminate\\Pipeline\\Pipeline.php(141): Illuminate\\Routing\\Router->Illuminate\\Routing\\{closure}(Object(Illuminate\\Http\\Request))
#17 C:\\Users\\mahmo\\Barcody\\vendor\\laravel\\framework\\src\\Illuminate\\Routing\\Middleware\\SubstituteBindings.php(50): Illuminate\\Pipeline\\Pipeline->Illuminate\\Pipeline\\{closure}(Object(Illuminate\\Http\\Request))
#18 C:\\Users\\mahmo\\Barcody\\vendor\\laravel\\framework\\src\\Illuminate\\Pipeline\\Pipeline.php(180): Illuminate\\Routing\\Middleware\\SubstituteBindings->handle(Object(Illuminate\\Http\\Request), Object(Closure))
#19 C:\\Users\\mahmo\\Barcody\\vendor\\laravel\\framework\\src\\Illuminate\\Routing\\Middleware\\ThrottleRequests.php(126): Illuminate\\Pipeline\\Pipeline->Illuminate\\Pipeline\\{closure}(Object(Illuminate\\Http\\Request))
#20 C:\\Users\\mahmo\\Barcody\\vendor\\laravel\\framework\\src\\Illuminate\\Routing\\Middleware\\ThrottleRequests.php(92): Illuminate\\Routing\\Middleware\\ThrottleRequests->handleRequest(Object(Illuminate\\Http\\Request), Object(Closure), Array)
#21 C:\\Users\\mahmo\\Barcody\\vendor\\laravel\\framework\\src\\Illuminate\\Routing\\Middleware\\ThrottleRequests.php(54): Illuminate\\Routing\\Middleware\\ThrottleRequests->handleRequestUsingNamedLimiter(Object(Illuminate\\Http\\Request), Object(Closure), 'api', Object(Closure))
#22 C:\\Users\\mahmo\\Barcody\\vendor\\laravel\\framework\\src\\Illuminate\\Pipeline\\Pipeline.php(180): Illuminate\\Routing\\Middleware\\ThrottleRequests->handle(Object(Illuminate\\Http\\Request), Object(Closure), 'api')
#23 C:\\Users\\mahmo\\Barcody\\vendor\\laravel\\framework\\src\\Illuminate\\Auth\\Middleware\\Authenticate.php(44): Illuminate\\Pipeline\\Pipeline->Illuminate\\Pipeline\\{closure}(Object(Illuminate\\Http\\Request))
#24 C:\\Users\\mahmo\\Barcody\\vendor\\laravel\\framework\\src\\Illuminate\\Pipeline\\Pipeline.php(180): Illuminate\\Auth\\Middleware\\Authenticate->handle(Object(Illuminate\\Http\\Request), Object(Closure), 'sanctum')
#25 C:\\Users\\mahmo\\Barcody\\vendor\\laravel\\framework\\src\\Illuminate\\Pipeline\\Pipeline.php(116): Illuminate\\Pipeline\\Pipeline->Illuminate\\Pipeline\\{closure}(Object(Illuminate\\Http\\Request))
#26 C:\\Users\\mahmo\\Barcody\\vendor\\laravel\\framework\\src\\Illuminate\\Routing\\Router.php(797): Illuminate\\Pipeline\\Pipeline->then(Object(Closure))
#27 C:\\Users\\mahmo\\Barcody\\vendor\\laravel\\framework\\src\\Illuminate\\Routing\\Router.php(776): Illuminate\\Routing\\Router->runRouteWithinStack(Object(Illuminate\\Routing\\Route), Object(Illuminate\\Http\\Request))
#28 C:\\Users\\mahmo\\Barcody\\vendor\\laravel\\framework\\src\\Illuminate\\Routing\\Router.php(740): Illuminate\\Routing\\Router->runRoute(Object(Illuminate\\Http\\Request), Object(Illuminate\\Routing\\Route))
#29 C:\\Users\\mahmo\\Barcody\\vendor\\laravel\\framework\\src\\Illuminate\\Routing\\Router.php(729): Illuminate\\Routing\\Router->dispatchToRoute(Object(Illuminate\\Http\\Request))
#30 C:\\Users\\mahmo\\Barcody\\vendor\\laravel\\framework\\src\\Illuminate\\Foundation\\Http\\Kernel.php(190): Illuminate\\Routing\\Router->dispatch(Object(Illuminate\\Http\\Request))
#31 C:\\Users\\mahmo\\Barcody\\vendor\\laravel\\framework\\src\\Illuminate\\Pipeline\\Pipeline.php(141): Illuminate\\Foundation\\Http\\Kernel->Illuminate\\Foundation\\Http\\{closure}(Object(Illuminate\\Http\\Request))
#32 C:\\Users\\mahmo\\Barcody\\vendor\\laravel\\framework\\src\\Illuminate\\Foundation\\Http\\Middleware\\TransformsRequest.php(21): Illuminate\\Pipeline\\Pipeline->Illuminate\\Pipeline\\{closure}(Object(Illuminate\\Http\\Request))
#33 C:\\Users\\mahmo\\Barcody\\vendor\\laravel\\framework\\src\\Illuminate\\Foundation\\Http\\Middleware\\ConvertEmptyStringsToNull.php(31): Illuminate\\Foundation\\Http\\Middleware\\TransformsRequest->handle(Object(Illuminate\\Http\\Request), Object(Closure))
#34 C:\\Users\\mahmo\\Barcody\\vendor\\laravel\\framework\\src\\Illuminate\\Pipeline\\Pipeline.php(180): Illuminate\\Foundation\\Http\\Middleware\\ConvertEmptyStringsToNull->handle(Object(Illuminate\\Http\\Request), Object(Closure))
#35 C:\\Users\\mahmo\\Barcody\\vendor\\laravel\\framework\\src\\Illuminate\\Foundation\\Http\\Middleware\\TransformsRequest.php(21): Illuminate\\Pipeline\\Pipeline->Illuminate\\Pipeline\\{closure}(Object(Illuminate\\Http\\Request))
#36 C:\\Users\\mahmo\\Barcody\\vendor\\laravel\\framework\\src\\Illuminate\\Foundation\\Http\\Middleware\\TrimStrings.php(40): Illuminate\\Foundation\\Http\\Middleware\\TransformsRequest->handle(Object(Illuminate\\Http\\Request), Object(Closure))
#37 C:\\Users\\mahmo\\Barcody\\vendor\\laravel\\framework\\src\\Illuminate\\Pipeline\\Pipeline.php(180): Illuminate\\Foundation\\Http\\Middleware\\TrimStrings->handle(Object(Illuminate\\Http\\Request), Object(Closure))
#38 C:\\Users\\mahmo\\Barcody\\vendor\\laravel\\framework\\src\\Illuminate\\Foundation\\Http\\Middleware\\ValidatePostSize.php(27): Illuminate\\Pipeline\\Pipeline->Illuminate\\Pipeline\\{closure}(Object(Illuminate\\Http\\Request))
#39 C:\\Users\\mahmo\\Barcody\\vendor\\laravel\\framework\\src\\Illuminate\\Pipeline\\Pipeline.php(180): Illuminate\\Foundation\\Http\\Middleware\\ValidatePostSize->handle(Object(Illuminate\\Http\\Request), Object(Closure))
#40 C:\\Users\\mahmo\\Barcody\\vendor\\laravel\\framework\\src\\Illuminate\\Foundation\\Http\\Middleware\\PreventRequestsDuringMaintenance.php(86): Illuminate\\Pipeline\\Pipeline->Illuminate\\Pipeline\\{closure}(Object(Illuminate\\Http\\Request))
#41 C:\\Users\\mahmo\\Barcody\\vendor\\laravel\\framework\\src\\Illuminate\\Pipeline\\Pipeline.php(180): Illuminate\\Foundation\\Http\\Middleware\\PreventRequestsDuringMaintenance->handle(Object(Illuminate\\Http\\Request), Object(Closure))
#42 C:\\Users\\mahmo\\Barcody\\vendor\\laravel\\framework\\src\\Illuminate\\Http\\Middleware\\HandleCors.php(62): Illuminate\\Pipeline\\Pipeline->Illuminate\\Pipeline\\{closure}(Object(Illuminate\\Http\\Request))
#43 C:\\Users\\mahmo\\Barcody\\vendor\\laravel\\framework\\src\\Illuminate\\Pipeline\\Pipeline.php(180): Illuminate\\Http\\Middleware\\HandleCors->handle(Object(Illuminate\\Http\\Request), Object(Closure))
#44 C:\\Users\\mahmo\\Barcody\\vendor\\laravel\\framework\\src\\Illuminate\\Http\\Middleware\\TrustProxies.php(39): Illuminate\\Pipeline\\Pipeline->Illuminate\\Pipeline\\{closure}(Object(Illuminate\\Http\\Request))
#45 C:\\Users\\mahmo\\Barcody\\vendor\\laravel\\framework\\src\\Illuminate\\Pipeline\\Pipeline.php(180): Illuminate\\Http\\Middleware\\TrustProxies->handle(Object(Illuminate\\Http\\Request), Object(Closure))
#46 C:\\Users\\mahmo\\Barcody\\vendor\\laravel\\framework\\src\\Illuminate\\Pipeline\\Pipeline.php(116): Illuminate\\Pipeline\\Pipeline->Illuminate\\Pipeline\\{closure}(Object(Illuminate\\Http\\Request))
#47 C:\\Users\\mahmo\\Barcody\\vendor\\laravel\\framework\\src\\Illuminate\\Foundation\\Http\\Kernel.php(165): Illuminate\\Pipeline\\Pipeline->then(Object(Closure))
#48 C:\\Users\\mahmo\\Barcody\\vendor\\laravel\\framework\\src\\Illuminate\\Foundation\\Http\\Kernel.php(134): Illuminate\\Foundation\\Http\\Kernel->sendRequestThroughRouter(Object(Illuminate\\Http\\Request))
#49 C:\\Users\\mahmo\\Barcody\\public\\index.php(51): Illuminate\\Foundation\\Http\\Kernel->handle(Object(Illuminate\\Http\\Request))
#50 C:\\Users\\mahmo\\Barcody\\vendor\\laravel\\framework\\src\\Illuminate\\Foundation\\resources\\server.php(16): require_once('C:\\\\Users\\\\mahmo\\\\...')
#51 {main}
"} 
[2026-05-31 21:36:00] local.ERROR: SQLSTATE[42S22]: Column not found: 1054 Unknown column 'invited' in 'where clause' (SQL: select * from `contacts` where `invited` = 1) {"userId":2,"exception":"[object] (Illuminate\\Database\\QueryException(code: 42S22): SQLSTATE[42S22]: Column not found: 1054 Unknown column 'invited' in 'where clause' (SQL: select * from `contacts` where `invited` = 1) at C:\\Users\\mahmo\\Barcody\\vendor\\laravel\\framework\\src\\Illuminate\\Database\\Connection.php:760)
[stacktrace]
#0 C:\\Users\\mahmo\\Barcody\\vendor\\laravel\\framework\\src\\Illuminate\\Database\\Connection.php(720): Illuminate\\Database\\Connection->runQueryCallback('select * from `...', Array, Object(Closure))
#1 C:\\Users\\mahmo\\Barcody\\vendor\\laravel\\framework\\src\\Illuminate\\Database\\Connection.php(405): Illuminate\\Database\\Connection->run('select * from `...', Array, Object(Closure))
#2 C:\\Users\\mahmo\\Barcody\\vendor\\laravel\\framework\\src\\Illuminate\\Database\\Query\\Builder.php(2705): Illuminate\\Database\\Connection->select('select * from `...', Array, true)
#3 C:\\Users\\mahmo\\Barcody\\vendor\\laravel\\framework\\src\\Illuminate\\Database\\Query\\Builder.php(2694): Illuminate\\Database\\Query\\Builder->runSelect()
#4 C:\\Users\\mahmo\\Barcody\\vendor\\laravel\\framework\\src\\Illuminate\\Database\\Query\\Builder.php(3230): Illuminate\\Database\\Query\\Builder->Illuminate\\Database\\Query\\{closure}()
#5 C:\\Users\\mahmo\\Barcody\\vendor\\laravel\\framework\\src\\Illuminate\\Database\\Query\\Builder.php(2693): Illuminate\\Database\\Query\\Builder->onceWithColumns(Array, Object(Closure))
#6 C:\\Users\\mahmo\\Barcody\\vendor\\laravel\\framework\\src\\Illuminate\\Database\\Eloquent\\Builder.php(710): Illuminate\\Database\\Query\\Builder->get(Array)
#7 C:\\Users\\mahmo\\Barcody\\vendor\\laravel\\framework\\src\\Illuminate\\Database\\Eloquent\\Builder.php(694): Illuminate\\Database\\Eloquent\\Builder->getModels(Array)
#8 C:\\Users\\mahmo\\Barcody\\app\\Http\\Controllers\\ContactController.php(215): Illuminate\\Database\\Eloquent\\Builder->get()
#9 C:\\Users\\mahmo\\Barcody\\vendor\\laravel\\framework\\src\\Illuminate\\Routing\\Controller.php(54): App\\Http\\Controllers\\ContactController->apiInvited(Object(Illuminate\\Http\\Request))
#10 C:\\Users\\mahmo\\Barcody\\vendor\\laravel\\framework\\src\\Illuminate\\Routing\\ControllerDispatcher.php(43): Illuminate\\Routing\\Controller->callAction('apiInvited', Array)
#11 C:\\Users\\mahmo\\Barcody\\vendor\\laravel\\framework\\src\\Illuminate\\Routing\\Route.php(259): Illuminate\\Routing\\ControllerDispatcher->dispatch(Object(Illuminate\\Routing\\Route), Object(App\\Http\\Controllers\\ContactController), 'apiInvited')
#12 C:\\Users\\mahmo\\Barcody\\vendor\\laravel\\framework\\src\\Illuminate\\Routing\\Route.php(205): Illuminate\\Routing\\Route->runController()
#13 C:\\Users\\mahmo\\Barcody\\vendor\\laravel\\framework\\src\\Illuminate\\Routing\\Router.php(798): Illuminate\\Routing\\Route->run()
#14 C:\\Users\\mahmo\\Barcody\\vendor\\laravel\\framework\\src\\Illuminate\\Pipeline\\Pipeline.php(141): Illuminate\\Routing\\Router->Illuminate\\Routing\\{closure}(Object(Illuminate\\Http\\Request))
#15 C:\\Users\\mahmo\\Barcody\\vendor\\laravel\\framework\\src\\Illuminate\\Routing\\Middleware\\SubstituteBindings.php(50): Illuminate\\Pipeline\\Pipeline->Illuminate\\Pipeline\\{closure}(Object(Illuminate\\Http\\Request))
#16 C:\\Users\\mahmo\\Barcody\\vendor\\laravel\\framework\\src\\Illuminate\\Pipeline\\Pipeline.php(180): Illuminate\\Routing\\Middleware\\SubstituteBindings->handle(Object(Illuminate\\Http\\Request), Object(Closure))
#17 C:\\Users\\mahmo\\Barcody\\vendor\\laravel\\framework\\src\\Illuminate\\Routing\\Middleware\\ThrottleRequests.php(126): Illuminate\\Pipeline\\Pipeline->Illuminate\\Pipeline\\{closure}(Object(Illuminate\\Http\\Request))
#18 C:\\Users\\mahmo\\Barcody\\vendor\\laravel\\framework\\src\\Illuminate\\Routing\\Middleware\\ThrottleRequests.php(92): Illuminate\\Routing\\Middleware\\ThrottleRequests->handleRequest(Object(Illuminate\\Http\\Request), Object(Closure), Array)
#19 C:\\Users\\mahmo\\Barcody\\vendor\\laravel\\framework\\src\\Illuminate\\Routing\\Middleware\\ThrottleRequests.php(54): Illuminate\\Routing\\Middleware\\ThrottleRequests->handleRequestUsingNamedLimiter(Object(Illuminate\\Http\\Request), Object(Closure), 'api', Object(Closure))
#20 C:\\Users\\mahmo\\Barcody\\vendor\\laravel\\framework\\src\\Illuminate\\Pipeline\\Pipeline.php(180): Illuminate\\Routing\\Middleware\\ThrottleRequests->handle(Object(Illuminate\\Http\\Request), Object(Closure), 'api')
#21 C:\\Users\\mahmo\\Barcody\\vendor\\laravel\\framework\\src\\Illuminate\\Auth\\Middleware\\Authenticate.php(44): Illuminate\\Pipeline\\Pipeline->Illuminate\\Pipeline\\{closure}(Object(Illuminate\\Http\\Request))
#22 C:\\Users\\mahmo\\Barcody\\vendor\\laravel\\framework\\src\\Illuminate\\Pipeline\\Pipeline.php(180): Illuminate\\Auth\\Middleware\\Authenticate->handle(Object(Illuminate\\Http\\Request), Object(Closure), 'sanctum')
#23 C:\\Users\\mahmo\\Barcody\\vendor\\laravel\\framework\\src\\Illuminate\\Pipeline\\Pipeline.php(116): Illuminate\\Pipeline\\Pipeline->Illuminate\\Pipeline\\{closure}(Object(Illuminate\\Http\\Request))
#24 C:\\Users\\mahmo\\Barcody\\vendor\\laravel\\framework\\src\\Illuminate\\Routing\\Router.php(797): Illuminate\\Pipeline\\Pipeline->then(Object(Closure))
#25 C:\\Users\\mahmo\\Barcody\\vendor\\laravel\\framework\\src\\Illuminate\\Routing\\Router.php(776): Illuminate\\Routing\\Router->runRouteWithinStack(Object(Illuminate\\Routing\\Route), Object(Illuminate\\Http\\Request))
#26 C:\\Users\\mahmo\\Barcody\\vendor\\laravel\\framework\\src\\Illuminate\\Routing\\Router.php(740): Illuminate\\Routing\\Router->runRoute(Object(Illuminate\\Http\\Request), Object(Illuminate\\Routing\\Route))
#27 C:\\Users\\mahmo\\Barcody\\vendor\\laravel\\framework\\src\\Illuminate\\Routing\\Router.php(729): Illuminate\\Routing\\Router->dispatchToRoute(Object(Illuminate\\Http\\Request))
#28 C:\\Users\\mahmo\\Barcody\\vendor\\laravel\\framework\\src\\Illuminate\\Foundation\\Http\\Kernel.php(190): Illuminate\\Routing\\Router->dispatch(Object(Illuminate\\Http\\Request))
#29 C:\\Users\\mahmo\\Barcody\\vendor\\laravel\\framework\\src\\Illuminate\\Pipeline\\Pipeline.php(141): Illuminate\\Foundation\\Http\\Kernel->Illuminate\\Foundation\\Http\\{closure}(Object(Illuminate\\Http\\Request))
#30 C:\\Users\\mahmo\\Barcody\\vendor\\laravel\\framework\\src\\Illuminate\\Foundation\\Http\\Middleware\\TransformsRequest.php(21): Illuminate\\Pipeline\\Pipeline->Illuminate\\Pipeline\\{closure}(Object(Illuminate\\Http\\Request))
#31 C:\\Users\\mahmo\\Barcody\\vendor\\laravel\\framework\\src\\Illuminate\\Foundation\\Http\\Middleware\\ConvertEmptyStringsToNull.php(31): Illuminate\\Foundation\\Http\\Middleware\\TransformsRequest->handle(Object(Illuminate\\Http\\Request), Object(Closure))
#32 C:\\Users\\mahmo\\Barcody\\vendor\\laravel\\framework\\src\\Illuminate\\Pipeline\\Pipeline.php(180): Illuminate\\Foundation\\Http\\Middleware\\ConvertEmptyStringsToNull->handle(Object(Illuminate\\Http\\Request), Object(Closure))
#33 C:\\Users\\mahmo\\Barcody\\vendor\\laravel\\framework\\src\\Illuminate\\Foundation\\Http\\Middleware\\TransformsRequest.php(21): Illuminate\\Pipeline\\Pipeline->Illuminate\\Pipeline\\{closure}(Object(Illuminate\\Http\\Request))
#34 C:\\Users\\mahmo\\Barcody\\vendor\\laravel\\framework\\src\\Illuminate\\Foundation\\Http\\Middleware\\TrimStrings.php(40): Illuminate\\Foundation\\Http\\Middleware\\TransformsRequest->handle(Object(Illuminate\\Http\\Request), Object(Closure))
#35 C:\\Users\\mahmo\\Barcody\\vendor\\laravel\\framework\\src\\Illuminate\\Pipeline\\Pipeline.php(180): Illuminate\\Foundation\\Http\\Middleware\\TrimStrings->handle(Object(Illuminate\\Http\\Request), Object(Closure))
#36 C:\\Users\\mahmo\\Barcody\\vendor\\laravel\\framework\\src\\Illuminate\\Foundation\\Http\\Middleware\\ValidatePostSize.php(27): Illuminate\\Pipeline\\Pipeline->Illuminate\\Pipeline\\{closure}(Object(Illuminate\\Http\\Request))
#37 C:\\Users\\mahmo\\Barcody\\vendor\\laravel\\framework\\src\\Illuminate\\Pipeline\\Pipeline.php(180): Illuminate\\Foundation\\Http\\Middleware\\ValidatePostSize->handle(Object(Illuminate\\Http\\Request), Object(Closure))
#38 C:\\Users\\mahmo\\Barcody\\vendor\\laravel\\framework\\src\\Illuminate\\Foundation\\Http\\Middleware\\PreventRequestsDuringMaintenance.php(86): Illuminate\\Pipeline\\Pipeline->Illuminate\\Pipeline\\{closure}(Object(Illuminate\\Http\\Request))
#39 C:\\Users\\mahmo\\Barcody\\vendor\\laravel\\framework\\src\\Illuminate\\Pipeline\\Pipeline.php(180): Illuminate\\Foundation\\Http\\Middleware\\PreventRequestsDuringMaintenance->handle(Object(Illuminate\\Http\\Request), Object(Closure))
#40 C:\\Users\\mahmo\\Barcody\\vendor\\laravel\\framework\\src\\Illuminate\\Http\\Middleware\\HandleCors.php(62): Illuminate\\Pipeline\\Pipeline->Illuminate\\Pipeline\\{closure}(Object(Illuminate\\Http\\Request))
#41 C:\\Users\\mahmo\\Barcody\\vendor\\laravel\\framework\\src\\Illuminate\\Pipeline\\Pipeline.php(180): Illuminate\\Http\\Middleware\\HandleCors->handle(Object(Illuminate\\Http\\Request), Object(Closure))
#42 C:\\Users\\mahmo\\Barcody\\vendor\\laravel\\framework\\src\\Illuminate\\Http\\Middleware\\TrustProxies.php(39): Illuminate\\Pipeline\\Pipeline->Illuminate\\Pipeline\\{closure}(Object(Illuminate\\Http\\Request))
#43 C:\\Users\\mahmo\\Barcody\\vendor\\laravel\\framework\\src\\Illuminate\\Pipeline\\Pipeline.php(180): Illuminate\\Http\\Middleware\\TrustProxies->handle(Object(Illuminate\\Http\\Request), Object(Closure))
#44 C:\\Users\\mahmo\\Barcody\\vendor\\laravel\\framework\\src\\Illuminate\\Pipeline\\Pipeline.php(116): Illuminate\\Pipeline\\Pipeline->Illuminate\\Pipeline\\{closure}(Object(Illuminate\\Http\\Request))
#45 C:\\Users\\mahmo\\Barcody\\vendor\\laravel\\framework\\src\\Illuminate\\Foundation\\Http\\Kernel.php(165): Illuminate\\Pipeline\\Pipeline->then(Object(Closure))
#46 C:\\Users\\mahmo\\Barcody\\vendor\\laravel\\framework\\src\\Illuminate\\Foundation\\Http\\Kernel.php(134): Illuminate\\Foundation\\Http\\Kernel->sendRequestThroughRouter(Object(Illuminate\\Http\\Request))
#47 C:\\Users\\mahmo\\Barcody\\public\\index.php(51): Illuminate\\Foundation\\Http\\Kernel->handle(Object(Illuminate\\Http\\Request))
#48 C:\\Users\\mahmo\\Barcody\\vendor\\laravel\\framework\\src\\Illuminate\\Foundation\\resources\\server.php(16): require_once('C:\\\\Users\\\\mahmo\\\\...')
#49 {main}

[previous exception] [object] (PDOException(code: 42S22): SQLSTATE[42S22]: Column not found: 1054 Unknown column 'invited' in 'where clause' at C:\\Users\\mahmo\\Barcody\\vendor\\laravel\\framework\\src\\Illuminate\\Database\\Connection.php:414)
[stacktrace]
#0 C:\\Users\\mahmo\\Barcody\\vendor\\laravel\\framework\\src\\Illuminate\\Database\\Connection.php(414): PDO->prepare('select * from `...')
#1 C:\\Users\\mahmo\\Barcody\\vendor\\laravel\\framework\\src\\Illuminate\\Database\\Connection.php(753): Illuminate\\Database\\Connection->Illuminate\\Database\\{closure}('select * from `...', Array)
#2 C:\\Users\\mahmo\\Barcody\\vendor\\laravel\\framework\\src\\Illuminate\\Database\\Connection.php(720): Illuminate\\Database\\Connection->runQueryCallback('select * from `...', Array, Object(Closure))
#3 C:\\Users\\mahmo\\Barcody\\vendor\\laravel\\framework\\src\\Illuminate\\Database\\Connection.php(405): Illuminate\\Database\\Connection->run('select * from `...', Array, Object(Closure))
#4 C:\\Users\\mahmo\\Barcody\\vendor\\laravel\\framework\\src\\Illuminate\\Database\\Query\\Builder.php(2705): Illuminate\\Database\\Connection->select('select * from `...', Array, true)
#5 C:\\Users\\mahmo\\Barcody\\vendor\\laravel\\framework\\src\\Illuminate\\Database\\Query\\Builder.php(2694): Illuminate\\Database\\Query\\Builder->runSelect()
#6 C:\\Users\\mahmo\\Barcody\\vendor\\laravel\\framework\\src\\Illuminate\\Database\\Query\\Builder.php(3230): Illuminate\\Database\\Query\\Builder->Illuminate\\Database\\Query\\{closure}()
#7 C:\\Users\\mahmo\\Barcody\\vendor\\laravel\\framework\\src\\Illuminate\\Database\\Query\\Builder.php(2693): Illuminate\\Database\\Query\\Builder->onceWithColumns(Array, Object(Closure))
#8 C:\\Users\\mahmo\\Barcody\\vendor\\laravel\\framework\\src\\Illuminate\\Database\\Eloquent\\Builder.php(710): Illuminate\\Database\\Query\\Builder->get(Array)
#9 C:\\Users\\mahmo\\Barcody\\vendor\\laravel\\framework\\src\\Illuminate\\Database\\Eloquent\\Builder.php(694): Illuminate\\Database\\Eloquent\\Builder->getModels(Array)
#10 C:\\Users\\mahmo\\Barcody\\app\\Http\\Controllers\\ContactController.php(215): Illuminate\\Database\\Eloquent\\Builder->get()
#11 C:\\Users\\mahmo\\Barcody\\vendor\\laravel\\framework\\src\\Illuminate\\Routing\\Controller.php(54): App\\Http\\Controllers\\ContactController->apiInvited(Object(Illuminate\\Http\\Request))
#12 C:\\Users\\mahmo\\Barcody\\vendor\\laravel\\framework\\src\\Illuminate\\Routing\\ControllerDispatcher.php(43): Illuminate\\Routing\\Controller->callAction('apiInvited', Array)
#13 C:\\Users\\mahmo\\Barcody\\vendor\\laravel\\framework\\src\\Illuminate\\Routing\\Route.php(259): Illuminate\\Routing\\ControllerDispatcher->dispatch(Object(Illuminate\\Routing\\Route), Object(App\\Http\\Controllers\\ContactController), 'apiInvited')
#14 C:\\Users\\mahmo\\Barcody\\vendor\\laravel\\framework\\src\\Illuminate\\Routing\\Route.php(205): Illuminate\\Routing\\Route->runController()
#15 C:\\Users\\mahmo\\Barcody\\vendor\\laravel\\framework\\src\\Illuminate\\Routing\\Router.php(798): Illuminate\\Routing\\Route->run()
#16 C:\\Users\\mahmo\\Barcody\\vendor\\laravel\\framework\\src\\Illuminate\\Pipeline\\Pipeline.php(141): Illuminate\\Routing\\Router->Illuminate\\Routing\\{closure}(Object(Illuminate\\Http\\Request))
#17 C:\\Users\\mahmo\\Barcody\\vendor\\laravel\\framework\\src\\Illuminate\\Routing\\Middleware\\SubstituteBindings.php(50): Illuminate\\Pipeline\\Pipeline->Illuminate\\Pipeline\\{closure}(Object(Illuminate\\Http\\Request))
#18 C:\\Users\\mahmo\\Barcody\\vendor\\laravel\\framework\\src\\Illuminate\\Pipeline\\Pipeline.php(180): Illuminate\\Routing\\Middleware\\SubstituteBindings->handle(Object(Illuminate\\Http\\Request), Object(Closure))
#19 C:\\Users\\mahmo\\Barcody\\vendor\\laravel\\framework\\src\\Illuminate\\Routing\\Middleware\\ThrottleRequests.php(126): Illuminate\\Pipeline\\Pipeline->Illuminate\\Pipeline\\{closure}(Object(Illuminate\\Http\\Request))
#20 C:\\Users\\mahmo\\Barcody\\vendor\\laravel\\framework\\src\\Illuminate\\Routing\\Middleware\\ThrottleRequests.php(92): Illuminate\\Routing\\Middleware\\ThrottleRequests->handleRequest(Object(Illuminate\\Http\\Request), Object(Closure), Array)
#21 C:\\Users\\mahmo\\Barcody\\vendor\\laravel\\framework\\src\\Illuminate\\Routing\\Middleware\\ThrottleRequests.php(54): Illuminate\\Routing\\Middleware\\ThrottleRequests->handleRequestUsingNamedLimiter(Object(Illuminate\\Http\\Request), Object(Closure), 'api', Object(Closure))
#22 C:\\Users\\mahmo\\Barcody\\vendor\\laravel\\framework\\src\\Illuminate\\Pipeline\\Pipeline.php(180): Illuminate\\Routing\\Middleware\\ThrottleRequests->handle(Object(Illuminate\\Http\\Request), Object(Closure), 'api')
#23 C:\\Users\\mahmo\\Barcody\\vendor\\laravel\\framework\\src\\Illuminate\\Auth\\Middleware\\Authenticate.php(44): Illuminate\\Pipeline\\Pipeline->Illuminate\\Pipeline\\{closure}(Object(Illuminate\\Http\\Request))
#24 C:\\Users\\mahmo\\Barcody\\vendor\\laravel\\framework\\src\\Illuminate\\Pipeline\\Pipeline.php(180): Illuminate\\Auth\\Middleware\\Authenticate->handle(Object(Illuminate\\Http\\Request), Object(Closure), 'sanctum')
#25 C:\\Users\\mahmo\\Barcody\\vendor\\laravel\\framework\\src\\Illuminate\\Pipeline\\Pipeline.php(116): Illuminate\\Pipeline\\Pipeline->Illuminate\\Pipeline\\{closure}(Object(Illuminate\\Http\\Request))
#26 C:\\Users\\mahmo\\Barcody\\vendor\\laravel\\framework\\src\\Illuminate\\Routing\\Router.php(797): Illuminate\\Pipeline\\Pipeline->then(Object(Closure))
#27 C:\\Users\\mahmo\\Barcody\\vendor\\laravel\\framework\\src\\Illuminate\\Routing\\Router.php(776): Illuminate\\Routing\\Router->runRouteWithinStack(Object(Illuminate\\Routing\\Route), Object(Illuminate\\Http\\Request))
#28 C:\\Users\\mahmo\\Barcody\\vendor\\laravel\\framework\\src\\Illuminate\\Routing\\Router.php(740): Illuminate\\Routing\\Router->runRoute(Object(Illuminate\\Http\\Request), Object(Illuminate\\Routing\\Route))
#29 C:\\Users\\mahmo\\Barcody\\vendor\\laravel\\framework\\src\\Illuminate\\Routing\\Router.php(729): Illuminate\\Routing\\Router->dispatchToRoute(Object(Illuminate\\Http\\Request))
#30 C:\\Users\\mahmo\\Barcody\\vendor\\laravel\\framework\\src\\Illuminate\\Foundation\\Http\\Kernel.php(190): Illuminate\\Routing\\Router->dispatch(Object(Illuminate\\Http\\Request))
#31 C:\\Users\\mahmo\\Barcody\\vendor\\laravel\\framework\\src\\Illuminate\\Pipeline\\Pipeline.php(141): Illuminate\\Foundation\\Http\\Kernel->Illuminate\\Foundation\\Http\\{closure}(Object(Illuminate\\Http\\Request))
#32 C:\\Users\\mahmo\\Barcody\\vendor\\laravel\\framework\\src\\Illuminate\\Foundation\\Http\\Middleware\\TransformsRequest.php(21): Illuminate\\Pipeline\\Pipeline->Illuminate\\Pipeline\\{closure}(Object(Illuminate\\Http\\Request))
#33 C:\\Users\\mahmo\\Barcody\\vendor\\laravel\\framework\\src\\Illuminate\\Foundation\\Http\\Middleware\\ConvertEmptyStringsToNull.php(31): Illuminate\\Foundation\\Http\\Middleware\\TransformsRequest->handle(Object(Illuminate\\Http\\Request), Object(Closure))
#34 C:\\Users\\mahmo\\Barcody\\vendor\\laravel\\framework\\src\\Illuminate\\Pipeline\\Pipeline.php(180): Illuminate\\Foundation\\Http\\Middleware\\ConvertEmptyStringsToNull->handle(Object(Illuminate\\Http\\Request), Object(Closure))
#35 C:\\Users\\mahmo\\Barcody\\vendor\\laravel\\framework\\src\\Illuminate\\Foundation\\Http\\Middleware\\TransformsRequest.php(21): Illuminate\\Pipeline\\Pipeline->Illuminate\\Pipeline\\{closure}(Object(Illuminate\\Http\\Request))
#36 C:\\Users\\mahmo\\Barcody\\vendor\\laravel\\framework\\src\\Illuminate\\Foundation\\Http\\Middleware\\TrimStrings.php(40): Illuminate\\Foundation\\Http\\Middleware\\TransformsRequest->handle(Object(Illuminate\\Http\\Request), Object(Closure))
#37 C:\\Users\\mahmo\\Barcody\\vendor\\laravel\\framework\\src\\Illuminate\\Pipeline\\Pipeline.php(180): Illuminate\\Foundation\\Http\\Middleware\\TrimStrings->handle(Object(Illuminate\\Http\\Request), Object(Closure))
#38 C:\\Users\\mahmo\\Barcody\\vendor\\laravel\\framework\\src\\Illuminate\\Foundation\\Http\\Middleware\\ValidatePostSize.php(27): Illuminate\\Pipeline\\Pipeline->Illuminate\\Pipeline\\{closure}(Object(Illuminate\\Http\\Request))
#39 C:\\Users\\mahmo\\Barcody\\vendor\\laravel\\framework\\src\\Illuminate\\Pipeline\\Pipeline.php(180): Illuminate\\Foundation\\Http\\Middleware\\ValidatePostSize->handle(Object(Illuminate\\Http\\Request), Object(Closure))
#40 C:\\Users\\mahmo\\Barcody\\vendor\\laravel\\framework\\src\\Illuminate\\Foundation\\Http\\Middleware\\PreventRequestsDuringMaintenance.php(86): Illuminate\\Pipeline\\Pipeline->Illuminate\\Pipeline\\{closure}(Object(Illuminate\\Http\\Request))
#41 C:\\Users\\mahmo\\Barcody\\vendor\\laravel\\framework\\src\\Illuminate\\Pipeline\\Pipeline.php(180): Illuminate\\Foundation\\Http\\Middleware\\PreventRequestsDuringMaintenance->handle(Object(Illuminate\\Http\\Request), Object(Closure))
#42 C:\\Users\\mahmo\\Barcody\\vendor\\laravel\\framework\\src\\Illuminate\\Http\\Middleware\\HandleCors.php(62): Illuminate\\Pipeline\\Pipeline->Illuminate\\Pipeline\\{closure}(Object(Illuminate\\Http\\Request))
#43 C:\\Users\\mahmo\\Barcody\\vendor\\laravel\\framework\\src\\Illuminate\\Pipeline\\Pipeline.php(180): Illuminate\\Http\\Middleware\\HandleCors->handle(Object(Illuminate\\Http\\Request), Object(Closure))
#44 C:\\Users\\mahmo\\Barcody\\vendor\\laravel\\framework\\src\\Illuminate\\Http\\Middleware\\TrustProxies.php(39): Illuminate\\Pipeline\\Pipeline->Illuminate\\Pipeline\\{closure}(Object(Illuminate\\Http\\Request))
#45 C:\\Users\\mahmo\\Barcody\\vendor\\laravel\\framework\\src\\Illuminate\\Pipeline\\Pipeline.php(180): Illuminate\\Http\\Middleware\\TrustProxies->handle(Object(Illuminate\\Http\\Request), Object(Closure))
#46 C:\\Users\\mahmo\\Barcody\\vendor\\laravel\\framework\\src\\Illuminate\\Pipeline\\Pipeline.php(116): Illuminate\\Pipeline\\Pipeline->Illuminate\\Pipeline\\{closure}(Object(Illuminate\\Http\\Request))
#47 C:\\Users\\mahmo\\Barcody\\vendor\\laravel\\framework\\src\\Illuminate\\Foundation\\Http\\Kernel.php(165): Illuminate\\Pipeline\\Pipeline->then(Object(Closure))
#48 C:\\Users\\mahmo\\Barcody\\vendor\\laravel\\framework\\src\\Illuminate\\Foundation\\Http\\Kernel.php(134): Illuminate\\Foundation\\Http\\Kernel->sendRequestThroughRouter(Object(Illuminate\\Http\\Request))
#49 C:\\Users\\mahmo\\Barcody\\public\\index.php(51): Illuminate\\Foundation\\Http\\Kernel->handle(Object(Illuminate\\Http\\Request))
#50 C:\\Users\\mahmo\\Barcody\\vendor\\laravel\\framework\\src\\Illuminate\\Foundation\\resources\\server.php(16): require_once('C:\\\\Users\\\\mahmo\\\\...')
#51 {main}
"} 
[2026-05-31 21:36:01] local.INFO: Raw Webhook Data: {"entry":[{"changes":[{"value":{"messages":"System.Collections.Hashtable"}}]}]} 
[2026-05-31 21:37:49] local.WARNING: WhatsApp OTP not sent during registration: Could not send OTP. Please try again.  
[2026-05-31 21:37:52] local.ERROR: OTP Send Error: Could not send OTP. Please try again.  
[2026-05-31 21:37:52] local.ERROR: API Resend OTP Error: Could not send OTP. Please try again.  
[2026-05-31 21:37:52] local.ERROR: Phone Login OTP Error: Could not send OTP. Please try again.  
[2026-05-31 21:37:53] local.WARNING: WhatsApp OTP not sent for forgot password: Could not send OTP. Please try again.  
[2026-05-31 21:37:55] local.ERROR: SQLSTATE[42S22]: Column not found: 1054 Unknown column 'category_id' in 'field list' (SQL: insert into `events` (`status`, `name`, `category_id`, `description`, `date`, `time`, `location`, `user_id`, `updated_at`, `created_at`) values (draft, ??? ???? ????, 2, ???? ???????, 2026-07-15, 20:00, ???? ??????, 3, 2026-05-31 21:37:55, 2026-05-31 21:37:55)) {"userId":3,"exception":"[object] (Illuminate\\Database\\QueryException(code: 42S22): SQLSTATE[42S22]: Column not found: 1054 Unknown column 'category_id' in 'field list' (SQL: insert into `events` (`status`, `name`, `category_id`, `description`, `date`, `time`, `location`, `user_id`, `updated_at`, `created_at`) values (draft, ??? ???? ????, 2, ???? ???????, 2026-07-15, 20:00, ???? ??????, 3, 2026-05-31 21:37:55, 2026-05-31 21:37:55)) at C:\\Users\\mahmo\\Barcody\\vendor\\laravel\\framework\\src\\Illuminate\\Database\\Connection.php:760)
[stacktrace]
#0 C:\\Users\\mahmo\\Barcody\\vendor\\laravel\\framework\\src\\Illuminate\\Database\\Connection.php(720): Illuminate\\Database\\Connection->runQueryCallback('insert into `ev...', Array, Object(Closure))
#1 C:\\Users\\mahmo\\Barcody\\vendor\\laravel\\framework\\src\\Illuminate\\Database\\Connection.php(534): Illuminate\\Database\\Connection->run('insert into `ev...', Array, Object(Closure))
#2 C:\\Users\\mahmo\\Barcody\\vendor\\laravel\\framework\\src\\Illuminate\\Database\\Connection.php(498): Illuminate\\Database\\Connection->statement('insert into `ev...', Array)
#3 C:\\Users\\mahmo\\Barcody\\vendor\\laravel\\framework\\src\\Illuminate\\Database\\Query\\Processors\\Processor.php(32): Illuminate\\Database\\Connection->insert('insert into `ev...', Array)
#4 C:\\Users\\mahmo\\Barcody\\vendor\\laravel\\framework\\src\\Illuminate\\Database\\Query\\Builder.php(3322): Illuminate\\Database\\Query\\Processors\\Processor->processInsertGetId(Object(Illuminate\\Database\\Query\\Builder), 'insert into `ev...', Array, 'id')
#5 C:\\Users\\mahmo\\Barcody\\vendor\\laravel\\framework\\src\\Illuminate\\Database\\Eloquent\\Builder.php(1869): Illuminate\\Database\\Query\\Builder->insertGetId(Array, 'id')
#6 C:\\Users\\mahmo\\Barcody\\vendor\\laravel\\framework\\src\\Illuminate\\Database\\Eloquent\\Model.php(1330): Illuminate\\Database\\Eloquent\\Builder->__call('insertGetId', Array)
#7 C:\\Users\\mahmo\\Barcody\\vendor\\laravel\\framework\\src\\Illuminate\\Database\\Eloquent\\Model.php(1295): Illuminate\\Database\\Eloquent\\Model->insertAndSetId(Object(Illuminate\\Database\\Eloquent\\Builder), Array)
#8 C:\\Users\\mahmo\\Barcody\\vendor\\laravel\\framework\\src\\Illuminate\\Database\\Eloquent\\Model.php(1138): Illuminate\\Database\\Eloquent\\Model->performInsert(Object(Illuminate\\Database\\Eloquent\\Builder))
#9 C:\\Users\\mahmo\\Barcody\\app\\Http\\Controllers\\EventController.php(222): Illuminate\\Database\\Eloquent\\Model->save()
#10 C:\\Users\\mahmo\\Barcody\\vendor\\laravel\\framework\\src\\Illuminate\\Routing\\Controller.php(54): App\\Http\\Controllers\\EventController->apiStore(Object(Illuminate\\Http\\Request))
#11 C:\\Users\\mahmo\\Barcody\\vendor\\laravel\\framework\\src\\Illuminate\\Routing\\ControllerDispatcher.php(43): Illuminate\\Routing\\Controller->callAction('apiStore', Array)
#12 C:\\Users\\mahmo\\Barcody\\vendor\\laravel\\framework\\src\\Illuminate\\Routing\\Route.php(259): Illuminate\\Routing\\ControllerDispatcher->dispatch(Object(Illuminate\\Routing\\Route), Object(App\\Http\\Controllers\\EventController), 'apiStore')
#13 C:\\Users\\mahmo\\Barcody\\vendor\\laravel\\framework\\src\\Illuminate\\Routing\\Route.php(205): Illuminate\\Routing\\Route->runController()
#14 C:\\Users\\mahmo\\Barcody\\vendor\\laravel\\framework\\src\\Illuminate\\Routing\\Router.php(798): Illuminate\\Routing\\Route->run()
#15 C:\\Users\\mahmo\\Barcody\\vendor\\laravel\\framework\\src\\Illuminate\\Pipeline\\Pipeline.php(141): Illuminate\\Routing\\Router->Illuminate\\Routing\\{closure}(Object(Illuminate\\Http\\Request))
#16 C:\\Users\\mahmo\\Barcody\\vendor\\laravel\\framework\\src\\Illuminate\\Routing\\Middleware\\SubstituteBindings.php(50): Illuminate\\Pipeline\\Pipeline->Illuminate\\Pipeline\\{closure}(Object(Illuminate\\Http\\Request))
#17 C:\\Users\\mahmo\\Barcody\\vendor\\laravel\\framework\\src\\Illuminate\\Pipeline\\Pipeline.php(180): Illuminate\\Routing\\Middleware\\SubstituteBindings->handle(Object(Illuminate\\Http\\Request), Object(Closure))
#18 C:\\Users\\mahmo\\Barcody\\vendor\\laravel\\framework\\src\\Illuminate\\Routing\\Middleware\\ThrottleRequests.php(126): Illuminate\\Pipeline\\Pipeline->Illuminate\\Pipeline\\{closure}(Object(Illuminate\\Http\\Request))
#19 C:\\Users\\mahmo\\Barcody\\vendor\\laravel\\framework\\src\\Illuminate\\Routing\\Middleware\\ThrottleRequests.php(92): Illuminate\\Routing\\Middleware\\ThrottleRequests->handleRequest(Object(Illuminate\\Http\\Request), Object(Closure), Array)
#20 C:\\Users\\mahmo\\Barcody\\vendor\\laravel\\framework\\src\\Illuminate\\Routing\\Middleware\\ThrottleRequests.php(54): Illuminate\\Routing\\Middleware\\ThrottleRequests->handleRequestUsingNamedLimiter(Object(Illuminate\\Http\\Request), Object(Closure), 'api', Object(Closure))
#21 C:\\Users\\mahmo\\Barcody\\vendor\\laravel\\framework\\src\\Illuminate\\Pipeline\\Pipeline.php(180): Illuminate\\Routing\\Middleware\\ThrottleRequests->handle(Object(Illuminate\\Http\\Request), Object(Closure), 'api')
#22 C:\\Users\\mahmo\\Barcody\\vendor\\laravel\\framework\\src\\Illuminate\\Auth\\Middleware\\Authenticate.php(44): Illuminate\\Pipeline\\Pipeline->Illuminate\\Pipeline\\{closure}(Object(Illuminate\\Http\\Request))
#23 C:\\Users\\mahmo\\Barcody\\vendor\\laravel\\framework\\src\\Illuminate\\Pipeline\\Pipeline.php(180): Illuminate\\Auth\\Middleware\\Authenticate->handle(Object(Illuminate\\Http\\Request), Object(Closure), 'sanctum')
#24 C:\\Users\\mahmo\\Barcody\\vendor\\laravel\\framework\\src\\Illuminate\\Pipeline\\Pipeline.php(116): Illuminate\\Pipeline\\Pipeline->Illuminate\\Pipeline\\{closure}(Object(Illuminate\\Http\\Request))
#25 C:\\Users\\mahmo\\Barcody\\vendor\\laravel\\framework\\src\\Illuminate\\Routing\\Router.php(797): Illuminate\\Pipeline\\Pipeline->then(Object(Closure))
#26 C:\\Users\\mahmo\\Barcody\\vendor\\laravel\\framework\\src\\Illuminate\\Routing\\Router.php(776): Illuminate\\Routing\\Router->runRouteWithinStack(Object(Illuminate\\Routing\\Route), Object(Illuminate\\Http\\Request))
#27 C:\\Users\\mahmo\\Barcody\\vendor\\laravel\\framework\\src\\Illuminate\\Routing\\Router.php(740): Illuminate\\Routing\\Router->runRoute(Object(Illuminate\\Http\\Request), Object(Illuminate\\Routing\\Route))
#28 C:\\Users\\mahmo\\Barcody\\vendor\\laravel\\framework\\src\\Illuminate\\Routing\\Router.php(729): Illuminate\\Routing\\Router->dispatchToRoute(Object(Illuminate\\Http\\Request))
#29 C:\\Users\\mahmo\\Barcody\\vendor\\laravel\\framework\\src\\Illuminate\\Foundation\\Http\\Kernel.php(190): Illuminate\\Routing\\Router->dispatch(Object(Illuminate\\Http\\Request))
#30 C:\\Users\\mahmo\\Barcody\\vendor\\laravel\\framework\\src\\Illuminate\\Pipeline\\Pipeline.php(141): Illuminate\\Foundation\\Http\\Kernel->Illuminate\\Foundation\\Http\\{closure}(Object(Illuminate\\Http\\Request))
#31 C:\\Users\\mahmo\\Barcody\\vendor\\laravel\\framework\\src\\Illuminate\\Foundation\\Http\\Middleware\\TransformsRequest.php(21): Illuminate\\Pipeline\\Pipeline->Illuminate\\Pipeline\\{closure}(Object(Illuminate\\Http\\Request))
#32 C:\\Users\\mahmo\\Barcody\\vendor\\laravel\\framework\\src\\Illuminate\\Foundation\\Http\\Middleware\\ConvertEmptyStringsToNull.php(31): Illuminate\\Foundation\\Http\\Middleware\\TransformsRequest->handle(Object(Illuminate\\Http\\Request), Object(Closure))
#33 C:\\Users\\mahmo\\Barcody\\vendor\\laravel\\framework\\src\\Illuminate\\Pipeline\\Pipeline.php(180): Illuminate\\Foundation\\Http\\Middleware\\ConvertEmptyStringsToNull->handle(Object(Illuminate\\Http\\Request), Object(Closure))
#34 C:\\Users\\mahmo\\Barcody\\vendor\\laravel\\framework\\src\\Illuminate\\Foundation\\Http\\Middleware\\TransformsRequest.php(21): Illuminate\\Pipeline\\Pipeline->Illuminate\\Pipeline\\{closure}(Object(Illuminate\\Http\\Request))
#35 C:\\Users\\mahmo\\Barcody\\vendor\\laravel\\framework\\src\\Illuminate\\Foundation\\Http\\Middleware\\TrimStrings.php(40): Illuminate\\Foundation\\Http\\Middleware\\TransformsRequest->handle(Object(Illuminate\\Http\\Request), Object(Closure))
#36 C:\\Users\\mahmo\\Barcody\\vendor\\laravel\\framework\\src\\Illuminate\\Pipeline\\Pipeline.php(180): Illuminate\\Foundation\\Http\\Middleware\\TrimStrings->handle(Object(Illuminate\\Http\\Request), Object(Closure))
#37 C:\\Users\\mahmo\\Barcody\\vendor\\laravel\\framework\\src\\Illuminate\\Foundation\\Http\\Middleware\\ValidatePostSize.php(27): Illuminate\\Pipeline\\Pipeline->Illuminate\\Pipeline\\{closure}(Object(Illuminate\\Http\\Request))
#38 C:\\Users\\mahmo\\Barcody\\vendor\\laravel\\framework\\src\\Illuminate\\Pipeline\\Pipeline.php(180): Illuminate\\Foundation\\Http\\Middleware\\ValidatePostSize->handle(Object(Illuminate\\Http\\Request), Object(Closure))
#39 C:\\Users\\mahmo\\Barcody\\vendor\\laravel\\framework\\src\\Illuminate\\Foundation\\Http\\Middleware\\PreventRequestsDuringMaintenance.php(86): Illuminate\\Pipeline\\Pipeline->Illuminate\\Pipeline\\{closure}(Object(Illuminate\\Http\\Request))
#40 C:\\Users\\mahmo\\Barcody\\vendor\\laravel\\framework\\src\\Illuminate\\Pipeline\\Pipeline.php(180): Illuminate\\Foundation\\Http\\Middleware\\PreventRequestsDuringMaintenance->handle(Object(Illuminate\\Http\\Request), Object(Closure))
#41 C:\\Users\\mahmo\\Barcody\\vendor\\laravel\\framework\\src\\Illuminate\\Http\\Middleware\\HandleCors.php(62): Illuminate\\Pipeline\\Pipeline->Illuminate\\Pipeline\\{closure}(Object(Illuminate\\Http\\Request))
#42 C:\\Users\\mahmo\\Barcody\\vendor\\laravel\\framework\\src\\Illuminate\\Pipeline\\Pipeline.php(180): Illuminate\\Http\\Middleware\\HandleCors->handle(Object(Illuminate\\Http\\Request), Object(Closure))
#43 C:\\Users\\mahmo\\Barcody\\vendor\\laravel\\framework\\src\\Illuminate\\Http\\Middleware\\TrustProxies.php(39): Illuminate\\Pipeline\\Pipeline->Illuminate\\Pipeline\\{closure}(Object(Illuminate\\Http\\Request))
#44 C:\\Users\\mahmo\\Barcody\\vendor\\laravel\\framework\\src\\Illuminate\\Pipeline\\Pipeline.php(180): Illuminate\\Http\\Middleware\\TrustProxies->handle(Object(Illuminate\\Http\\Request), Object(Closure))
#45 C:\\Users\\mahmo\\Barcody\\vendor\\laravel\\framework\\src\\Illuminate\\Pipeline\\Pipeline.php(116): Illuminate\\Pipeline\\Pipeline->Illuminate\\Pipeline\\{closure}(Object(Illuminate\\Http\\Request))
#46 C:\\Users\\mahmo\\Barcody\\vendor\\laravel\\framework\\src\\Illuminate\\Foundation\\Http\\Kernel.php(165): Illuminate\\Pipeline\\Pipeline->then(Object(Closure))
#47 C:\\Users\\mahmo\\Barcody\\vendor\\laravel\\framework\\src\\Illuminate\\Foundation\\Http\\Kernel.php(134): Illuminate\\Foundation\\Http\\Kernel->sendRequestThroughRouter(Object(Illuminate\\Http\\Request))
#48 C:\\Users\\mahmo\\Barcody\\public\\index.php(51): Illuminate\\Foundation\\Http\\Kernel->handle(Object(Illuminate\\Http\\Request))
#49 C:\\Users\\mahmo\\Barcody\\vendor\\laravel\\framework\\src\\Illuminate\\Foundation\\resources\\server.php(16): require_once('C:\\\\Users\\\\mahmo\\\\...')
#50 {main}

[previous exception] [object] (PDOException(code: 42S22): SQLSTATE[42S22]: Column not found: 1054 Unknown column 'category_id' in 'field list' at C:\\Users\\mahmo\\Barcody\\vendor\\laravel\\framework\\src\\Illuminate\\Database\\Connection.php:539)
[stacktrace]
#0 C:\\Users\\mahmo\\Barcody\\vendor\\laravel\\framework\\src\\Illuminate\\Database\\Connection.php(539): PDO->prepare('insert into `ev...')
#1 C:\\Users\\mahmo\\Barcody\\vendor\\laravel\\framework\\src\\Illuminate\\Database\\Connection.php(753): Illuminate\\Database\\Connection->Illuminate\\Database\\{closure}('insert into `ev...', Array)
#2 C:\\Users\\mahmo\\Barcody\\vendor\\laravel\\framework\\src\\Illuminate\\Database\\Connection.php(720): Illuminate\\Database\\Connection->runQueryCallback('insert into `ev...', Array, Object(Closure))
#3 C:\\Users\\mahmo\\Barcody\\vendor\\laravel\\framework\\src\\Illuminate\\Database\\Connection.php(534): Illuminate\\Database\\Connection->run('insert into `ev...', Array, Object(Closure))
#4 C:\\Users\\mahmo\\Barcody\\vendor\\laravel\\framework\\src\\Illuminate\\Database\\Connection.php(498): Illuminate\\Database\\Connection->statement('insert into `ev...', Array)
#5 C:\\Users\\mahmo\\Barcody\\vendor\\laravel\\framework\\src\\Illuminate\\Database\\Query\\Processors\\Processor.php(32): Illuminate\\Database\\Connection->insert('insert into `ev...', Array)
#6 C:\\Users\\mahmo\\Barcody\\vendor\\laravel\\framework\\src\\Illuminate\\Database\\Query\\Builder.php(3322): Illuminate\\Database\\Query\\Processors\\Processor->processInsertGetId(Object(Illuminate\\Database\\Query\\Builder), 'insert into `ev...', Array, 'id')
#7 C:\\Users\\mahmo\\Barcody\\vendor\\laravel\\framework\\src\\Illuminate\\Database\\Eloquent\\Builder.php(1869): Illuminate\\Database\\Query\\Builder->insertGetId(Array, 'id')
#8 C:\\Users\\mahmo\\Barcody\\vendor\\laravel\\framework\\src\\Illuminate\\Database\\Eloquent\\Model.php(1330): Illuminate\\Database\\Eloquent\\Builder->__call('insertGetId', Array)
#9 C:\\Users\\mahmo\\Barcody\\vendor\\laravel\\framework\\src\\Illuminate\\Database\\Eloquent\\Model.php(1295): Illuminate\\Database\\Eloquent\\Model->insertAndSetId(Object(Illuminate\\Database\\Eloquent\\Builder), Array)
#10 C:\\Users\\mahmo\\Barcody\\vendor\\laravel\\framework\\src\\Illuminate\\Database\\Eloquent\\Model.php(1138): Illuminate\\Database\\Eloquent\\Model->performInsert(Object(Illuminate\\Database\\Eloquent\\Builder))
#11 C:\\Users\\mahmo\\Barcody\\app\\Http\\Controllers\\EventController.php(222): Illuminate\\Database\\Eloquent\\Model->save()
#12 C:\\Users\\mahmo\\Barcody\\vendor\\laravel\\framework\\src\\Illuminate\\Routing\\Controller.php(54): App\\Http\\Controllers\\EventController->apiStore(Object(Illuminate\\Http\\Request))
#13 C:\\Users\\mahmo\\Barcody\\vendor\\laravel\\framework\\src\\Illuminate\\Routing\\ControllerDispatcher.php(43): Illuminate\\Routing\\Controller->callAction('apiStore', Array)
#14 C:\\Users\\mahmo\\Barcody\\vendor\\laravel\\framework\\src\\Illuminate\\Routing\\Route.php(259): Illuminate\\Routing\\ControllerDispatcher->dispatch(Object(Illuminate\\Routing\\Route), Object(App\\Http\\Controllers\\EventController), 'apiStore')
#15 C:\\Users\\mahmo\\Barcody\\vendor\\laravel\\framework\\src\\Illuminate\\Routing\\Route.php(205): Illuminate\\Routing\\Route->runController()
#16 C:\\Users\\mahmo\\Barcody\\vendor\\laravel\\framework\\src\\Illuminate\\Routing\\Router.php(798): Illuminate\\Routing\\Route->run()
#17 C:\\Users\\mahmo\\Barcody\\vendor\\laravel\\framework\\src\\Illuminate\\Pipeline\\Pipeline.php(141): Illuminate\\Routing\\Router->Illuminate\\Routing\\{closure}(Object(Illuminate\\Http\\Request))
#18 C:\\Users\\mahmo\\Barcody\\vendor\\laravel\\framework\\src\\Illuminate\\Routing\\Middleware\\SubstituteBindings.php(50): Illuminate\\Pipeline\\Pipeline->Illuminate\\Pipeline\\{closure}(Object(Illuminate\\Http\\Request))
#19 C:\\Users\\mahmo\\Barcody\\vendor\\laravel\\framework\\src\\Illuminate\\Pipeline\\Pipeline.php(180): Illuminate\\Routing\\Middleware\\SubstituteBindings->handle(Object(Illuminate\\Http\\Request), Object(Closure))
#20 C:\\Users\\mahmo\\Barcody\\vendor\\laravel\\framework\\src\\Illuminate\\Routing\\Middleware\\ThrottleRequests.php(126): Illuminate\\Pipeline\\Pipeline->Illuminate\\Pipeline\\{closure}(Object(Illuminate\\Http\\Request))
#21 C:\\Users\\mahmo\\Barcody\\vendor\\laravel\\framework\\src\\Illuminate\\Routing\\Middleware\\ThrottleRequests.php(92): Illuminate\\Routing\\Middleware\\ThrottleRequests->handleRequest(Object(Illuminate\\Http\\Request), Object(Closure), Array)
#22 C:\\Users\\mahmo\\Barcody\\vendor\\laravel\\framework\\src\\Illuminate\\Routing\\Middleware\\ThrottleRequests.php(54): Illuminate\\Routing\\Middleware\\ThrottleRequests->handleRequestUsingNamedLimiter(Object(Illuminate\\Http\\Request), Object(Closure), 'api', Object(Closure))
#23 C:\\Users\\mahmo\\Barcody\\vendor\\laravel\\framework\\src\\Illuminate\\Pipeline\\Pipeline.php(180): Illuminate\\Routing\\Middleware\\ThrottleRequests->handle(Object(Illuminate\\Http\\Request), Object(Closure), 'api')
#24 C:\\Users\\mahmo\\Barcody\\vendor\\laravel\\framework\\src\\Illuminate\\Auth\\Middleware\\Authenticate.php(44): Illuminate\\Pipeline\\Pipeline->Illuminate\\Pipeline\\{closure}(Object(Illuminate\\Http\\Request))
#25 C:\\Users\\mahmo\\Barcody\\vendor\\laravel\\framework\\src\\Illuminate\\Pipeline\\Pipeline.php(180): Illuminate\\Auth\\Middleware\\Authenticate->handle(Object(Illuminate\\Http\\Request), Object(Closure), 'sanctum')
#26 C:\\Users\\mahmo\\Barcody\\vendor\\laravel\\framework\\src\\Illuminate\\Pipeline\\Pipeline.php(116): Illuminate\\Pipeline\\Pipeline->Illuminate\\Pipeline\\{closure}(Object(Illuminate\\Http\\Request))
#27 C:\\Users\\mahmo\\Barcody\\vendor\\laravel\\framework\\src\\Illuminate\\Routing\\Router.php(797): Illuminate\\Pipeline\\Pipeline->then(Object(Closure))
#28 C:\\Users\\mahmo\\Barcody\\vendor\\laravel\\framework\\src\\Illuminate\\Routing\\Router.php(776): Illuminate\\Routing\\Router->runRouteWithinStack(Object(Illuminate\\Routing\\Route), Object(Illuminate\\Http\\Request))
#29 C:\\Users\\mahmo\\Barcody\\vendor\\laravel\\framework\\src\\Illuminate\\Routing\\Router.php(740): Illuminate\\Routing\\Router->runRoute(Object(Illuminate\\Http\\Request), Object(Illuminate\\Routing\\Route))
#30 C:\\Users\\mahmo\\Barcody\\vendor\\laravel\\framework\\src\\Illuminate\\Routing\\Router.php(729): Illuminate\\Routing\\Router->dispatchToRoute(Object(Illuminate\\Http\\Request))
#31 C:\\Users\\mahmo\\Barcody\\vendor\\laravel\\framework\\src\\Illuminate\\Foundation\\Http\\Kernel.php(190): Illuminate\\Routing\\Router->dispatch(Object(Illuminate\\Http\\Request))
#32 C:\\Users\\mahmo\\Barcody\\vendor\\laravel\\framework\\src\\Illuminate\\Pipeline\\Pipeline.php(141): Illuminate\\Foundation\\Http\\Kernel->Illuminate\\Foundation\\Http\\{closure}(Object(Illuminate\\Http\\Request))
#33 C:\\Users\\mahmo\\Barcody\\vendor\\laravel\\framework\\src\\Illuminate\\Foundation\\Http\\Middleware\\TransformsRequest.php(21): Illuminate\\Pipeline\\Pipeline->Illuminate\\Pipeline\\{closure}(Object(Illuminate\\Http\\Request))
#34 C:\\Users\\mahmo\\Barcody\\vendor\\laravel\\framework\\src\\Illuminate\\Foundation\\Http\\Middleware\\ConvertEmptyStringsToNull.php(31): Illuminate\\Foundation\\Http\\Middleware\\TransformsRequest->handle(Object(Illuminate\\Http\\Request), Object(Closure))
#35 C:\\Users\\mahmo\\Barcody\\vendor\\laravel\\framework\\src\\Illuminate\\Pipeline\\Pipeline.php(180): Illuminate\\Foundation\\Http\\Middleware\\ConvertEmptyStringsToNull->handle(Object(Illuminate\\Http\\Request), Object(Closure))
#36 C:\\Users\\mahmo\\Barcody\\vendor\\laravel\\framework\\src\\Illuminate\\Foundation\\Http\\Middleware\\TransformsRequest.php(21): Illuminate\\Pipeline\\Pipeline->Illuminate\\Pipeline\\{closure}(Object(Illuminate\\Http\\Request))
#37 C:\\Users\\mahmo\\Barcody\\vendor\\laravel\\framework\\src\\Illuminate\\Foundation\\Http\\Middleware\\TrimStrings.php(40): Illuminate\\Foundation\\Http\\Middleware\\TransformsRequest->handle(Object(Illuminate\\Http\\Request), Object(Closure))
#38 C:\\Users\\mahmo\\Barcody\\vendor\\laravel\\framework\\src\\Illuminate\\Pipeline\\Pipeline.php(180): Illuminate\\Foundation\\Http\\Middleware\\TrimStrings->handle(Object(Illuminate\\Http\\Request), Object(Closure))
#39 C:\\Users\\mahmo\\Barcody\\vendor\\laravel\\framework\\src\\Illuminate\\Foundation\\Http\\Middleware\\ValidatePostSize.php(27): Illuminate\\Pipeline\\Pipeline->Illuminate\\Pipeline\\{closure}(Object(Illuminate\\Http\\Request))
#40 C:\\Users\\mahmo\\Barcody\\vendor\\laravel\\framework\\src\\Illuminate\\Pipeline\\Pipeline.php(180): Illuminate\\Foundation\\Http\\Middleware\\ValidatePostSize->handle(Object(Illuminate\\Http\\Request), Object(Closure))
#41 C:\\Users\\mahmo\\Barcody\\vendor\\laravel\\framework\\src\\Illuminate\\Foundation\\Http\\Middleware\\PreventRequestsDuringMaintenance.php(86): Illuminate\\Pipeline\\Pipeline->Illuminate\\Pipeline\\{closure}(Object(Illuminate\\Http\\Request))
#42 C:\\Users\\mahmo\\Barcody\\vendor\\laravel\\framework\\src\\Illuminate\\Pipeline\\Pipeline.php(180): Illuminate\\Foundation\\Http\\Middleware\\PreventRequestsDuringMaintenance->handle(Object(Illuminate\\Http\\Request), Object(Closure))
#43 C:\\Users\\mahmo\\Barcody\\vendor\\laravel\\framework\\src\\Illuminate\\Http\\Middleware\\HandleCors.php(62): Illuminate\\Pipeline\\Pipeline->Illuminate\\Pipeline\\{closure}(Object(Illuminate\\Http\\Request))
#44 C:\\Users\\mahmo\\Barcody\\vendor\\laravel\\framework\\src\\Illuminate\\Pipeline\\Pipeline.php(180): Illuminate\\Http\\Middleware\\HandleCors->handle(Object(Illuminate\\Http\\Request), Object(Closure))
#45 C:\\Users\\mahmo\\Barcody\\vendor\\laravel\\framework\\src\\Illuminate\\Http\\Middleware\\TrustProxies.php(39): Illuminate\\Pipeline\\Pipeline->Illuminate\\Pipeline\\{closure}(Object(Illuminate\\Http\\Request))
#46 C:\\Users\\mahmo\\Barcody\\vendor\\laravel\\framework\\src\\Illuminate\\Pipeline\\Pipeline.php(180): Illuminate\\Http\\Middleware\\TrustProxies->handle(Object(Illuminate\\Http\\Request), Object(Closure))
#47 C:\\Users\\mahmo\\Barcody\\vendor\\laravel\\framework\\src\\Illuminate\\Pipeline\\Pipeline.php(116): Illuminate\\Pipeline\\Pipeline->Illuminate\\Pipeline\\{closure}(Object(Illuminate\\Http\\Request))
#48 C:\\Users\\mahmo\\Barcody\\vendor\\laravel\\framework\\src\\Illuminate\\Foundation\\Http\\Kernel.php(165): Illuminate\\Pipeline\\Pipeline->then(Object(Closure))
#49 C:\\Users\\mahmo\\Barcody\\vendor\\laravel\\framework\\src\\Illuminate\\Foundation\\Http\\Kernel.php(134): Illuminate\\Foundation\\Http\\Kernel->sendRequestThroughRouter(Object(Illuminate\\Http\\Request))
#50 C:\\Users\\mahmo\\Barcody\\public\\index.php(51): Illuminate\\Foundation\\Http\\Kernel->handle(Object(Illuminate\\Http\\Request))
#51 C:\\Users\\mahmo\\Barcody\\vendor\\laravel\\framework\\src\\Illuminate\\Foundation\\resources\\server.php(16): require_once('C:\\\\Users\\\\mahmo\\\\...')
#52 {main}
"} 
[2026-05-31 21:37:57] local.INFO: Raw Webhook Data: {"entry":[{"changes":[{"value":{"messages":"System.Collections.Hashtable"}}]}]} 
[2026-05-31 21:38:52] local.ERROR: Changing columns for table "events" requires Doctrine DBAL. Please install the doctrine/dbal package. {"exception":"[object] (RuntimeException(code: 0): Changing columns for table \"events\" requires Doctrine DBAL. Please install the doctrine/dbal package. at C:\\Users\\mahmo\\Barcody\\vendor\\laravel\\framework\\src\\Illuminate\\Database\\Schema\\Grammars\\ChangeColumn.php:30)
[stacktrace]
#0 C:\\Users\\mahmo\\Barcody\\vendor\\laravel\\framework\\src\\Illuminate\\Database\\Schema\\Grammars\\Grammar.php(86): Illuminate\\Database\\Schema\\Grammars\\ChangeColumn::compile(Object(Illuminate\\Database\\Schema\\Grammars\\MySqlGrammar), Object(Illuminate\\Database\\Schema\\Blueprint), Object(Illuminate\\Support\\Fluent), Object(Illuminate\\Database\\MySqlConnection))
#1 C:\\Users\\mahmo\\Barcody\\vendor\\laravel\\framework\\src\\Illuminate\\Database\\Schema\\Blueprint.php(135): Illuminate\\Database\\Schema\\Grammars\\Grammar->compileChange(Object(Illuminate\\Database\\Schema\\Blueprint), Object(Illuminate\\Support\\Fluent), Object(Illuminate\\Database\\MySqlConnection))
#2 C:\\Users\\mahmo\\Barcody\\vendor\\laravel\\framework\\src\\Illuminate\\Database\\Schema\\Blueprint.php(108): Illuminate\\Database\\Schema\\Blueprint->toSql(Object(Illuminate\\Database\\MySqlConnection), Object(Illuminate\\Database\\Schema\\Grammars\\MySqlGrammar))
#3 C:\\Users\\mahmo\\Barcody\\vendor\\laravel\\framework\\src\\Illuminate\\Database\\Schema\\Builder.php(439): Illuminate\\Database\\Schema\\Blueprint->build(Object(Illuminate\\Database\\MySqlConnection), Object(Illuminate\\Database\\Schema\\Grammars\\MySqlGrammar))
#4 C:\\Users\\mahmo\\Barcody\\vendor\\laravel\\framework\\src\\Illuminate\\Database\\Schema\\Builder.php(269): Illuminate\\Database\\Schema\\Builder->build(Object(Illuminate\\Database\\Schema\\Blueprint))
#5 C:\\Users\\mahmo\\Barcody\\vendor\\laravel\\framework\\src\\Illuminate\\Support\\Facades\\Facade.php(338): Illuminate\\Database\\Schema\\Builder->table('events', Object(Closure))
#6 C:\\Users\\mahmo\\Barcody\\database\\migrations\\2025_03_25_000000_fix_events_columns.php(11): Illuminate\\Support\\Facades\\Facade::__callStatic('table', Array)
#7 C:\\Users\\mahmo\\Barcody\\vendor\\laravel\\framework\\src\\Illuminate\\Database\\Migrations\\Migrator.php(496): Illuminate\\Database\\Migrations\\Migration@anonymous->up()
#8 C:\\Users\\mahmo\\Barcody\\vendor\\laravel\\framework\\src\\Illuminate\\Database\\Migrations\\Migrator.php(414): Illuminate\\Database\\Migrations\\Migrator->runMethod(Object(Illuminate\\Database\\MySqlConnection), Object(Illuminate\\Database\\Migrations\\Migration@anonymous), 'up')
#9 C:\\Users\\mahmo\\Barcody\\vendor\\laravel\\framework\\src\\Illuminate\\Database\\Migrations\\Migrator.php(423): Illuminate\\Database\\Migrations\\Migrator->Illuminate\\Database\\Migrations\\{closure}()
#10 C:\\Users\\mahmo\\Barcody\\vendor\\laravel\\framework\\src\\Illuminate\\Database\\Migrations\\Migrator.php(224): Illuminate\\Database\\Migrations\\Migrator->runMigration(Object(Illuminate\\Database\\Migrations\\Migration@anonymous), 'up')
#11 C:\\Users\\mahmo\\Barcody\\vendor\\laravel\\framework\\src\\Illuminate\\Console\\View\\Components\\Task.php(37): Illuminate\\Database\\Migrations\\Migrator->Illuminate\\Database\\Migrations\\{closure}()
#12 C:\\Users\\mahmo\\Barcody\\vendor\\laravel\\framework\\src\\Illuminate\\Database\\Migrations\\Migrator.php(778): Illuminate\\Console\\View\\Components\\Task->render('2025_03_25_0000...', Object(Closure))
#13 C:\\Users\\mahmo\\Barcody\\vendor\\laravel\\framework\\src\\Illuminate\\Database\\Migrations\\Migrator.php(224): Illuminate\\Database\\Migrations\\Migrator->write('Illuminate\\\\Cons...', '2025_03_25_0000...', Object(Closure))
#14 C:\\Users\\mahmo\\Barcody\\vendor\\laravel\\framework\\src\\Illuminate\\Database\\Migrations\\Migrator.php(189): Illuminate\\Database\\Migrations\\Migrator->runUp('C:\\\\Users\\\\mahmo\\\\...', 5, false)
#15 C:\\Users\\mahmo\\Barcody\\vendor\\laravel\\framework\\src\\Illuminate\\Database\\Migrations\\Migrator.php(132): Illuminate\\Database\\Migrations\\Migrator->runPending(Array, Array)
#16 C:\\Users\\mahmo\\Barcody\\vendor\\laravel\\framework\\src\\Illuminate\\Database\\Console\\Migrations\\MigrateCommand.php(88): Illuminate\\Database\\Migrations\\Migrator->run(Array, Array)
#17 C:\\Users\\mahmo\\Barcody\\vendor\\laravel\\framework\\src\\Illuminate\\Database\\Migrations\\Migrator.php(636): Illuminate\\Database\\Console\\Migrations\\MigrateCommand->Illuminate\\Database\\Console\\Migrations\\{closure}()
#18 C:\\Users\\mahmo\\Barcody\\vendor\\laravel\\framework\\src\\Illuminate\\Database\\Console\\Migrations\\MigrateCommand.php(81): Illuminate\\Database\\Migrations\\Migrator->usingConnection(NULL, Object(Closure))
#19 C:\\Users\\mahmo\\Barcody\\vendor\\laravel\\framework\\src\\Illuminate\\Container\\BoundMethod.php(36): Illuminate\\Database\\Console\\Migrations\\MigrateCommand->handle()
#20 C:\\Users\\mahmo\\Barcody\\vendor\\laravel\\framework\\src\\Illuminate\\Container\\Util.php(41): Illuminate\\Container\\BoundMethod::Illuminate\\Container\\{closure}()
#21 C:\\Users\\mahmo\\Barcody\\vendor\\laravel\\framework\\src\\Illuminate\\Container\\BoundMethod.php(93): Illuminate\\Container\\Util::unwrapIfClosure(Object(Closure))
#22 C:\\Users\\mahmo\\Barcody\\vendor\\laravel\\framework\\src\\Illuminate\\Container\\BoundMethod.php(35): Illuminate\\Container\\BoundMethod::callBoundMethod(Object(Illuminate\\Foundation\\Application), Array, Object(Closure))
#23 C:\\Users\\mahmo\\Barcody\\vendor\\laravel\\framework\\src\\Illuminate\\Container\\Container.php(661): Illuminate\\Container\\BoundMethod::call(Object(Illuminate\\Foundation\\Application), Array, Array, NULL)
#24 C:\\Users\\mahmo\\Barcody\\vendor\\laravel\\framework\\src\\Illuminate\\Console\\Command.php(183): Illuminate\\Container\\Container->call(Array)
#25 C:\\Users\\mahmo\\Barcody\\vendor\\symfony\\console\\Command\\Command.php(291): Illuminate\\Console\\Command->execute(Object(Symfony\\Component\\Console\\Input\\ArgvInput), Object(Illuminate\\Console\\OutputStyle))
#26 C:\\Users\\mahmo\\Barcody\\vendor\\laravel\\framework\\src\\Illuminate\\Console\\Command.php(152): Symfony\\Component\\Console\\Command\\Command->run(Object(Symfony\\Component\\Console\\Input\\ArgvInput), Object(Illuminate\\Console\\OutputStyle))
#27 C:\\Users\\mahmo\\Barcody\\vendor\\symfony\\console\\Application.php(1014): Illuminate\\Console\\Command->run(Object(Symfony\\Component\\Console\\Input\\ArgvInput), Object(Symfony\\Component\\Console\\Output\\ConsoleOutput))
#28 C:\\Users\\mahmo\\Barcody\\vendor\\symfony\\console\\Application.php(301): Symfony\\Component\\Console\\Application->doRunCommand(Object(Illuminate\\Database\\Console\\Migrations\\MigrateCommand), Object(Symfony\\Component\\Console\\Input\\ArgvInput), Object(Symfony\\Component\\Console\\Output\\ConsoleOutput))
#29 C:\\Users\\mahmo\\Barcody\\vendor\\symfony\\console\\Application.php(171): Symfony\\Component\\Console\\Application->doRun(Object(Symfony\\Component\\Console\\Input\\ArgvInput), Object(Symfony\\Component\\Console\\Output\\ConsoleOutput))
#30 C:\\Users\\mahmo\\Barcody\\vendor\\laravel\\framework\\src\\Illuminate\\Console\\Application.php(102): Symfony\\Component\\Console\\Application->run(Object(Symfony\\Component\\Console\\Input\\ArgvInput), Object(Symfony\\Component\\Console\\Output\\ConsoleOutput))
#31 C:\\Users\\mahmo\\Barcody\\vendor\\laravel\\framework\\src\\Illuminate\\Foundation\\Console\\Kernel.php(155): Illuminate\\Console\\Application->run(Object(Symfony\\Component\\Console\\Input\\ArgvInput), Object(Symfony\\Component\\Console\\Output\\ConsoleOutput))
#32 C:\\Users\\mahmo\\Barcody\\artisan(35): Illuminate\\Foundation\\Console\\Kernel->handle(Object(Symfony\\Component\\Console\\Input\\ArgvInput), Object(Symfony\\Component\\Console\\Output\\ConsoleOutput))
#33 {main}
"} 
[2026-05-31 21:39:51] local.ERROR: OTP Send Error: Could not send OTP. Please try again.  
[2026-05-31 21:39:51] local.ERROR: API Resend OTP Error: Could not send OTP. Please try again.  
[2026-05-31 21:39:51] local.ERROR: Phone Login OTP Error: Could not send OTP. Please try again.  
[2026-05-31 21:39:52] local.WARNING: WhatsApp OTP not sent for forgot password: Could not send OTP. Please try again.  
[2026-05-31 21:39:54] local.ERROR: SQLSTATE[HY000]: General error: 1364 Field 'thumbnail_image' doesn't have a default value (SQL: insert into `events` (`time`, `location`, `name`, `description`, `status`, `maps`, `date`, `category_id`, `user_id`, `updated_at`, `created_at`) values (20:00, ???? ??????, ??? ???? ????, ???? ???????, draft, https://maps.google.com, 2026-07-15, 4, 3, 2026-05-31 21:39:54, 2026-05-31 21:39:54)) {"userId":4,"exception":"[object] (Illuminate\\Database\\QueryException(code: HY000): SQLSTATE[HY000]: General error: 1364 Field 'thumbnail_image' doesn't have a default value (SQL: insert into `events` (`time`, `location`, `name`, `description`, `status`, `maps`, `date`, `category_id`, `user_id`, `updated_at`, `created_at`) values (20:00, ???? ??????, ??? ???? ????, ???? ???????, draft, https://maps.google.com, 2026-07-15, 4, 3, 2026-05-31 21:39:54, 2026-05-31 21:39:54)) at C:\\Users\\mahmo\\Barcody\\vendor\\laravel\\framework\\src\\Illuminate\\Database\\Connection.php:760)
[stacktrace]
#0 C:\\Users\\mahmo\\Barcody\\vendor\\laravel\\framework\\src\\Illuminate\\Database\\Connection.php(720): Illuminate\\Database\\Connection->runQueryCallback('insert into `ev...', Array, Object(Closure))
#1 C:\\Users\\mahmo\\Barcody\\vendor\\laravel\\framework\\src\\Illuminate\\Database\\Connection.php(534): Illuminate\\Database\\Connection->run('insert into `ev...', Array, Object(Closure))
#2 C:\\Users\\mahmo\\Barcody\\vendor\\laravel\\framework\\src\\Illuminate\\Database\\Connection.php(498): Illuminate\\Database\\Connection->statement('insert into `ev...', Array)
#3 C:\\Users\\mahmo\\Barcody\\vendor\\laravel\\framework\\src\\Illuminate\\Database\\Query\\Processors\\Processor.php(32): Illuminate\\Database\\Connection->insert('insert into `ev...', Array)
#4 C:\\Users\\mahmo\\Barcody\\vendor\\laravel\\framework\\src\\Illuminate\\Database\\Query\\Builder.php(3322): Illuminate\\Database\\Query\\Processors\\Processor->processInsertGetId(Object(Illuminate\\Database\\Query\\Builder), 'insert into `ev...', Array, 'id')
#5 C:\\Users\\mahmo\\Barcody\\vendor\\laravel\\framework\\src\\Illuminate\\Database\\Eloquent\\Builder.php(1869): Illuminate\\Database\\Query\\Builder->insertGetId(Array, 'id')
#6 C:\\Users\\mahmo\\Barcody\\vendor\\laravel\\framework\\src\\Illuminate\\Database\\Eloquent\\Model.php(1330): Illuminate\\Database\\Eloquent\\Builder->__call('insertGetId', Array)
#7 C:\\Users\\mahmo\\Barcody\\vendor\\laravel\\framework\\src\\Illuminate\\Database\\Eloquent\\Model.php(1295): Illuminate\\Database\\Eloquent\\Model->insertAndSetId(Object(Illuminate\\Database\\Eloquent\\Builder), Array)
#8 C:\\Users\\mahmo\\Barcody\\vendor\\laravel\\framework\\src\\Illuminate\\Database\\Eloquent\\Model.php(1138): Illuminate\\Database\\Eloquent\\Model->performInsert(Object(Illuminate\\Database\\Eloquent\\Builder))
#9 C:\\Users\\mahmo\\Barcody\\app\\Http\\Controllers\\EventController.php(222): Illuminate\\Database\\Eloquent\\Model->save()
#10 C:\\Users\\mahmo\\Barcody\\vendor\\laravel\\framework\\src\\Illuminate\\Routing\\Controller.php(54): App\\Http\\Controllers\\EventController->apiStore(Object(Illuminate\\Http\\Request))
#11 C:\\Users\\mahmo\\Barcody\\vendor\\laravel\\framework\\src\\Illuminate\\Routing\\ControllerDispatcher.php(43): Illuminate\\Routing\\Controller->callAction('apiStore', Array)
#12 C:\\Users\\mahmo\\Barcody\\vendor\\laravel\\framework\\src\\Illuminate\\Routing\\Route.php(259): Illuminate\\Routing\\ControllerDispatcher->dispatch(Object(Illuminate\\Routing\\Route), Object(App\\Http\\Controllers\\EventController), 'apiStore')
#13 C:\\Users\\mahmo\\Barcody\\vendor\\laravel\\framework\\src\\Illuminate\\Routing\\Route.php(205): Illuminate\\Routing\\Route->runController()
#14 C:\\Users\\mahmo\\Barcody\\vendor\\laravel\\framework\\src\\Illuminate\\Routing\\Router.php(798): Illuminate\\Routing\\Route->run()
#15 C:\\Users\\mahmo\\Barcody\\vendor\\laravel\\framework\\src\\Illuminate\\Pipeline\\Pipeline.php(141): Illuminate\\Routing\\Router->Illuminate\\Routing\\{closure}(Object(Illuminate\\Http\\Request))
#16 C:\\Users\\mahmo\\Barcody\\vendor\\laravel\\framework\\src\\Illuminate\\Routing\\Middleware\\SubstituteBindings.php(50): Illuminate\\Pipeline\\Pipeline->Illuminate\\Pipeline\\{closure}(Object(Illuminate\\Http\\Request))
#17 C:\\Users\\mahmo\\Barcody\\vendor\\laravel\\framework\\src\\Illuminate\\Pipeline\\Pipeline.php(180): Illuminate\\Routing\\Middleware\\SubstituteBindings->handle(Object(Illuminate\\Http\\Request), Object(Closure))
#18 C:\\Users\\mahmo\\Barcody\\vendor\\laravel\\framework\\src\\Illuminate\\Routing\\Middleware\\ThrottleRequests.php(126): Illuminate\\Pipeline\\Pipeline->Illuminate\\Pipeline\\{closure}(Object(Illuminate\\Http\\Request))
#19 C:\\Users\\mahmo\\Barcody\\vendor\\laravel\\framework\\src\\Illuminate\\Routing\\Middleware\\ThrottleRequests.php(92): Illuminate\\Routing\\Middleware\\ThrottleRequests->handleRequest(Object(Illuminate\\Http\\Request), Object(Closure), Array)
#20 C:\\Users\\mahmo\\Barcody\\vendor\\laravel\\framework\\src\\Illuminate\\Routing\\Middleware\\ThrottleRequests.php(54): Illuminate\\Routing\\Middleware\\ThrottleRequests->handleRequestUsingNamedLimiter(Object(Illuminate\\Http\\Request), Object(Closure), 'api', Object(Closure))
#21 C:\\Users\\mahmo\\Barcody\\vendor\\laravel\\framework\\src\\Illuminate\\Pipeline\\Pipeline.php(180): Illuminate\\Routing\\Middleware\\ThrottleRequests->handle(Object(Illuminate\\Http\\Request), Object(Closure), 'api')
#22 C:\\Users\\mahmo\\Barcody\\vendor\\laravel\\framework\\src\\Illuminate\\Auth\\Middleware\\Authenticate.php(44): Illuminate\\Pipeline\\Pipeline->Illuminate\\Pipeline\\{closure}(Object(Illuminate\\Http\\Request))
#23 C:\\Users\\mahmo\\Barcody\\vendor\\laravel\\framework\\src\\Illuminate\\Pipeline\\Pipeline.php(180): Illuminate\\Auth\\Middleware\\Authenticate->handle(Object(Illuminate\\Http\\Request), Object(Closure), 'sanctum')
#24 C:\\Users\\mahmo\\Barcody\\vendor\\laravel\\framework\\src\\Illuminate\\Pipeline\\Pipeline.php(116): Illuminate\\Pipeline\\Pipeline->Illuminate\\Pipeline\\{closure}(Object(Illuminate\\Http\\Request))
#25 C:\\Users\\mahmo\\Barcody\\vendor\\laravel\\framework\\src\\Illuminate\\Routing\\Router.php(797): Illuminate\\Pipeline\\Pipeline->then(Object(Closure))
#26 C:\\Users\\mahmo\\Barcody\\vendor\\laravel\\framework\\src\\Illuminate\\Routing\\Router.php(776): Illuminate\\Routing\\Router->runRouteWithinStack(Object(Illuminate\\Routing\\Route), Object(Illuminate\\Http\\Request))
#27 C:\\Users\\mahmo\\Barcody\\vendor\\laravel\\framework\\src\\Illuminate\\Routing\\Router.php(740): Illuminate\\Routing\\Router->runRoute(Object(Illuminate\\Http\\Request), Object(Illuminate\\Routing\\Route))
#28 C:\\Users\\mahmo\\Barcody\\vendor\\laravel\\framework\\src\\Illuminate\\Routing\\Router.php(729): Illuminate\\Routing\\Router->dispatchToRoute(Object(Illuminate\\Http\\Request))
#29 C:\\Users\\mahmo\\Barcody\\vendor\\laravel\\framework\\src\\Illuminate\\Foundation\\Http\\Kernel.php(190): Illuminate\\Routing\\Router->dispatch(Object(Illuminate\\Http\\Request))
#30 C:\\Users\\mahmo\\Barcody\\vendor\\laravel\\framework\\src\\Illuminate\\Pipeline\\Pipeline.php(141): Illuminate\\Foundation\\Http\\Kernel->Illuminate\\Foundation\\Http\\{closure}(Object(Illuminate\\Http\\Request))
#31 C:\\Users\\mahmo\\Barcody\\vendor\\laravel\\framework\\src\\Illuminate\\Foundation\\Http\\Middleware\\TransformsRequest.php(21): Illuminate\\Pipeline\\Pipeline->Illuminate\\Pipeline\\{closure}(Object(Illuminate\\Http\\Request))
#32 C:\\Users\\mahmo\\Barcody\\vendor\\laravel\\framework\\src\\Illuminate\\Foundation\\Http\\Middleware\\ConvertEmptyStringsToNull.php(31): Illuminate\\Foundation\\Http\\Middleware\\TransformsRequest->handle(Object(Illuminate\\Http\\Request), Object(Closure))
#33 C:\\Users\\mahmo\\Barcody\\vendor\\laravel\\framework\\src\\Illuminate\\Pipeline\\Pipeline.php(180): Illuminate\\Foundation\\Http\\Middleware\\ConvertEmptyStringsToNull->handle(Object(Illuminate\\Http\\Request), Object(Closure))
#34 C:\\Users\\mahmo\\Barcody\\vendor\\laravel\\framework\\src\\Illuminate\\Foundation\\Http\\Middleware\\TransformsRequest.php(21): Illuminate\\Pipeline\\Pipeline->Illuminate\\Pipeline\\{closure}(Object(Illuminate\\Http\\Request))
#35 C:\\Users\\mahmo\\Barcody\\vendor\\laravel\\framework\\src\\Illuminate\\Foundation\\Http\\Middleware\\TrimStrings.php(40): Illuminate\\Foundation\\Http\\Middleware\\TransformsRequest->handle(Object(Illuminate\\Http\\Request), Object(Closure))
#36 C:\\Users\\mahmo\\Barcody\\vendor\\laravel\\framework\\src\\Illuminate\\Pipeline\\Pipeline.php(180): Illuminate\\Foundation\\Http\\Middleware\\TrimStrings->handle(Object(Illuminate\\Http\\Request), Object(Closure))
#37 C:\\Users\\mahmo\\Barcody\\vendor\\laravel\\framework\\src\\Illuminate\\Foundation\\Http\\Middleware\\ValidatePostSize.php(27): Illuminate\\Pipeline\\Pipeline->Illuminate\\Pipeline\\{closure}(Object(Illuminate\\Http\\Request))
#38 C:\\Users\\mahmo\\Barcody\\vendor\\laravel\\framework\\src\\Illuminate\\Pipeline\\Pipeline.php(180): Illuminate\\Foundation\\Http\\Middleware\\ValidatePostSize->handle(Object(Illuminate\\Http\\Request), Object(Closure))
#39 C:\\Users\\mahmo\\Barcody\\vendor\\laravel\\framework\\src\\Illuminate\\Foundation\\Http\\Middleware\\PreventRequestsDuringMaintenance.php(86): Illuminate\\Pipeline\\Pipeline->Illuminate\\Pipeline\\{closure}(Object(Illuminate\\Http\\Request))
#40 C:\\Users\\mahmo\\Barcody\\vendor\\laravel\\framework\\src\\Illuminate\\Pipeline\\Pipeline.php(180): Illuminate\\Foundation\\Http\\Middleware\\PreventRequestsDuringMaintenance->handle(Object(Illuminate\\Http\\Request), Object(Closure))
#41 C:\\Users\\mahmo\\Barcody\\vendor\\laravel\\framework\\src\\Illuminate\\Http\\Middleware\\HandleCors.php(62): Illuminate\\Pipeline\\Pipeline->Illuminate\\Pipeline\\{closure}(Object(Illuminate\\Http\\Request))
#42 C:\\Users\\mahmo\\Barcody\\vendor\\laravel\\framework\\src\\Illuminate\\Pipeline\\Pipeline.php(180): Illuminate\\Http\\Middleware\\HandleCors->handle(Object(Illuminate\\Http\\Request), Object(Closure))
#43 C:\\Users\\mahmo\\Barcody\\vendor\\laravel\\framework\\src\\Illuminate\\Http\\Middleware\\TrustProxies.php(39): Illuminate\\Pipeline\\Pipeline->Illuminate\\Pipeline\\{closure}(Object(Illuminate\\Http\\Request))
#44 C:\\Users\\mahmo\\Barcody\\vendor\\laravel\\framework\\src\\Illuminate\\Pipeline\\Pipeline.php(180): Illuminate\\Http\\Middleware\\TrustProxies->handle(Object(Illuminate\\Http\\Request), Object(Closure))
#45 C:\\Users\\mahmo\\Barcody\\vendor\\laravel\\framework\\src\\Illuminate\\Pipeline\\Pipeline.php(116): Illuminate\\Pipeline\\Pipeline->Illuminate\\Pipeline\\{closure}(Object(Illuminate\\Http\\Request))
#46 C:\\Users\\mahmo\\Barcody\\vendor\\laravel\\framework\\src\\Illuminate\\Foundation\\Http\\Kernel.php(165): Illuminate\\Pipeline\\Pipeline->then(Object(Closure))
#47 C:\\Users\\mahmo\\Barcody\\vendor\\laravel\\framework\\src\\Illuminate\\Foundation\\Http\\Kernel.php(134): Illuminate\\Foundation\\Http\\Kernel->sendRequestThroughRouter(Object(Illuminate\\Http\\Request))
#48 C:\\Users\\mahmo\\Barcody\\public\\index.php(51): Illuminate\\Foundation\\Http\\Kernel->handle(Object(Illuminate\\Http\\Request))
#49 C:\\Users\\mahmo\\Barcody\\vendor\\laravel\\framework\\src\\Illuminate\\Foundation\\resources\\server.php(16): require_once('C:\\\\Users\\\\mahmo\\\\...')
#50 {main}

[previous exception] [object] (PDOException(code: HY000): SQLSTATE[HY000]: General error: 1364 Field 'thumbnail_image' doesn't have a default value at C:\\Users\\mahmo\\Barcody\\vendor\\laravel\\framework\\src\\Illuminate\\Database\\Connection.php:545)
[stacktrace]
#0 C:\\Users\\mahmo\\Barcody\\vendor\\laravel\\framework\\src\\Illuminate\\Database\\Connection.php(545): PDOStatement->execute()
#1 C:\\Users\\mahmo\\Barcody\\vendor\\laravel\\framework\\src\\Illuminate\\Database\\Connection.php(753): Illuminate\\Database\\Connection->Illuminate\\Database\\{closure}('insert into `ev...', Array)
#2 C:\\Users\\mahmo\\Barcody\\vendor\\laravel\\framework\\src\\Illuminate\\Database\\Connection.php(720): Illuminate\\Database\\Connection->runQueryCallback('insert into `ev...', Array, Object(Closure))
#3 C:\\Users\\mahmo\\Barcody\\vendor\\laravel\\framework\\src\\Illuminate\\Database\\Connection.php(534): Illuminate\\Database\\Connection->run('insert into `ev...', Array, Object(Closure))
#4 C:\\Users\\mahmo\\Barcody\\vendor\\laravel\\framework\\src\\Illuminate\\Database\\Connection.php(498): Illuminate\\Database\\Connection->statement('insert into `ev...', Array)
#5 C:\\Users\\mahmo\\Barcody\\vendor\\laravel\\framework\\src\\Illuminate\\Database\\Query\\Processors\\Processor.php(32): Illuminate\\Database\\Connection->insert('insert into `ev...', Array)
#6 C:\\Users\\mahmo\\Barcody\\vendor\\laravel\\framework\\src\\Illuminate\\Database\\Query\\Builder.php(3322): Illuminate\\Database\\Query\\Processors\\Processor->processInsertGetId(Object(Illuminate\\Database\\Query\\Builder), 'insert into `ev...', Array, 'id')
#7 C:\\Users\\mahmo\\Barcody\\vendor\\laravel\\framework\\src\\Illuminate\\Database\\Eloquent\\Builder.php(1869): Illuminate\\Database\\Query\\Builder->insertGetId(Array, 'id')
#8 C:\\Users\\mahmo\\Barcody\\vendor\\laravel\\framework\\src\\Illuminate\\Database\\Eloquent\\Model.php(1330): Illuminate\\Database\\Eloquent\\Builder->__call('insertGetId', Array)
#9 C:\\Users\\mahmo\\Barcody\\vendor\\laravel\\framework\\src\\Illuminate\\Database\\Eloquent\\Model.php(1295): Illuminate\\Database\\Eloquent\\Model->insertAndSetId(Object(Illuminate\\Database\\Eloquent\\Builder), Array)
#10 C:\\Users\\mahmo\\Barcody\\vendor\\laravel\\framework\\src\\Illuminate\\Database\\Eloquent\\Model.php(1138): Illuminate\\Database\\Eloquent\\Model->performInsert(Object(Illuminate\\Database\\Eloquent\\Builder))
#11 C:\\Users\\mahmo\\Barcody\\app\\Http\\Controllers\\EventController.php(222): Illuminate\\Database\\Eloquent\\Model->save()
#12 C:\\Users\\mahmo\\Barcody\\vendor\\laravel\\framework\\src\\Illuminate\\Routing\\Controller.php(54): App\\Http\\Controllers\\EventController->apiStore(Object(Illuminate\\Http\\Request))
#13 C:\\Users\\mahmo\\Barcody\\vendor\\laravel\\framework\\src\\Illuminate\\Routing\\ControllerDispatcher.php(43): Illuminate\\Routing\\Controller->callAction('apiStore', Array)
#14 C:\\Users\\mahmo\\Barcody\\vendor\\laravel\\framework\\src\\Illuminate\\Routing\\Route.php(259): Illuminate\\Routing\\ControllerDispatcher->dispatch(Object(Illuminate\\Routing\\Route), Object(App\\Http\\Controllers\\EventController), 'apiStore')
#15 C:\\Users\\mahmo\\Barcody\\vendor\\laravel\\framework\\src\\Illuminate\\Routing\\Route.php(205): Illuminate\\Routing\\Route->runController()
#16 C:\\Users\\mahmo\\Barcody\\vendor\\laravel\\framework\\src\\Illuminate\\Routing\\Router.php(798): Illuminate\\Routing\\Route->run()
#17 C:\\Users\\mahmo\\Barcody\\vendor\\laravel\\framework\\src\\Illuminate\\Pipeline\\Pipeline.php(141): Illuminate\\Routing\\Router->Illuminate\\Routing\\{closure}(Object(Illuminate\\Http\\Request))
#18 C:\\Users\\mahmo\\Barcody\\vendor\\laravel\\framework\\src\\Illuminate\\Routing\\Middleware\\SubstituteBindings.php(50): Illuminate\\Pipeline\\Pipeline->Illuminate\\Pipeline\\{closure}(Object(Illuminate\\Http\\Request))
#19 C:\\Users\\mahmo\\Barcody\\vendor\\laravel\\framework\\src\\Illuminate\\Pipeline\\Pipeline.php(180): Illuminate\\Routing\\Middleware\\SubstituteBindings->handle(Object(Illuminate\\Http\\Request), Object(Closure))
#20 C:\\Users\\mahmo\\Barcody\\vendor\\laravel\\framework\\src\\Illuminate\\Routing\\Middleware\\ThrottleRequests.php(126): Illuminate\\Pipeline\\Pipeline->Illuminate\\Pipeline\\{closure}(Object(Illuminate\\Http\\Request))
#21 C:\\Users\\mahmo\\Barcody\\vendor\\laravel\\framework\\src\\Illuminate\\Routing\\Middleware\\ThrottleRequests.php(92): Illuminate\\Routing\\Middleware\\ThrottleRequests->handleRequest(Object(Illuminate\\Http\\Request), Object(Closure), Array)
#22 C:\\Users\\mahmo\\Barcody\\vendor\\laravel\\framework\\src\\Illuminate\\Routing\\Middleware\\ThrottleRequests.php(54): Illuminate\\Routing\\Middleware\\ThrottleRequests->handleRequestUsingNamedLimiter(Object(Illuminate\\Http\\Request), Object(Closure), 'api', Object(Closure))
#23 C:\\Users\\mahmo\\Barcody\\vendor\\laravel\\framework\\src\\Illuminate\\Pipeline\\Pipeline.php(180): Illuminate\\Routing\\Middleware\\ThrottleRequests->handle(Object(Illuminate\\Http\\Request), Object(Closure), 'api')
#24 C:\\Users\\mahmo\\Barcody\\vendor\\laravel\\framework\\src\\Illuminate\\Auth\\Middleware\\Authenticate.php(44): Illuminate\\Pipeline\\Pipeline->Illuminate\\Pipeline\\{closure}(Object(Illuminate\\Http\\Request))
#25 C:\\Users\\mahmo\\Barcody\\vendor\\laravel\\framework\\src\\Illuminate\\Pipeline\\Pipeline.php(180): Illuminate\\Auth\\Middleware\\Authenticate->handle(Object(Illuminate\\Http\\Request), Object(Closure), 'sanctum')
#26 C:\\Users\\mahmo\\Barcody\\vendor\\laravel\\framework\\src\\Illuminate\\Pipeline\\Pipeline.php(116): Illuminate\\Pipeline\\Pipeline->Illuminate\\Pipeline\\{closure}(Object(Illuminate\\Http\\Request))
#27 C:\\Users\\mahmo\\Barcody\\vendor\\laravel\\framework\\src\\Illuminate\\Routing\\Router.php(797): Illuminate\\Pipeline\\Pipeline->then(Object(Closure))
#28 C:\\Users\\mahmo\\Barcody\\vendor\\laravel\\framework\\src\\Illuminate\\Routing\\Router.php(776): Illuminate\\Routing\\Router->runRouteWithinStack(Object(Illuminate\\Routing\\Route), Object(Illuminate\\Http\\Request))
#29 C:\\Users\\mahmo\\Barcody\\vendor\\laravel\\framework\\src\\Illuminate\\Routing\\Router.php(740): Illuminate\\Routing\\Router->runRoute(Object(Illuminate\\Http\\Request), Object(Illuminate\\Routing\\Route))
#30 C:\\Users\\mahmo\\Barcody\\vendor\\laravel\\framework\\src\\Illuminate\\Routing\\Router.php(729): Illuminate\\Routing\\Router->dispatchToRoute(Object(Illuminate\\Http\\Request))
#31 C:\\Users\\mahmo\\Barcody\\vendor\\laravel\\framework\\src\\Illuminate\\Foundation\\Http\\Kernel.php(190): Illuminate\\Routing\\Router->dispatch(Object(Illuminate\\Http\\Request))
#32 C:\\Users\\mahmo\\Barcody\\vendor\\laravel\\framework\\src\\Illuminate\\Pipeline\\Pipeline.php(141): Illuminate\\Foundation\\Http\\Kernel->Illuminate\\Foundation\\Http\\{closure}(Object(Illuminate\\Http\\Request))
#33 C:\\Users\\mahmo\\Barcody\\vendor\\laravel\\framework\\src\\Illuminate\\Foundation\\Http\\Middleware\\TransformsRequest.php(21): Illuminate\\Pipeline\\Pipeline->Illuminate\\Pipeline\\{closure}(Object(Illuminate\\Http\\Request))
#34 C:\\Users\\mahmo\\Barcody\\vendor\\laravel\\framework\\src\\Illuminate\\Foundation\\Http\\Middleware\\ConvertEmptyStringsToNull.php(31): Illuminate\\Foundation\\Http\\Middleware\\TransformsRequest->handle(Object(Illuminate\\Http\\Request), Object(Closure))
#35 C:\\Users\\mahmo\\Barcody\\vendor\\laravel\\framework\\src\\Illuminate\\Pipeline\\Pipeline.php(180): Illuminate\\Foundation\\Http\\Middleware\\ConvertEmptyStringsToNull->handle(Object(Illuminate\\Http\\Request), Object(Closure))
#36 C:\\Users\\mahmo\\Barcody\\vendor\\laravel\\framework\\src\\Illuminate\\Foundation\\Http\\Middleware\\TransformsRequest.php(21): Illuminate\\Pipeline\\Pipeline->Illuminate\\Pipeline\\{closure}(Object(Illuminate\\Http\\Request))
#37 C:\\Users\\mahmo\\Barcody\\vendor\\laravel\\framework\\src\\Illuminate\\Foundation\\Http\\Middleware\\TrimStrings.php(40): Illuminate\\Foundation\\Http\\Middleware\\TransformsRequest->handle(Object(Illuminate\\Http\\Request), Object(Closure))
#38 C:\\Users\\mahmo\\Barcody\\vendor\\laravel\\framework\\src\\Illuminate\\Pipeline\\Pipeline.php(180): Illuminate\\Foundation\\Http\\Middleware\\TrimStrings->handle(Object(Illuminate\\Http\\Request), Object(Closure))
#39 C:\\Users\\mahmo\\Barcody\\vendor\\laravel\\framework\\src\\Illuminate\\Foundation\\Http\\Middleware\\ValidatePostSize.php(27): Illuminate\\Pipeline\\Pipeline->Illuminate\\Pipeline\\{closure}(Object(Illuminate\\Http\\Request))
#40 C:\\Users\\mahmo\\Barcody\\vendor\\laravel\\framework\\src\\Illuminate\\Pipeline\\Pipeline.php(180): Illuminate\\Foundation\\Http\\Middleware\\ValidatePostSize->handle(Object(Illuminate\\Http\\Request), Object(Closure))
#41 C:\\Users\\mahmo\\Barcody\\vendor\\laravel\\framework\\src\\Illuminate\\Foundation\\Http\\Middleware\\PreventRequestsDuringMaintenance.php(86): Illuminate\\Pipeline\\Pipeline->Illuminate\\Pipeline\\{closure}(Object(Illuminate\\Http\\Request))
#42 C:\\Users\\mahmo\\Barcody\\vendor\\laravel\\framework\\src\\Illuminate\\Pipeline\\Pipeline.php(180): Illuminate\\Foundation\\Http\\Middleware\\PreventRequestsDuringMaintenance->handle(Object(Illuminate\\Http\\Request), Object(Closure))
#43 C:\\Users\\mahmo\\Barcody\\vendor\\laravel\\framework\\src\\Illuminate\\Http\\Middleware\\HandleCors.php(62): Illuminate\\Pipeline\\Pipeline->Illuminate\\Pipeline\\{closure}(Object(Illuminate\\Http\\Request))
#44 C:\\Users\\mahmo\\Barcody\\vendor\\laravel\\framework\\src\\Illuminate\\Pipeline\\Pipeline.php(180): Illuminate\\Http\\Middleware\\HandleCors->handle(Object(Illuminate\\Http\\Request), Object(Closure))
#45 C:\\Users\\mahmo\\Barcody\\vendor\\laravel\\framework\\src\\Illuminate\\Http\\Middleware\\TrustProxies.php(39): Illuminate\\Pipeline\\Pipeline->Illuminate\\Pipeline\\{closure}(Object(Illuminate\\Http\\Request))
#46 C:\\Users\\mahmo\\Barcody\\vendor\\laravel\\framework\\src\\Illuminate\\Pipeline\\Pipeline.php(180): Illuminate\\Http\\Middleware\\TrustProxies->handle(Object(Illuminate\\Http\\Request), Object(Closure))
#47 C:\\Users\\mahmo\\Barcody\\vendor\\laravel\\framework\\src\\Illuminate\\Pipeline\\Pipeline.php(116): Illuminate\\Pipeline\\Pipeline->Illuminate\\Pipeline\\{closure}(Object(Illuminate\\Http\\Request))
#48 C:\\Users\\mahmo\\Barcody\\vendor\\laravel\\framework\\src\\Illuminate\\Foundation\\Http\\Kernel.php(165): Illuminate\\Pipeline\\Pipeline->then(Object(Closure))
#49 C:\\Users\\mahmo\\Barcody\\vendor\\laravel\\framework\\src\\Illuminate\\Foundation\\Http\\Kernel.php(134): Illuminate\\Foundation\\Http\\Kernel->sendRequestThroughRouter(Object(Illuminate\\Http\\Request))
#50 C:\\Users\\mahmo\\Barcody\\public\\index.php(51): Illuminate\\Foundation\\Http\\Kernel->handle(Object(Illuminate\\Http\\Request))
#51 C:\\Users\\mahmo\\Barcody\\vendor\\laravel\\framework\\src\\Illuminate\\Foundation\\resources\\server.php(16): require_once('C:\\\\Users\\\\mahmo\\\\...')
#52 {main}
"} 
[2026-05-31 21:39:55] local.INFO: Raw Webhook Data: {"entry":[{"changes":[{"value":{"messages":"System.Collections.Hashtable"}}]}]} 
[2026-05-31 21:40:31] local.ERROR: SQLSTATE[23000]: Integrity constraint violation: 1452 Cannot add or update a child row: a foreign key constraint fails (`wedding_app`.`events`, CONSTRAINT `events_user_id_foreign` FOREIGN KEY (`user_id`) REFERENCES `users` (`id`) ON DELETE SET NULL) (SQL: insert into `events` (`time`, `location`, `name`, `description`, `status`, `maps`, `date`, `category_id`, `user_id`, `updated_at`, `created_at`) values (20:00, ???? ??????, ??? ???? ????, ???? ??????? ???????, draft, https://maps.google.com, 2026-07-15, 5, 3, 2026-05-31 21:40:31, 2026-05-31 21:40:31)) {"userId":4,"exception":"[object] (Illuminate\\Database\\QueryException(code: 23000): SQLSTATE[23000]: Integrity constraint violation: 1452 Cannot add or update a child row: a foreign key constraint fails (`wedding_app`.`events`, CONSTRAINT `events_user_id_foreign` FOREIGN KEY (`user_id`) REFERENCES `users` (`id`) ON DELETE SET NULL) (SQL: insert into `events` (`time`, `location`, `name`, `description`, `status`, `maps`, `date`, `category_id`, `user_id`, `updated_at`, `created_at`) values (20:00, ???? ??????, ??? ???? ????, ???? ??????? ???????, draft, https://maps.google.com, 2026-07-15, 5, 3, 2026-05-31 21:40:31, 2026-05-31 21:40:31)) at C:\\Users\\mahmo\\Barcody\\vendor\\laravel\\framework\\src\\Illuminate\\Database\\Connection.php:760)
[stacktrace]
#0 C:\\Users\\mahmo\\Barcody\\vendor\\laravel\\framework\\src\\Illuminate\\Database\\Connection.php(720): Illuminate\\Database\\Connection->runQueryCallback('insert into `ev...', Array, Object(Closure))
#1 C:\\Users\\mahmo\\Barcody\\vendor\\laravel\\framework\\src\\Illuminate\\Database\\Connection.php(534): Illuminate\\Database\\Connection->run('insert into `ev...', Array, Object(Closure))
#2 C:\\Users\\mahmo\\Barcody\\vendor\\laravel\\framework\\src\\Illuminate\\Database\\Connection.php(498): Illuminate\\Database\\Connection->statement('insert into `ev...', Array)
#3 C:\\Users\\mahmo\\Barcody\\vendor\\laravel\\framework\\src\\Illuminate\\Database\\Query\\Processors\\Processor.php(32): Illuminate\\Database\\Connection->insert('insert into `ev...', Array)
#4 C:\\Users\\mahmo\\Barcody\\vendor\\laravel\\framework\\src\\Illuminate\\Database\\Query\\Builder.php(3322): Illuminate\\Database\\Query\\Processors\\Processor->processInsertGetId(Object(Illuminate\\Database\\Query\\Builder), 'insert into `ev...', Array, 'id')
#5 C:\\Users\\mahmo\\Barcody\\vendor\\laravel\\framework\\src\\Illuminate\\Database\\Eloquent\\Builder.php(1869): Illuminate\\Database\\Query\\Builder->insertGetId(Array, 'id')
#6 C:\\Users\\mahmo\\Barcody\\vendor\\laravel\\framework\\src\\Illuminate\\Database\\Eloquent\\Model.php(1330): Illuminate\\Database\\Eloquent\\Builder->__call('insertGetId', Array)
#7 C:\\Users\\mahmo\\Barcody\\vendor\\laravel\\framework\\src\\Illuminate\\Database\\Eloquent\\Model.php(1295): Illuminate\\Database\\Eloquent\\Model->insertAndSetId(Object(Illuminate\\Database\\Eloquent\\Builder), Array)
#8 C:\\Users\\mahmo\\Barcody\\vendor\\laravel\\framework\\src\\Illuminate\\Database\\Eloquent\\Model.php(1138): Illuminate\\Database\\Eloquent\\Model->performInsert(Object(Illuminate\\Database\\Eloquent\\Builder))
#9 C:\\Users\\mahmo\\Barcody\\app\\Http\\Controllers\\EventController.php(222): Illuminate\\Database\\Eloquent\\Model->save()
#10 C:\\Users\\mahmo\\Barcody\\vendor\\laravel\\framework\\src\\Illuminate\\Routing\\Controller.php(54): App\\Http\\Controllers\\EventController->apiStore(Object(Illuminate\\Http\\Request))
#11 C:\\Users\\mahmo\\Barcody\\vendor\\laravel\\framework\\src\\Illuminate\\Routing\\ControllerDispatcher.php(43): Illuminate\\Routing\\Controller->callAction('apiStore', Array)
#12 C:\\Users\\mahmo\\Barcody\\vendor\\laravel\\framework\\src\\Illuminate\\Routing\\Route.php(259): Illuminate\\Routing\\ControllerDispatcher->dispatch(Object(Illuminate\\Routing\\Route), Object(App\\Http\\Controllers\\EventController), 'apiStore')
#13 C:\\Users\\mahmo\\Barcody\\vendor\\laravel\\framework\\src\\Illuminate\\Routing\\Route.php(205): Illuminate\\Routing\\Route->runController()
#14 C:\\Users\\mahmo\\Barcody\\vendor\\laravel\\framework\\src\\Illuminate\\Routing\\Router.php(798): Illuminate\\Routing\\Route->run()
#15 C:\\Users\\mahmo\\Barcody\\vendor\\laravel\\framework\\src\\Illuminate\\Pipeline\\Pipeline.php(141): Illuminate\\Routing\\Router->Illuminate\\Routing\\{closure}(Object(Illuminate\\Http\\Request))
#16 C:\\Users\\mahmo\\Barcody\\vendor\\laravel\\framework\\src\\Illuminate\\Routing\\Middleware\\SubstituteBindings.php(50): Illuminate\\Pipeline\\Pipeline->Illuminate\\Pipeline\\{closure}(Object(Illuminate\\Http\\Request))
#17 C:\\Users\\mahmo\\Barcody\\vendor\\laravel\\framework\\src\\Illuminate\\Pipeline\\Pipeline.php(180): Illuminate\\Routing\\Middleware\\SubstituteBindings->handle(Object(Illuminate\\Http\\Request), Object(Closure))
#18 C:\\Users\\mahmo\\Barcody\\vendor\\laravel\\framework\\src\\Illuminate\\Routing\\Middleware\\ThrottleRequests.php(126): Illuminate\\Pipeline\\Pipeline->Illuminate\\Pipeline\\{closure}(Object(Illuminate\\Http\\Request))
#19 C:\\Users\\mahmo\\Barcody\\vendor\\laravel\\framework\\src\\Illuminate\\Routing\\Middleware\\ThrottleRequests.php(92): Illuminate\\Routing\\Middleware\\ThrottleRequests->handleRequest(Object(Illuminate\\Http\\Request), Object(Closure), Array)
#20 C:\\Users\\mahmo\\Barcody\\vendor\\laravel\\framework\\src\\Illuminate\\Routing\\Middleware\\ThrottleRequests.php(54): Illuminate\\Routing\\Middleware\\ThrottleRequests->handleRequestUsingNamedLimiter(Object(Illuminate\\Http\\Request), Object(Closure), 'api', Object(Closure))
#21 C:\\Users\\mahmo\\Barcody\\vendor\\laravel\\framework\\src\\Illuminate\\Pipeline\\Pipeline.php(180): Illuminate\\Routing\\Middleware\\ThrottleRequests->handle(Object(Illuminate\\Http\\Request), Object(Closure), 'api')
#22 C:\\Users\\mahmo\\Barcody\\vendor\\laravel\\framework\\src\\Illuminate\\Auth\\Middleware\\Authenticate.php(44): Illuminate\\Pipeline\\Pipeline->Illuminate\\Pipeline\\{closure}(Object(Illuminate\\Http\\Request))
#23 C:\\Users\\mahmo\\Barcody\\vendor\\laravel\\framework\\src\\Illuminate\\Pipeline\\Pipeline.php(180): Illuminate\\Auth\\Middleware\\Authenticate->handle(Object(Illuminate\\Http\\Request), Object(Closure), 'sanctum')
#24 C:\\Users\\mahmo\\Barcody\\vendor\\laravel\\framework\\src\\Illuminate\\Pipeline\\Pipeline.php(116): Illuminate\\Pipeline\\Pipeline->Illuminate\\Pipeline\\{closure}(Object(Illuminate\\Http\\Request))
#25 C:\\Users\\mahmo\\Barcody\\vendor\\laravel\\framework\\src\\Illuminate\\Routing\\Router.php(797): Illuminate\\Pipeline\\Pipeline->then(Object(Closure))
#26 C:\\Users\\mahmo\\Barcody\\vendor\\laravel\\framework\\src\\Illuminate\\Routing\\Router.php(776): Illuminate\\Routing\\Router->runRouteWithinStack(Object(Illuminate\\Routing\\Route), Object(Illuminate\\Http\\Request))
#27 C:\\Users\\mahmo\\Barcody\\vendor\\laravel\\framework\\src\\Illuminate\\Routing\\Router.php(740): Illuminate\\Routing\\Router->runRoute(Object(Illuminate\\Http\\Request), Object(Illuminate\\Routing\\Route))
#28 C:\\Users\\mahmo\\Barcody\\vendor\\laravel\\framework\\src\\Illuminate\\Routing\\Router.php(729): Illuminate\\Routing\\Router->dispatchToRoute(Object(Illuminate\\Http\\Request))
#29 C:\\Users\\mahmo\\Barcody\\vendor\\laravel\\framework\\src\\Illuminate\\Foundation\\Http\\Kernel.php(190): Illuminate\\Routing\\Router->dispatch(Object(Illuminate\\Http\\Request))
#30 C:\\Users\\mahmo\\Barcody\\vendor\\laravel\\framework\\src\\Illuminate\\Pipeline\\Pipeline.php(141): Illuminate\\Foundation\\Http\\Kernel->Illuminate\\Foundation\\Http\\{closure}(Object(Illuminate\\Http\\Request))
#31 C:\\Users\\mahmo\\Barcody\\vendor\\laravel\\framework\\src\\Illuminate\\Foundation\\Http\\Middleware\\TransformsRequest.php(21): Illuminate\\Pipeline\\Pipeline->Illuminate\\Pipeline\\{closure}(Object(Illuminate\\Http\\Request))
#32 C:\\Users\\mahmo\\Barcody\\vendor\\laravel\\framework\\src\\Illuminate\\Foundation\\Http\\Middleware\\ConvertEmptyStringsToNull.php(31): Illuminate\\Foundation\\Http\\Middleware\\TransformsRequest->handle(Object(Illuminate\\Http\\Request), Object(Closure))
#33 C:\\Users\\mahmo\\Barcody\\vendor\\laravel\\framework\\src\\Illuminate\\Pipeline\\Pipeline.php(180): Illuminate\\Foundation\\Http\\Middleware\\ConvertEmptyStringsToNull->handle(Object(Illuminate\\Http\\Request), Object(Closure))
#34 C:\\Users\\mahmo\\Barcody\\vendor\\laravel\\framework\\src\\Illuminate\\Foundation\\Http\\Middleware\\TransformsRequest.php(21): Illuminate\\Pipeline\\Pipeline->Illuminate\\Pipeline\\{closure}(Object(Illuminate\\Http\\Request))
#35 C:\\Users\\mahmo\\Barcody\\vendor\\laravel\\framework\\src\\Illuminate\\Foundation\\Http\\Middleware\\TrimStrings.php(40): Illuminate\\Foundation\\Http\\Middleware\\TransformsRequest->handle(Object(Illuminate\\Http\\Request), Object(Closure))
#36 C:\\Users\\mahmo\\Barcody\\vendor\\laravel\\framework\\src\\Illuminate\\Pipeline\\Pipeline.php(180): Illuminate\\Foundation\\Http\\Middleware\\TrimStrings->handle(Object(Illuminate\\Http\\Request), Object(Closure))
#37 C:\\Users\\mahmo\\Barcody\\vendor\\laravel\\framework\\src\\Illuminate\\Foundation\\Http\\Middleware\\ValidatePostSize.php(27): Illuminate\\Pipeline\\Pipeline->Illuminate\\Pipeline\\{closure}(Object(Illuminate\\Http\\Request))
#38 C:\\Users\\mahmo\\Barcody\\vendor\\laravel\\framework\\src\\Illuminate\\Pipeline\\Pipeline.php(180): Illuminate\\Foundation\\Http\\Middleware\\ValidatePostSize->handle(Object(Illuminate\\Http\\Request), Object(Closure))
#39 C:\\Users\\mahmo\\Barcody\\vendor\\laravel\\framework\\src\\Illuminate\\Foundation\\Http\\Middleware\\PreventRequestsDuringMaintenance.php(86): Illuminate\\Pipeline\\Pipeline->Illuminate\\Pipeline\\{closure}(Object(Illuminate\\Http\\Request))
#40 C:\\Users\\mahmo\\Barcody\\vendor\\laravel\\framework\\src\\Illuminate\\Pipeline\\Pipeline.php(180): Illuminate\\Foundation\\Http\\Middleware\\PreventRequestsDuringMaintenance->handle(Object(Illuminate\\Http\\Request), Object(Closure))
#41 C:\\Users\\mahmo\\Barcody\\vendor\\laravel\\framework\\src\\Illuminate\\Http\\Middleware\\HandleCors.php(62): Illuminate\\Pipeline\\Pipeline->Illuminate\\Pipeline\\{closure}(Object(Illuminate\\Http\\Request))
#42 C:\\Users\\mahmo\\Barcody\\vendor\\laravel\\framework\\src\\Illuminate\\Pipeline\\Pipeline.php(180): Illuminate\\Http\\Middleware\\HandleCors->handle(Object(Illuminate\\Http\\Request), Object(Closure))
#43 C:\\Users\\mahmo\\Barcody\\vendor\\laravel\\framework\\src\\Illuminate\\Http\\Middleware\\TrustProxies.php(39): Illuminate\\Pipeline\\Pipeline->Illuminate\\Pipeline\\{closure}(Object(Illuminate\\Http\\Request))
#44 C:\\Users\\mahmo\\Barcody\\vendor\\laravel\\framework\\src\\Illuminate\\Pipeline\\Pipeline.php(180): Illuminate\\Http\\Middleware\\TrustProxies->handle(Object(Illuminate\\Http\\Request), Object(Closure))
#45 C:\\Users\\mahmo\\Barcody\\vendor\\laravel\\framework\\src\\Illuminate\\Pipeline\\Pipeline.php(116): Illuminate\\Pipeline\\Pipeline->Illuminate\\Pipeline\\{closure}(Object(Illuminate\\Http\\Request))
#46 C:\\Users\\mahmo\\Barcody\\vendor\\laravel\\framework\\src\\Illuminate\\Foundation\\Http\\Kernel.php(165): Illuminate\\Pipeline\\Pipeline->then(Object(Closure))
#47 C:\\Users\\mahmo\\Barcody\\vendor\\laravel\\framework\\src\\Illuminate\\Foundation\\Http\\Kernel.php(134): Illuminate\\Foundation\\Http\\Kernel->sendRequestThroughRouter(Object(Illuminate\\Http\\Request))
#48 C:\\Users\\mahmo\\Barcody\\public\\index.php(51): Illuminate\\Foundation\\Http\\Kernel->handle(Object(Illuminate\\Http\\Request))
#49 C:\\Users\\mahmo\\Barcody\\vendor\\laravel\\framework\\src\\Illuminate\\Foundation\\resources\\server.php(16): require_once('C:\\\\Users\\\\mahmo\\\\...')
#50 {main}

[previous exception] [object] (PDOException(code: 23000): SQLSTATE[23000]: Integrity constraint violation: 1452 Cannot add or update a child row: a foreign key constraint fails (`wedding_app`.`events`, CONSTRAINT `events_user_id_foreign` FOREIGN KEY (`user_id`) REFERENCES `users` (`id`) ON DELETE SET NULL) at C:\\Users\\mahmo\\Barcody\\vendor\\laravel\\framework\\src\\Illuminate\\Database\\Connection.php:545)
[stacktrace]
#0 C:\\Users\\mahmo\\Barcody\\vendor\\laravel\\framework\\src\\Illuminate\\Database\\Connection.php(545): PDOStatement->execute()
#1 C:\\Users\\mahmo\\Barcody\\vendor\\laravel\\framework\\src\\Illuminate\\Database\\Connection.php(753): Illuminate\\Database\\Connection->Illuminate\\Database\\{closure}('insert into `ev...', Array)
#2 C:\\Users\\mahmo\\Barcody\\vendor\\laravel\\framework\\src\\Illuminate\\Database\\Connection.php(720): Illuminate\\Database\\Connection->runQueryCallback('insert into `ev...', Array, Object(Closure))
#3 C:\\Users\\mahmo\\Barcody\\vendor\\laravel\\framework\\src\\Illuminate\\Database\\Connection.php(534): Illuminate\\Database\\Connection->run('insert into `ev...', Array, Object(Closure))
#4 C:\\Users\\mahmo\\Barcody\\vendor\\laravel\\framework\\src\\Illuminate\\Database\\Connection.php(498): Illuminate\\Database\\Connection->statement('insert into `ev...', Array)
#5 C:\\Users\\mahmo\\Barcody\\vendor\\laravel\\framework\\src\\Illuminate\\Database\\Query\\Processors\\Processor.php(32): Illuminate\\Database\\Connection->insert('insert into `ev...', Array)
#6 C:\\Users\\mahmo\\Barcody\\vendor\\laravel\\framework\\src\\Illuminate\\Database\\Query\\Builder.php(3322): Illuminate\\Database\\Query\\Processors\\Processor->processInsertGetId(Object(Illuminate\\Database\\Query\\Builder), 'insert into `ev...', Array, 'id')
#7 C:\\Users\\mahmo\\Barcody\\vendor\\laravel\\framework\\src\\Illuminate\\Database\\Eloquent\\Builder.php(1869): Illuminate\\Database\\Query\\Builder->insertGetId(Array, 'id')
#8 C:\\Users\\mahmo\\Barcody\\vendor\\laravel\\framework\\src\\Illuminate\\Database\\Eloquent\\Model.php(1330): Illuminate\\Database\\Eloquent\\Builder->__call('insertGetId', Array)
#9 C:\\Users\\mahmo\\Barcody\\vendor\\laravel\\framework\\src\\Illuminate\\Database\\Eloquent\\Model.php(1295): Illuminate\\Database\\Eloquent\\Model->insertAndSetId(Object(Illuminate\\Database\\Eloquent\\Builder), Array)
#10 C:\\Users\\mahmo\\Barcody\\vendor\\laravel\\framework\\src\\Illuminate\\Database\\Eloquent\\Model.php(1138): Illuminate\\Database\\Eloquent\\Model->performInsert(Object(Illuminate\\Database\\Eloquent\\Builder))
#11 C:\\Users\\mahmo\\Barcody\\app\\Http\\Controllers\\EventController.php(222): Illuminate\\Database\\Eloquent\\Model->save()
#12 C:\\Users\\mahmo\\Barcody\\vendor\\laravel\\framework\\src\\Illuminate\\Routing\\Controller.php(54): App\\Http\\Controllers\\EventController->apiStore(Object(Illuminate\\Http\\Request))
#13 C:\\Users\\mahmo\\Barcody\\vendor\\laravel\\framework\\src\\Illuminate\\Routing\\ControllerDispatcher.php(43): Illuminate\\Routing\\Controller->callAction('apiStore', Array)
#14 C:\\Users\\mahmo\\Barcody\\vendor\\laravel\\framework\\src\\Illuminate\\Routing\\Route.php(259): Illuminate\\Routing\\ControllerDispatcher->dispatch(Object(Illuminate\\Routing\\Route), Object(App\\Http\\Controllers\\EventController), 'apiStore')
#15 C:\\Users\\mahmo\\Barcody\\vendor\\laravel\\framework\\src\\Illuminate\\Routing\\Route.php(205): Illuminate\\Routing\\Route->runController()
#16 C:\\Users\\mahmo\\Barcody\\vendor\\laravel\\framework\\src\\Illuminate\\Routing\\Router.php(798): Illuminate\\Routing\\Route->run()
#17 C:\\Users\\mahmo\\Barcody\\vendor\\laravel\\framework\\src\\Illuminate\\Pipeline\\Pipeline.php(141): Illuminate\\Routing\\Router->Illuminate\\Routing\\{closure}(Object(Illuminate\\Http\\Request))
#18 C:\\Users\\mahmo\\Barcody\\vendor\\laravel\\framework\\src\\Illuminate\\Routing\\Middleware\\SubstituteBindings.php(50): Illuminate\\Pipeline\\Pipeline->Illuminate\\Pipeline\\{closure}(Object(Illuminate\\Http\\Request))
#19 C:\\Users\\mahmo\\Barcody\\vendor\\laravel\\framework\\src\\Illuminate\\Pipeline\\Pipeline.php(180): Illuminate\\Routing\\Middleware\\SubstituteBindings->handle(Object(Illuminate\\Http\\Request), Object(Closure))
#20 C:\\Users\\mahmo\\Barcody\\vendor\\laravel\\framework\\src\\Illuminate\\Routing\\Middleware\\ThrottleRequests.php(126): Illuminate\\Pipeline\\Pipeline->Illuminate\\Pipeline\\{closure}(Object(Illuminate\\Http\\Request))
#21 C:\\Users\\mahmo\\Barcody\\vendor\\laravel\\framework\\src\\Illuminate\\Routing\\Middleware\\ThrottleRequests.php(92): Illuminate\\Routing\\Middleware\\ThrottleRequests->handleRequest(Object(Illuminate\\Http\\Request), Object(Closure), Array)
#22 C:\\Users\\mahmo\\Barcody\\vendor\\laravel\\framework\\src\\Illuminate\\Routing\\Middleware\\ThrottleRequests.php(54): Illuminate\\Routing\\Middleware\\ThrottleRequests->handleRequestUsingNamedLimiter(Object(Illuminate\\Http\\Request), Object(Closure), 'api', Object(Closure))
#23 C:\\Users\\mahmo\\Barcody\\vendor\\laravel\\framework\\src\\Illuminate\\Pipeline\\Pipeline.php(180): Illuminate\\Routing\\Middleware\\ThrottleRequests->handle(Object(Illuminate\\Http\\Request), Object(Closure), 'api')
#24 C:\\Users\\mahmo\\Barcody\\vendor\\laravel\\framework\\src\\Illuminate\\Auth\\Middleware\\Authenticate.php(44): Illuminate\\Pipeline\\Pipeline->Illuminate\\Pipeline\\{closure}(Object(Illuminate\\Http\\Request))
#25 C:\\Users\\mahmo\\Barcody\\vendor\\laravel\\framework\\src\\Illuminate\\Pipeline\\Pipeline.php(180): Illuminate\\Auth\\Middleware\\Authenticate->handle(Object(Illuminate\\Http\\Request), Object(Closure), 'sanctum')
#26 C:\\Users\\mahmo\\Barcody\\vendor\\laravel\\framework\\src\\Illuminate\\Pipeline\\Pipeline.php(116): Illuminate\\Pipeline\\Pipeline->Illuminate\\Pipeline\\{closure}(Object(Illuminate\\Http\\Request))
#27 C:\\Users\\mahmo\\Barcody\\vendor\\laravel\\framework\\src\\Illuminate\\Routing\\Router.php(797): Illuminate\\Pipeline\\Pipeline->then(Object(Closure))
#28 C:\\Users\\mahmo\\Barcody\\vendor\\laravel\\framework\\src\\Illuminate\\Routing\\Router.php(776): Illuminate\\Routing\\Router->runRouteWithinStack(Object(Illuminate\\Routing\\Route), Object(Illuminate\\Http\\Request))
#29 C:\\Users\\mahmo\\Barcody\\vendor\\laravel\\framework\\src\\Illuminate\\Routing\\Router.php(740): Illuminate\\Routing\\Router->runRoute(Object(Illuminate\\Http\\Request), Object(Illuminate\\Routing\\Route))
#30 C:\\Users\\mahmo\\Barcody\\vendor\\laravel\\framework\\src\\Illuminate\\Routing\\Router.php(729): Illuminate\\Routing\\Router->dispatchToRoute(Object(Illuminate\\Http\\Request))
#31 C:\\Users\\mahmo\\Barcody\\vendor\\laravel\\framework\\src\\Illuminate\\Foundation\\Http\\Kernel.php(190): Illuminate\\Routing\\Router->dispatch(Object(Illuminate\\Http\\Request))
#32 C:\\Users\\mahmo\\Barcody\\vendor\\laravel\\framework\\src\\Illuminate\\Pipeline\\Pipeline.php(141): Illuminate\\Foundation\\Http\\Kernel->Illuminate\\Foundation\\Http\\{closure}(Object(Illuminate\\Http\\Request))
#33 C:\\Users\\mahmo\\Barcody\\vendor\\laravel\\framework\\src\\Illuminate\\Foundation\\Http\\Middleware\\TransformsRequest.php(21): Illuminate\\Pipeline\\Pipeline->Illuminate\\Pipeline\\{closure}(Object(Illuminate\\Http\\Request))
#34 C:\\Users\\mahmo\\Barcody\\vendor\\laravel\\framework\\src\\Illuminate\\Foundation\\Http\\Middleware\\ConvertEmptyStringsToNull.php(31): Illuminate\\Foundation\\Http\\Middleware\\TransformsRequest->handle(Object(Illuminate\\Http\\Request), Object(Closure))
#35 C:\\Users\\mahmo\\Barcody\\vendor\\laravel\\framework\\src\\Illuminate\\Pipeline\\Pipeline.php(180): Illuminate\\Foundation\\Http\\Middleware\\ConvertEmptyStringsToNull->handle(Object(Illuminate\\Http\\Request), Object(Closure))
#36 C:\\Users\\mahmo\\Barcody\\vendor\\laravel\\framework\\src\\Illuminate\\Foundation\\Http\\Middleware\\TransformsRequest.php(21): Illuminate\\Pipeline\\Pipeline->Illuminate\\Pipeline\\{closure}(Object(Illuminate\\Http\\Request))
#37 C:\\Users\\mahmo\\Barcody\\vendor\\laravel\\framework\\src\\Illuminate\\Foundation\\Http\\Middleware\\TrimStrings.php(40): Illuminate\\Foundation\\Http\\Middleware\\TransformsRequest->handle(Object(Illuminate\\Http\\Request), Object(Closure))
#38 C:\\Users\\mahmo\\Barcody\\vendor\\laravel\\framework\\src\\Illuminate\\Pipeline\\Pipeline.php(180): Illuminate\\Foundation\\Http\\Middleware\\TrimStrings->handle(Object(Illuminate\\Http\\Request), Object(Closure))
#39 C:\\Users\\mahmo\\Barcody\\vendor\\laravel\\framework\\src\\Illuminate\\Foundation\\Http\\Middleware\\ValidatePostSize.php(27): Illuminate\\Pipeline\\Pipeline->Illuminate\\Pipeline\\{closure}(Object(Illuminate\\Http\\Request))
#40 C:\\Users\\mahmo\\Barcody\\vendor\\laravel\\framework\\src\\Illuminate\\Pipeline\\Pipeline.php(180): Illuminate\\Foundation\\Http\\Middleware\\ValidatePostSize->handle(Object(Illuminate\\Http\\Request), Object(Closure))
#41 C:\\Users\\mahmo\\Barcody\\vendor\\laravel\\framework\\src\\Illuminate\\Foundation\\Http\\Middleware\\PreventRequestsDuringMaintenance.php(86): Illuminate\\Pipeline\\Pipeline->Illuminate\\Pipeline\\{closure}(Object(Illuminate\\Http\\Request))
#42 C:\\Users\\mahmo\\Barcody\\vendor\\laravel\\framework\\src\\Illuminate\\Pipeline\\Pipeline.php(180): Illuminate\\Foundation\\Http\\Middleware\\PreventRequestsDuringMaintenance->handle(Object(Illuminate\\Http\\Request), Object(Closure))
#43 C:\\Users\\mahmo\\Barcody\\vendor\\laravel\\framework\\src\\Illuminate\\Http\\Middleware\\HandleCors.php(62): Illuminate\\Pipeline\\Pipeline->Illuminate\\Pipeline\\{closure}(Object(Illuminate\\Http\\Request))
#44 C:\\Users\\mahmo\\Barcody\\vendor\\laravel\\framework\\src\\Illuminate\\Pipeline\\Pipeline.php(180): Illuminate\\Http\\Middleware\\HandleCors->handle(Object(Illuminate\\Http\\Request), Object(Closure))
#45 C:\\Users\\mahmo\\Barcody\\vendor\\laravel\\framework\\src\\Illuminate\\Http\\Middleware\\TrustProxies.php(39): Illuminate\\Pipeline\\Pipeline->Illuminate\\Pipeline\\{closure}(Object(Illuminate\\Http\\Request))
#46 C:\\Users\\mahmo\\Barcody\\vendor\\laravel\\framework\\src\\Illuminate\\Pipeline\\Pipeline.php(180): Illuminate\\Http\\Middleware\\TrustProxies->handle(Object(Illuminate\\Http\\Request), Object(Closure))
#47 C:\\Users\\mahmo\\Barcody\\vendor\\laravel\\framework\\src\\Illuminate\\Pipeline\\Pipeline.php(116): Illuminate\\Pipeline\\Pipeline->Illuminate\\Pipeline\\{closure}(Object(Illuminate\\Http\\Request))
#48 C:\\Users\\mahmo\\Barcody\\vendor\\laravel\\framework\\src\\Illuminate\\Foundation\\Http\\Kernel.php(165): Illuminate\\Pipeline\\Pipeline->then(Object(Closure))
#49 C:\\Users\\mahmo\\Barcody\\vendor\\laravel\\framework\\src\\Illuminate\\Foundation\\Http\\Kernel.php(134): Illuminate\\Foundation\\Http\\Kernel->sendRequestThroughRouter(Object(Illuminate\\Http\\Request))
#50 C:\\Users\\mahmo\\Barcody\\public\\index.php(51): Illuminate\\Foundation\\Http\\Kernel->handle(Object(Illuminate\\Http\\Request))
#51 C:\\Users\\mahmo\\Barcody\\vendor\\laravel\\framework\\src\\Illuminate\\Foundation\\resources\\server.php(16): require_once('C:\\\\Users\\\\mahmo\\\\...')
#52 {main}
"} 
[2026-05-31 22:09:28] local.WARNING: WhatsApp OTP not sent during registration: Could not send OTP. Please try again.  
[2026-05-31 22:09:29] local.ERROR: OTP Send Error: Could not send OTP. Please try again.  
[2026-05-31 22:09:30] local.ERROR: Phone Login OTP Error: Could not send OTP. Please try again.  
[2026-05-31 22:09:32] local.ERROR: API Resend OTP Error: Could not send OTP. Please try again.  
[2026-05-31 22:09:32] local.WARNING: WhatsApp OTP not sent for forgot password: Could not send OTP. Please try again.  
[2026-05-31 22:13:54] local.ERROR: OTP Send Error: Could not send OTP. Please try again.  
[2026-05-31 22:13:55] local.ERROR: Phone Login OTP Error: Could not send OTP. Please try again.  
[2026-05-31 22:13:57] local.ERROR: API Resend OTP Error: Could not send OTP. Please try again.  
[2026-05-31 22:13:58] local.WARNING: WhatsApp OTP not sent for forgot password: Could not send OTP. Please try again.  
[2026-05-31 22:16:21] local.ERROR: OTP Send Error: Could not send OTP. Please try again.  
[2026-05-31 22:16:22] local.ERROR: Phone Login OTP Error: Could not send OTP. Please try again.  
[2026-05-31 22:16:24] local.ERROR: API Resend OTP Error: Could not send OTP. Please try again.  
[2026-05-31 22:16:24] local.WARNING: WhatsApp OTP not sent for forgot password: Could not send OTP. Please try again.  
[2026-05-31 22:20:00] local.ERROR: OTP Send Error: Could not send OTP. Please try again.  
[2026-05-31 22:20:01] local.ERROR: Phone Login OTP Error: Could not send OTP. Please try again.  
[2026-05-31 22:20:03] local.ERROR: API Resend OTP Error: Could not send OTP. Please try again.  
[2026-05-31 22:20:03] local.WARNING: WhatsApp OTP not sent for forgot password: Could not send OTP. Please try again.  
[2026-05-31 22:22:52] local.ERROR: OTP Send Error: Could not send OTP. Please try again.  
[2026-05-31 22:22:53] local.ERROR: Phone Login OTP Error: Could not send OTP. Please try again.  
[2026-05-31 22:22:54] local.ERROR: API Resend OTP Error: Could not send OTP. Please try again.  
[2026-05-31 22:22:55] local.WARNING: WhatsApp OTP not sent for forgot password: Could not send OTP. Please try again.  
[2026-05-31 22:27:27] local.ERROR: OTP Send Error: Could not send OTP. Please try again.  
[2026-05-31 22:27:28] local.ERROR: Phone Login OTP Error: Could not send OTP. Please try again.  
[2026-05-31 22:27:29] local.ERROR: API Resend OTP Error: Could not send OTP. Please try again.  
[2026-05-31 22:27:30] local.WARNING: WhatsApp OTP not sent for forgot password: Could not send OTP. Please try again.  
[2026-05-31 22:44:07] local.INFO: Raw Webhook Data: {"entry":[{"changes":[{"value":{"messages":[{"type":"button","from":"966511111111","button":{"text":"Over 9 levels deep, aborting normalization"}}]}}]}]} 
[2026-05-31 22:44:07] local.INFO: Button Press Detected {"phone":"966511111111","button":"Ø­Ø¶ÙˆØ±"} 
[2026-05-31 22:48:36] local.ERROR: SQLSTATE[42S22]: Column not found: 1054 Unknown column 'name' in 'field list' (SQL: insert into `settings` (`name`, `location`, `maps`, `updated_at`, `created_at`) values (Barcody, ??????, https://m.com, 2026-05-31 22:48:36, 2026-05-31 22:48:36)) {"userId":7,"exception":"[object] (Illuminate\\Database\\QueryException(code: 42S22): SQLSTATE[42S22]: Column not found: 1054 Unknown column 'name' in 'field list' (SQL: insert into `settings` (`name`, `location`, `maps`, `updated_at`, `created_at`) values (Barcody, ??????, https://m.com, 2026-05-31 22:48:36, 2026-05-31 22:48:36)) at C:\\Users\\mahmo\\Barcody\\vendor\\laravel\\framework\\src\\Illuminate\\Database\\Connection.php:760)
[stacktrace]
#0 C:\\Users\\mahmo\\Barcody\\vendor\\laravel\\framework\\src\\Illuminate\\Database\\Connection.php(720): Illuminate\\Database\\Connection->runQueryCallback('insert into `se...', Array, Object(Closure))
#1 C:\\Users\\mahmo\\Barcody\\vendor\\laravel\\framework\\src\\Illuminate\\Database\\Connection.php(534): Illuminate\\Database\\Connection->run('insert into `se...', Array, Object(Closure))
#2 C:\\Users\\mahmo\\Barcody\\vendor\\laravel\\framework\\src\\Illuminate\\Database\\Connection.php(498): Illuminate\\Database\\Connection->statement('insert into `se...', Array)
#3 C:\\Users\\mahmo\\Barcody\\vendor\\laravel\\framework\\src\\Illuminate\\Database\\Query\\Processors\\Processor.php(32): Illuminate\\Database\\Connection->insert('insert into `se...', Array)
#4 C:\\Users\\mahmo\\Barcody\\vendor\\laravel\\framework\\src\\Illuminate\\Database\\Query\\Builder.php(3322): Illuminate\\Database\\Query\\Processors\\Processor->processInsertGetId(Object(Illuminate\\Database\\Query\\Builder), 'insert into `se...', Array, 'id')
#5 C:\\Users\\mahmo\\Barcody\\vendor\\laravel\\framework\\src\\Illuminate\\Database\\Eloquent\\Builder.php(1869): Illuminate\\Database\\Query\\Builder->insertGetId(Array, 'id')
#6 C:\\Users\\mahmo\\Barcody\\vendor\\laravel\\framework\\src\\Illuminate\\Database\\Eloquent\\Model.php(1330): Illuminate\\Database\\Eloquent\\Builder->__call('insertGetId', Array)
#7 C:\\Users\\mahmo\\Barcody\\vendor\\laravel\\framework\\src\\Illuminate\\Database\\Eloquent\\Model.php(1295): Illuminate\\Database\\Eloquent\\Model->insertAndSetId(Object(Illuminate\\Database\\Eloquent\\Builder), Array)
#8 C:\\Users\\mahmo\\Barcody\\vendor\\laravel\\framework\\src\\Illuminate\\Database\\Eloquent\\Model.php(1138): Illuminate\\Database\\Eloquent\\Model->performInsert(Object(Illuminate\\Database\\Eloquent\\Builder))
#9 C:\\Users\\mahmo\\Barcody\\vendor\\laravel\\framework\\src\\Illuminate\\Database\\Eloquent\\Builder.php(986): Illuminate\\Database\\Eloquent\\Model->save()
#10 C:\\Users\\mahmo\\Barcody\\vendor\\laravel\\framework\\src\\Illuminate\\Support\\helpers.php(319): Illuminate\\Database\\Eloquent\\Builder->Illuminate\\Database\\Eloquent\\{closure}(Object(App\\Models\\Setting))
#11 C:\\Users\\mahmo\\Barcody\\vendor\\laravel\\framework\\src\\Illuminate\\Database\\Eloquent\\Builder.php(985): tap(Object(App\\Models\\Setting), Object(Closure))
#12 C:\\Users\\mahmo\\Barcody\\vendor\\laravel\\framework\\src\\Illuminate\\Support\\Traits\\ForwardsCalls.php(23): Illuminate\\Database\\Eloquent\\Builder->create(Array)
#13 C:\\Users\\mahmo\\Barcody\\vendor\\laravel\\framework\\src\\Illuminate\\Database\\Eloquent\\Model.php(2330): Illuminate\\Database\\Eloquent\\Model->forwardCallTo(Object(Illuminate\\Database\\Eloquent\\Builder), 'create', Array)
#14 C:\\Users\\mahmo\\Barcody\\vendor\\laravel\\framework\\src\\Illuminate\\Database\\Eloquent\\Model.php(2342): Illuminate\\Database\\Eloquent\\Model->__call('create', Array)
#15 C:\\Users\\mahmo\\Barcody\\app\\Http\\Controllers\\SettingController.php(187): Illuminate\\Database\\Eloquent\\Model::__callStatic('create', Array)
#16 C:\\Users\\mahmo\\Barcody\\vendor\\laravel\\framework\\src\\Illuminate\\Routing\\Controller.php(54): App\\Http\\Controllers\\SettingController->apiStore(Object(Illuminate\\Http\\Request))
#17 C:\\Users\\mahmo\\Barcody\\vendor\\laravel\\framework\\src\\Illuminate\\Routing\\ControllerDispatcher.php(43): Illuminate\\Routing\\Controller->callAction('apiStore', Array)
#18 C:\\Users\\mahmo\\Barcody\\vendor\\laravel\\framework\\src\\Illuminate\\Routing\\Route.php(259): Illuminate\\Routing\\ControllerDispatcher->dispatch(Object(Illuminate\\Routing\\Route), Object(App\\Http\\Controllers\\SettingController), 'apiStore')
#19 C:\\Users\\mahmo\\Barcody\\vendor\\laravel\\framework\\src\\Illuminate\\Routing\\Route.php(205): Illuminate\\Routing\\Route->runController()
#20 C:\\Users\\mahmo\\Barcody\\vendor\\laravel\\framework\\src\\Illuminate\\Routing\\Router.php(798): Illuminate\\Routing\\Route->run()
#21 C:\\Users\\mahmo\\Barcody\\vendor\\laravel\\framework\\src\\Illuminate\\Pipeline\\Pipeline.php(141): Illuminate\\Routing\\Router->Illuminate\\Routing\\{closure}(Object(Illuminate\\Http\\Request))
#22 C:\\Users\\mahmo\\Barcody\\vendor\\laravel\\framework\\src\\Illuminate\\Routing\\Middleware\\SubstituteBindings.php(50): Illuminate\\Pipeline\\Pipeline->Illuminate\\Pipeline\\{closure}(Object(Illuminate\\Http\\Request))
#23 C:\\Users\\mahmo\\Barcody\\vendor\\laravel\\framework\\src\\Illuminate\\Pipeline\\Pipeline.php(180): Illuminate\\Routing\\Middleware\\SubstituteBindings->handle(Object(Illuminate\\Http\\Request), Object(Closure))
#24 C:\\Users\\mahmo\\Barcody\\vendor\\laravel\\framework\\src\\Illuminate\\Routing\\Middleware\\ThrottleRequests.php(126): Illuminate\\Pipeline\\Pipeline->Illuminate\\Pipeline\\{closure}(Object(Illuminate\\Http\\Request))
#25 C:\\Users\\mahmo\\Barcody\\vendor\\laravel\\framework\\src\\Illuminate\\Routing\\Middleware\\ThrottleRequests.php(92): Illuminate\\Routing\\Middleware\\ThrottleRequests->handleRequest(Object(Illuminate\\Http\\Request), Object(Closure), Array)
#26 C:\\Users\\mahmo\\Barcody\\vendor\\laravel\\framework\\src\\Illuminate\\Routing\\Middleware\\ThrottleRequests.php(54): Illuminate\\Routing\\Middleware\\ThrottleRequests->handleRequestUsingNamedLimiter(Object(Illuminate\\Http\\Request), Object(Closure), 'api', Object(Closure))
#27 C:\\Users\\mahmo\\Barcody\\vendor\\laravel\\framework\\src\\Illuminate\\Pipeline\\Pipeline.php(180): Illuminate\\Routing\\Middleware\\ThrottleRequests->handle(Object(Illuminate\\Http\\Request), Object(Closure), 'api')
#28 C:\\Users\\mahmo\\Barcody\\vendor\\laravel\\framework\\src\\Illuminate\\Auth\\Middleware\\Authenticate.php(44): Illuminate\\Pipeline\\Pipeline->Illuminate\\Pipeline\\{closure}(Object(Illuminate\\Http\\Request))
#29 C:\\Users\\mahmo\\Barcody\\vendor\\laravel\\framework\\src\\Illuminate\\Pipeline\\Pipeline.php(180): Illuminate\\Auth\\Middleware\\Authenticate->handle(Object(Illuminate\\Http\\Request), Object(Closure), 'sanctum')
#30 C:\\Users\\mahmo\\Barcody\\vendor\\laravel\\framework\\src\\Illuminate\\Pipeline\\Pipeline.php(116): Illuminate\\Pipeline\\Pipeline->Illuminate\\Pipeline\\{closure}(Object(Illuminate\\Http\\Request))
#31 C:\\Users\\mahmo\\Barcody\\vendor\\laravel\\framework\\src\\Illuminate\\Routing\\Router.php(797): Illuminate\\Pipeline\\Pipeline->then(Object(Closure))
#32 C:\\Users\\mahmo\\Barcody\\vendor\\laravel\\framework\\src\\Illuminate\\Routing\\Router.php(776): Illuminate\\Routing\\Router->runRouteWithinStack(Object(Illuminate\\Routing\\Route), Object(Illuminate\\Http\\Request))
#33 C:\\Users\\mahmo\\Barcody\\vendor\\laravel\\framework\\src\\Illuminate\\Routing\\Router.php(740): Illuminate\\Routing\\Router->runRoute(Object(Illuminate\\Http\\Request), Object(Illuminate\\Routing\\Route))
#34 C:\\Users\\mahmo\\Barcody\\vendor\\laravel\\framework\\src\\Illuminate\\Routing\\Router.php(729): Illuminate\\Routing\\Router->dispatchToRoute(Object(Illuminate\\Http\\Request))
#35 C:\\Users\\mahmo\\Barcody\\vendor\\laravel\\framework\\src\\Illuminate\\Foundation\\Http\\Kernel.php(190): Illuminate\\Routing\\Router->dispatch(Object(Illuminate\\Http\\Request))
#36 C:\\Users\\mahmo\\Barcody\\vendor\\laravel\\framework\\src\\Illuminate\\Pipeline\\Pipeline.php(141): Illuminate\\Foundation\\Http\\Kernel->Illuminate\\Foundation\\Http\\{closure}(Object(Illuminate\\Http\\Request))
#37 C:\\Users\\mahmo\\Barcody\\vendor\\laravel\\framework\\src\\Illuminate\\Foundation\\Http\\Middleware\\TransformsRequest.php(21): Illuminate\\Pipeline\\Pipeline->Illuminate\\Pipeline\\{closure}(Object(Illuminate\\Http\\Request))
#38 C:\\Users\\mahmo\\Barcody\\vendor\\laravel\\framework\\src\\Illuminate\\Foundation\\Http\\Middleware\\ConvertEmptyStringsToNull.php(31): Illuminate\\Foundation\\Http\\Middleware\\TransformsRequest->handle(Object(Illuminate\\Http\\Request), Object(Closure))
#39 C:\\Users\\mahmo\\Barcody\\vendor\\laravel\\framework\\src\\Illuminate\\Pipeline\\Pipeline.php(180): Illuminate\\Foundation\\Http\\Middleware\\ConvertEmptyStringsToNull->handle(Object(Illuminate\\Http\\Request), Object(Closure))
#40 C:\\Users\\mahmo\\Barcody\\vendor\\laravel\\framework\\src\\Illuminate\\Foundation\\Http\\Middleware\\TransformsRequest.php(21): Illuminate\\Pipeline\\Pipeline->Illuminate\\Pipeline\\{closure}(Object(Illuminate\\Http\\Request))
#41 C:\\Users\\mahmo\\Barcody\\vendor\\laravel\\framework\\src\\Illuminate\\Foundation\\Http\\Middleware\\TrimStrings.php(40): Illuminate\\Foundation\\Http\\Middleware\\TransformsRequest->handle(Object(Illuminate\\Http\\Request), Object(Closure))
#42 C:\\Users\\mahmo\\Barcody\\vendor\\laravel\\framework\\src\\Illuminate\\Pipeline\\Pipeline.php(180): Illuminate\\Foundation\\Http\\Middleware\\TrimStrings->handle(Object(Illuminate\\Http\\Request), Object(Closure))
#43 C:\\Users\\mahmo\\Barcody\\vendor\\laravel\\framework\\src\\Illuminate\\Foundation\\Http\\Middleware\\ValidatePostSize.php(27): Illuminate\\Pipeline\\Pipeline->Illuminate\\Pipeline\\{closure}(Object(Illuminate\\Http\\Request))
#44 C:\\Users\\mahmo\\Barcody\\vendor\\laravel\\framework\\src\\Illuminate\\Pipeline\\Pipeline.php(180): Illuminate\\Foundation\\Http\\Middleware\\ValidatePostSize->handle(Object(Illuminate\\Http\\Request), Object(Closure))
#45 C:\\Users\\mahmo\\Barcody\\vendor\\laravel\\framework\\src\\Illuminate\\Foundation\\Http\\Middleware\\PreventRequestsDuringMaintenance.php(86): Illuminate\\Pipeline\\Pipeline->Illuminate\\Pipeline\\{closure}(Object(Illuminate\\Http\\Request))
#46 C:\\Users\\mahmo\\Barcody\\vendor\\laravel\\framework\\src\\Illuminate\\Pipeline\\Pipeline.php(180): Illuminate\\Foundation\\Http\\Middleware\\PreventRequestsDuringMaintenance->handle(Object(Illuminate\\Http\\Request), Object(Closure))
#47 C:\\Users\\mahmo\\Barcody\\vendor\\laravel\\framework\\src\\Illuminate\\Http\\Middleware\\HandleCors.php(62): Illuminate\\Pipeline\\Pipeline->Illuminate\\Pipeline\\{closure}(Object(Illuminate\\Http\\Request))
#48 C:\\Users\\mahmo\\Barcody\\vendor\\laravel\\framework\\src\\Illuminate\\Pipeline\\Pipeline.php(180): Illuminate\\Http\\Middleware\\HandleCors->handle(Object(Illuminate\\Http\\Request), Object(Closure))
#49 C:\\Users\\mahmo\\Barcody\\vendor\\laravel\\framework\\src\\Illuminate\\Http\\Middleware\\TrustProxies.php(39): Illuminate\\Pipeline\\Pipeline->Illuminate\\Pipeline\\{closure}(Object(Illuminate\\Http\\Request))
#50 C:\\Users\\mahmo\\Barcody\\vendor\\laravel\\framework\\src\\Illuminate\\Pipeline\\Pipeline.php(180): Illuminate\\Http\\Middleware\\TrustProxies->handle(Object(Illuminate\\Http\\Request), Object(Closure))
#51 C:\\Users\\mahmo\\Barcody\\vendor\\laravel\\framework\\src\\Illuminate\\Pipeline\\Pipeline.php(116): Illuminate\\Pipeline\\Pipeline->Illuminate\\Pipeline\\{closure}(Object(Illuminate\\Http\\Request))
#52 C:\\Users\\mahmo\\Barcody\\vendor\\laravel\\framework\\src\\Illuminate\\Foundation\\Http\\Kernel.php(165): Illuminate\\Pipeline\\Pipeline->then(Object(Closure))
#53 C:\\Users\\mahmo\\Barcody\\vendor\\laravel\\framework\\src\\Illuminate\\Foundation\\Http\\Kernel.php(134): Illuminate\\Foundation\\Http\\Kernel->sendRequestThroughRouter(Object(Illuminate\\Http\\Request))
#54 C:\\Users\\mahmo\\Barcody\\public\\index.php(51): Illuminate\\Foundation\\Http\\Kernel->handle(Object(Illuminate\\Http\\Request))
#55 C:\\Users\\mahmo\\Barcody\\vendor\\laravel\\framework\\src\\Illuminate\\Foundation\\resources\\server.php(16): require_once('C:\\\\Users\\\\mahmo\\\\...')
#56 {main}

[previous exception] [object] (PDOException(code: 42S22): SQLSTATE[42S22]: Column not found: 1054 Unknown column 'name' in 'field list' at C:\\Users\\mahmo\\Barcody\\vendor\\laravel\\framework\\src\\Illuminate\\Database\\Connection.php:539)
[stacktrace]
#0 C:\\Users\\mahmo\\Barcody\\vendor\\laravel\\framework\\src\\Illuminate\\Database\\Connection.php(539): PDO->prepare('insert into `se...')
#1 C:\\Users\\mahmo\\Barcody\\vendor\\laravel\\framework\\src\\Illuminate\\Database\\Connection.php(753): Illuminate\\Database\\Connection->Illuminate\\Database\\{closure}('insert into `se...', Array)
#2 C:\\Users\\mahmo\\Barcody\\vendor\\laravel\\framework\\src\\Illuminate\\Database\\Connection.php(720): Illuminate\\Database\\Connection->runQueryCallback('insert into `se...', Array, Object(Closure))
#3 C:\\Users\\mahmo\\Barcody\\vendor\\laravel\\framework\\src\\Illuminate\\Database\\Connection.php(534): Illuminate\\Database\\Connection->run('insert into `se...', Array, Object(Closure))
#4 C:\\Users\\mahmo\\Barcody\\vendor\\laravel\\framework\\src\\Illuminate\\Database\\Connection.php(498): Illuminate\\Database\\Connection->statement('insert into `se...', Array)
#5 C:\\Users\\mahmo\\Barcody\\vendor\\laravel\\framework\\src\\Illuminate\\Database\\Query\\Processors\\Processor.php(32): Illuminate\\Database\\Connection->insert('insert into `se...', Array)
#6 C:\\Users\\mahmo\\Barcody\\vendor\\laravel\\framework\\src\\Illuminate\\Database\\Query\\Builder.php(3322): Illuminate\\Database\\Query\\Processors\\Processor->processInsertGetId(Object(Illuminate\\Database\\Query\\Builder), 'insert into `se...', Array, 'id')
#7 C:\\Users\\mahmo\\Barcody\\vendor\\laravel\\framework\\src\\Illuminate\\Database\\Eloquent\\Builder.php(1869): Illuminate\\Database\\Query\\Builder->insertGetId(Array, 'id')
#8 C:\\Users\\mahmo\\Barcody\\vendor\\laravel\\framework\\src\\Illuminate\\Database\\Eloquent\\Model.php(1330): Illuminate\\Database\\Eloquent\\Builder->__call('insertGetId', Array)
#9 C:\\Users\\mahmo\\Barcody\\vendor\\laravel\\framework\\src\\Illuminate\\Database\\Eloquent\\Model.php(1295): Illuminate\\Database\\Eloquent\\Model->insertAndSetId(Object(Illuminate\\Database\\Eloquent\\Builder), Array)
#10 C:\\Users\\mahmo\\Barcody\\vendor\\laravel\\framework\\src\\Illuminate\\Database\\Eloquent\\Model.php(1138): Illuminate\\Database\\Eloquent\\Model->performInsert(Object(Illuminate\\Database\\Eloquent\\Builder))
#11 C:\\Users\\mahmo\\Barcody\\vendor\\laravel\\framework\\src\\Illuminate\\Database\\Eloquent\\Builder.php(986): Illuminate\\Database\\Eloquent\\Model->save()
#12 C:\\Users\\mahmo\\Barcody\\vendor\\laravel\\framework\\src\\Illuminate\\Support\\helpers.php(319): Illuminate\\Database\\Eloquent\\Builder->Illuminate\\Database\\Eloquent\\{closure}(Object(App\\Models\\Setting))
#13 C:\\Users\\mahmo\\Barcody\\vendor\\laravel\\framework\\src\\Illuminate\\Database\\Eloquent\\Builder.php(985): tap(Object(App\\Models\\Setting), Object(Closure))
#14 C:\\Users\\mahmo\\Barcody\\vendor\\laravel\\framework\\src\\Illuminate\\Support\\Traits\\ForwardsCalls.php(23): Illuminate\\Database\\Eloquent\\Builder->create(Array)
#15 C:\\Users\\mahmo\\Barcody\\vendor\\laravel\\framework\\src\\Illuminate\\Database\\Eloquent\\Model.php(2330): Illuminate\\Database\\Eloquent\\Model->forwardCallTo(Object(Illuminate\\Database\\Eloquent\\Builder), 'create', Array)
#16 C:\\Users\\mahmo\\Barcody\\vendor\\laravel\\framework\\src\\Illuminate\\Database\\Eloquent\\Model.php(2342): Illuminate\\Database\\Eloquent\\Model->__call('create', Array)
#17 C:\\Users\\mahmo\\Barcody\\app\\Http\\Controllers\\SettingController.php(187): Illuminate\\Database\\Eloquent\\Model::__callStatic('create', Array)
#18 C:\\Users\\mahmo\\Barcody\\vendor\\laravel\\framework\\src\\Illuminate\\Routing\\Controller.php(54): App\\Http\\Controllers\\SettingController->apiStore(Object(Illuminate\\Http\\Request))
#19 C:\\Users\\mahmo\\Barcody\\vendor\\laravel\\framework\\src\\Illuminate\\Routing\\ControllerDispatcher.php(43): Illuminate\\Routing\\Controller->callAction('apiStore', Array)
#20 C:\\Users\\mahmo\\Barcody\\vendor\\laravel\\framework\\src\\Illuminate\\Routing\\Route.php(259): Illuminate\\Routing\\ControllerDispatcher->dispatch(Object(Illuminate\\Routing\\Route), Object(App\\Http\\Controllers\\SettingController), 'apiStore')
#21 C:\\Users\\mahmo\\Barcody\\vendor\\laravel\\framework\\src\\Illuminate\\Routing\\Route.php(205): Illuminate\\Routing\\Route->runController()
#22 C:\\Users\\mahmo\\Barcody\\vendor\\laravel\\framework\\src\\Illuminate\\Routing\\Router.php(798): Illuminate\\Routing\\Route->run()
#23 C:\\Users\\mahmo\\Barcody\\vendor\\laravel\\framework\\src\\Illuminate\\Pipeline\\Pipeline.php(141): Illuminate\\Routing\\Router->Illuminate\\Routing\\{closure}(Object(Illuminate\\Http\\Request))
#24 C:\\Users\\mahmo\\Barcody\\vendor\\laravel\\framework\\src\\Illuminate\\Routing\\Middleware\\SubstituteBindings.php(50): Illuminate\\Pipeline\\Pipeline->Illuminate\\Pipeline\\{closure}(Object(Illuminate\\Http\\Request))
#25 C:\\Users\\mahmo\\Barcody\\vendor\\laravel\\framework\\src\\Illuminate\\Pipeline\\Pipeline.php(180): Illuminate\\Routing\\Middleware\\SubstituteBindings->handle(Object(Illuminate\\Http\\Request), Object(Closure))
#26 C:\\Users\\mahmo\\Barcody\\vendor\\laravel\\framework\\src\\Illuminate\\Routing\\Middleware\\ThrottleRequests.php(126): Illuminate\\Pipeline\\Pipeline->Illuminate\\Pipeline\\{closure}(Object(Illuminate\\Http\\Request))
#27 C:\\Users\\mahmo\\Barcody\\vendor\\laravel\\framework\\src\\Illuminate\\Routing\\Middleware\\ThrottleRequests.php(92): Illuminate\\Routing\\Middleware\\ThrottleRequests->handleRequest(Object(Illuminate\\Http\\Request), Object(Closure), Array)
#28 C:\\Users\\mahmo\\Barcody\\vendor\\laravel\\framework\\src\\Illuminate\\Routing\\Middleware\\ThrottleRequests.php(54): Illuminate\\Routing\\Middleware\\ThrottleRequests->handleRequestUsingNamedLimiter(Object(Illuminate\\Http\\Request), Object(Closure), 'api', Object(Closure))
#29 C:\\Users\\mahmo\\Barcody\\vendor\\laravel\\framework\\src\\Illuminate\\Pipeline\\Pipeline.php(180): Illuminate\\Routing\\Middleware\\ThrottleRequests->handle(Object(Illuminate\\Http\\Request), Object(Closure), 'api')
#30 C:\\Users\\mahmo\\Barcody\\vendor\\laravel\\framework\\src\\Illuminate\\Auth\\Middleware\\Authenticate.php(44): Illuminate\\Pipeline\\Pipeline->Illuminate\\Pipeline\\{closure}(Object(Illuminate\\Http\\Request))
#31 C:\\Users\\mahmo\\Barcody\\vendor\\laravel\\framework\\src\\Illuminate\\Pipeline\\Pipeline.php(180): Illuminate\\Auth\\Middleware\\Authenticate->handle(Object(Illuminate\\Http\\Request), Object(Closure), 'sanctum')
#32 C:\\Users\\mahmo\\Barcody\\vendor\\laravel\\framework\\src\\Illuminate\\Pipeline\\Pipeline.php(116): Illuminate\\Pipeline\\Pipeline->Illuminate\\Pipeline\\{closure}(Object(Illuminate\\Http\\Request))
#33 C:\\Users\\mahmo\\Barcody\\vendor\\laravel\\framework\\src\\Illuminate\\Routing\\Router.php(797): Illuminate\\Pipeline\\Pipeline->then(Object(Closure))
#34 C:\\Users\\mahmo\\Barcody\\vendor\\laravel\\framework\\src\\Illuminate\\Routing\\Router.php(776): Illuminate\\Routing\\Router->runRouteWithinStack(Object(Illuminate\\Routing\\Route), Object(Illuminate\\Http\\Request))
#35 C:\\Users\\mahmo\\Barcody\\vendor\\laravel\\framework\\src\\Illuminate\\Routing\\Router.php(740): Illuminate\\Routing\\Router->runRoute(Object(Illuminate\\Http\\Request), Object(Illuminate\\Routing\\Route))
#36 C:\\Users\\mahmo\\Barcody\\vendor\\laravel\\framework\\src\\Illuminate\\Routing\\Router.php(729): Illuminate\\Routing\\Router->dispatchToRoute(Object(Illuminate\\Http\\Request))
#37 C:\\Users\\mahmo\\Barcody\\vendor\\laravel\\framework\\src\\Illuminate\\Foundation\\Http\\Kernel.php(190): Illuminate\\Routing\\Router->dispatch(Object(Illuminate\\Http\\Request))
#38 C:\\Users\\mahmo\\Barcody\\vendor\\laravel\\framework\\src\\Illuminate\\Pipeline\\Pipeline.php(141): Illuminate\\Foundation\\Http\\Kernel->Illuminate\\Foundation\\Http\\{closure}(Object(Illuminate\\Http\\Request))
#39 C:\\Users\\mahmo\\Barcody\\vendor\\laravel\\framework\\src\\Illuminate\\Foundation\\Http\\Middleware\\TransformsRequest.php(21): Illuminate\\Pipeline\\Pipeline->Illuminate\\Pipeline\\{closure}(Object(Illuminate\\Http\\Request))
#40 C:\\Users\\mahmo\\Barcody\\vendor\\laravel\\framework\\src\\Illuminate\\Foundation\\Http\\Middleware\\ConvertEmptyStringsToNull.php(31): Illuminate\\Foundation\\Http\\Middleware\\TransformsRequest->handle(Object(Illuminate\\Http\\Request), Object(Closure))
#41 C:\\Users\\mahmo\\Barcody\\vendor\\laravel\\framework\\src\\Illuminate\\Pipeline\\Pipeline.php(180): Illuminate\\Foundation\\Http\\Middleware\\ConvertEmptyStringsToNull->handle(Object(Illuminate\\Http\\Request), Object(Closure))
#42 C:\\Users\\mahmo\\Barcody\\vendor\\laravel\\framework\\src\\Illuminate\\Foundation\\Http\\Middleware\\TransformsRequest.php(21): Illuminate\\Pipeline\\Pipeline->Illuminate\\Pipeline\\{closure}(Object(Illuminate\\Http\\Request))
#43 C:\\Users\\mahmo\\Barcody\\vendor\\laravel\\framework\\src\\Illuminate\\Foundation\\Http\\Middleware\\TrimStrings.php(40): Illuminate\\Foundation\\Http\\Middleware\\TransformsRequest->handle(Object(Illuminate\\Http\\Request), Object(Closure))
#44 C:\\Users\\mahmo\\Barcody\\vendor\\laravel\\framework\\src\\Illuminate\\Pipeline\\Pipeline.php(180): Illuminate\\Foundation\\Http\\Middleware\\TrimStrings->handle(Object(Illuminate\\Http\\Request), Object(Closure))
#45 C:\\Users\\mahmo\\Barcody\\vendor\\laravel\\framework\\src\\Illuminate\\Foundation\\Http\\Middleware\\ValidatePostSize.php(27): Illuminate\\Pipeline\\Pipeline->Illuminate\\Pipeline\\{closure}(Object(Illuminate\\Http\\Request))
#46 C:\\Users\\mahmo\\Barcody\\vendor\\laravel\\framework\\src\\Illuminate\\Pipeline\\Pipeline.php(180): Illuminate\\Foundation\\Http\\Middleware\\ValidatePostSize->handle(Object(Illuminate\\Http\\Request), Object(Closure))
#47 C:\\Users\\mahmo\\Barcody\\vendor\\laravel\\framework\\src\\Illuminate\\Foundation\\Http\\Middleware\\PreventRequestsDuringMaintenance.php(86): Illuminate\\Pipeline\\Pipeline->Illuminate\\Pipeline\\{closure}(Object(Illuminate\\Http\\Request))
#48 C:\\Users\\mahmo\\Barcody\\vendor\\laravel\\framework\\src\\Illuminate\\Pipeline\\Pipeline.php(180): Illuminate\\Foundation\\Http\\Middleware\\PreventRequestsDuringMaintenance->handle(Object(Illuminate\\Http\\Request), Object(Closure))
#49 C:\\Users\\mahmo\\Barcody\\vendor\\laravel\\framework\\src\\Illuminate\\Http\\Middleware\\HandleCors.php(62): Illuminate\\Pipeline\\Pipeline->Illuminate\\Pipeline\\{closure}(Object(Illuminate\\Http\\Request))
#50 C:\\Users\\mahmo\\Barcody\\vendor\\laravel\\framework\\src\\Illuminate\\Pipeline\\Pipeline.php(180): Illuminate\\Http\\Middleware\\HandleCors->handle(Object(Illuminate\\Http\\Request), Object(Closure))
#51 C:\\Users\\mahmo\\Barcody\\vendor\\laravel\\framework\\src\\Illuminate\\Http\\Middleware\\TrustProxies.php(39): Illuminate\\Pipeline\\Pipeline->Illuminate\\Pipeline\\{closure}(Object(Illuminate\\Http\\Request))
#52 C:\\Users\\mahmo\\Barcody\\vendor\\laravel\\framework\\src\\Illuminate\\Pipeline\\Pipeline.php(180): Illuminate\\Http\\Middleware\\TrustProxies->handle(Object(Illuminate\\Http\\Request), Object(Closure))
#53 C:\\Users\\mahmo\\Barcody\\vendor\\laravel\\framework\\src\\Illuminate\\Pipeline\\Pipeline.php(116): Illuminate\\Pipeline\\Pipeline->Illuminate\\Pipeline\\{closure}(Object(Illuminate\\Http\\Request))
#54 C:\\Users\\mahmo\\Barcody\\vendor\\laravel\\framework\\src\\Illuminate\\Foundation\\Http\\Kernel.php(165): Illuminate\\Pipeline\\Pipeline->then(Object(Closure))
#55 C:\\Users\\mahmo\\Barcody\\vendor\\laravel\\framework\\src\\Illuminate\\Foundation\\Http\\Kernel.php(134): Illuminate\\Foundation\\Http\\Kernel->sendRequestThroughRouter(Object(Illuminate\\Http\\Request))
#56 C:\\Users\\mahmo\\Barcody\\public\\index.php(51): Illuminate\\Foundation\\Http\\Kernel->handle(Object(Illuminate\\Http\\Request))
#57 C:\\Users\\mahmo\\Barcody\\vendor\\laravel\\framework\\src\\Illuminate\\Foundation\\resources\\server.php(16): require_once('C:\\\\Users\\\\mahmo\\\\...')
#58 {main}
"} 
