[2026-05-31 21:35:55] local.ERROR: Failed to send OTP {"error":"WhatsApp API key not configured","phone":"966500000099","trace":"#0 C:\\Users\\mahmo\\Barcody\\app\\Http\\Controllers\\UserauthController.php(246): App\\Http\\Controllers\\UserauthController->sendWhatsappOTP('966500000099', 116194)
#1 C:\\Users\\mahmo\\Barcody\\vendor\\laravel\\framework\\src\\Illuminate\\Routing\\Controller.php(54): App\\Http\\Controllers\\UserauthController->registerApi(Object(Illuminate\\Http\\Request))
#2 C:\\Users\\mahmo\\Barcody\\vendor\\laravel\\framework\\src\\Illuminate\\Routing\\ControllerDispatcher.php(43): Illuminate\\Routing\\Controller->callAction('registerApi', Array)
#3 C:\\Users\\mahmo\\Barcody\\vendor\\laravel\\framework\\src\\Illuminate\\Routing\\Route.php(259): Illuminate\\Routing\\ControllerDispatcher->dispatch(Object(Illuminate\\Routing\\Route), Object(App\\Http\\Controllers\\UserauthController), 'registerApi')
#4 C:\\Users\\mahmo\\Barcody\\vendor\\laravel\\framework\\src\\Illuminate\\Routing\\Route.php(205): Illuminate\\Routing\\Route->runController()
#5 C:\\Users\\mahmo\\Barcody\\vendor\\laravel\\framework\\src\\Illuminate\\Routing\\Router.php(798): Illuminate\\Routing\\Route->run()
#6 C:\\Users\\mahmo\\Barcody\\vendor\\laravel\\framework\\src\\Illuminate\\Pipeline\\Pipeline.php(141): Illuminate\\Routing\\Router->Illuminate\\Routing\\{closure}(Object(Illuminate\\Http\\Request))
#7 C:\\Users\\mahmo\\Barcody\\vendor\\laravel\\framework\\src\\Illuminate\\Routing\\Middleware\\SubstituteBindings.php(50): Illuminate\\Pipeline\\Pipeline->Illuminate\\Pipeline\\{closure}(Object(Illuminate\\Http\\Request))
#8 C:\\Users\\mahmo\\Barcody\\vendor\\laravel\\framework\\src\\Illuminate\\Pipeline\\Pipeline.php(180): Illuminate\\Routing\\Middleware\\SubstituteBindings->handle(Object(Illuminate\\Http\\Request), Object(Closure))
#9 C:\\Users\\mahmo\\Barcody\\vendor\\laravel\\framework\\src\\Illuminate\\Routing\\Middleware\\ThrottleRequests.php(126): Illuminate\\Pipeline\\Pipeline->Illuminate\\Pipeline\\{closure}(Object(Illuminate\\Http\\Request))
#10 C:\\Users\\mahmo\\Barcody\\vendor\\laravel\\framework\\src\\Illuminate\\Routing\\Middleware\\ThrottleRequests.php(92): Illuminate\\Routing\\Middleware\\ThrottleRequests->handleRequest(Object(Illuminate\\Http\\Request), Object(Closure), Array)
#11 C:\\Users\\mahmo\\Barcody\\vendor\\laravel\\framework\\src\\Illuminate\\Routing\\Middleware\\ThrottleRequests.php(54): Illuminate\\Routing\\Middleware\\ThrottleRequests->handleRequestUsingNamedLimiter(Object(Illuminate\\Http\\Request), Object(Closure), 'api', Object(Closure))
#12 C:\\Users\\mahmo\\Barcody\\vendor\\laravel\\framework\\src\\Illuminate\\Pipeline\\Pipeline.php(180): Illuminate\\Routing\\Middleware\\ThrottleRequests->handle(Object(Illuminate\\Http\\Request), Object(Closure), 'api')
#13 C:\\Users\\mahmo\\Barcody\\vendor\\laravel\\framework\\src\\Illuminate\\Pipeline\\Pipeline.php(116): Illuminate\\Pipeline\\Pipeline->Illuminate\\Pipeline\\{closure}(Object(Illuminate\\Http\\Request))
#14 C:\\Users\\mahmo\\Barcody\\vendor\\laravel\\framework\\src\\Illuminate\\Routing\\Router.php(797): Illuminate\\Pipeline\\Pipeline->then(Object(Closure))
#15 C:\\Users\\mahmo\\Barcody\\vendor\\laravel\\framework\\src\\Illuminate\\Routing\\Router.php(776): Illuminate\\Routing\\Router->runRouteWithinStack(Object(Illuminate\\Routing\\Route), Object(Illuminate\\Http\\Request))
#16 C:\\Users\\mahmo\\Barcody\\vendor\\laravel\\framework\\src\\Illuminate\\Routing\\Router.php(740): Illuminate\\Routing\\Router->runRoute(Object(Illuminate\\Http\\Request), Object(Illuminate\\Routing\\Route))
#17 C:\\Users\\mahmo\\Barcody\\vendor\\laravel\\framework\\src\\Illuminate\\Routing\\Router.php(729): Illuminate\\Routing\\Router->dispatchToRoute(Object(Illuminate\\Http\\Request))
#18 C:\\Users\\mahmo\\Barcody\\vendor\\laravel\\framework\\src\\Illuminate\\Foundation\\Http\\Kernel.php(190): Illuminate\\Routing\\Router->dispatch(Object(Illuminate\\Http\\Request))
#19 C:\\Users\\mahmo\\Barcody\\vendor\\laravel\\framework\\src\\Illuminate\\Pipeline\\Pipeline.php(141): Illuminate\\Foundation\\Http\\Kernel->Illuminate\\Foundation\\Http\\{closure}(Object(Illuminate\\Http\\Request))
#20 C:\\Users\\mahmo\\Barcody\\vendor\\laravel\\framework\\src\\Illuminate\\Foundation\\Http\\Middleware\\TransformsRequest.php(21): Illuminate\\Pipeline\\Pipeline->Illuminate\\Pipeline\\{closure}(Object(Illuminate\\Http\\Request))
#21 C:\\Users\\mahmo\\Barcody\\vendor\\laravel\\framework\\src\\Illuminate\\Foundation\\Http\\Middleware\\ConvertEmptyStringsToNull.php(31): Illuminate\\Foundation\\Http\\Middleware\\TransformsRequest->handle(Object(Illuminate\\Http\\Request), Object(Closure))
#22 C:\\Users\\mahmo\\Barcody\\vendor\\laravel\\framework\\src\\Illuminate\\Pipeline\\Pipeline.php(180): Illuminate\\Foundation\\Http\\Middleware\\ConvertEmptyStringsToNull->handle(Object(Illuminate\\Http\\Request), Object(Closure))
#23 C:\\Users\\mahmo\\Barcody\\vendor\\laravel\\framework\\src\\Illuminate\\Foundation\\Http\\Middleware\\TransformsRequest.php(21): Illuminate\\Pipeline\\Pipeline->Illuminate\\Pipeline\\{closure}(Object(Illuminate\\Http\\Request))
#24 C:\\Users\\mahmo\\Barcody\\vendor\\laravel\\framework\\src\\Illuminate\\Foundation\\Http\\Middleware\\TrimStrings.php(40): Illuminate\\Foundation\\Http\\Middleware\\TransformsRequest->handle(Object(Illuminate\\Http\\Request), Object(Closure))
#25 C:\\Users\\mahmo\\Barcody\\vendor\\laravel\\framework\\src\\Illuminate\\Pipeline\\Pipeline.php(180): Illuminate\\Foundation\\Http\\Middleware\\TrimStrings->handle(Object(Illuminate\\Http\\Request), Object(Closure))
#26 C:\\Users\\mahmo\\Barcody\\vendor\\laravel\\framework\\src\\Illuminate\\Foundation\\Http\\Middleware\\ValidatePostSize.php(27): Illuminate\\Pipeline\\Pipeline->Illuminate\\Pipeline\\{closure}(Object(Illuminate\\Http\\Request))
#27 C:\\Users\\mahmo\\Barcody\\vendor\\laravel\\framework\\src\\Illuminate\\Pipeline\\Pipeline.php(180): Illuminate\\Foundation\\Http\\Middleware\\ValidatePostSize->handle(Object(Illuminate\\Http\\Request), Object(Closure))
#28 C:\\Users\\mahmo\\Barcody\\vendor\\laravel\\framework\\src\\Illuminate\\Foundation\\Http\\Middleware\\PreventRequestsDuringMaintenance.php(86): Illuminate\\Pipeline\\Pipeline->Illuminate\\Pipeline\\{closure}(Object(Illuminate\\Http\\Request))
#29 C:\\Users\\mahmo\\Barcody\\vendor\\laravel\\framework\\src\\Illuminate\\Pipeline\\Pipeline.php(180): Illuminate\\Foundation\\Http\\Middleware\\PreventRequestsDuringMaintenance->handle(Object(Illuminate\\Http\\Request), Object(Closure))
#30 C:\\Users\\mahmo\\Barcody\\vendor\\laravel\\framework\\src\\Illuminate\\Http\\Middleware\\HandleCors.php(62): Illuminate\\Pipeline\\Pipeline->Illuminate\\Pipeline\\{closure}(Object(Illuminate\\Http\\Request))
#31 C:\\Users\\mahmo\\Barcody\\vendor\\laravel\\framework\\src\\Illuminate\\Pipeline\\Pipeline.php(180): Illuminate\\Http\\Middleware\\HandleCors->handle(Object(Illuminate\\Http\\Request), Object(Closure))
#32 C:\\Users\\mahmo\\Barcody\\vendor\\laravel\\framework\\src\\Illuminate\\Http\\Middleware\\TrustProxies.php(39): Illuminate\\Pipeline\\Pipeline->Illuminate\\Pipeline\\{closure}(Object(Illuminate\\Http\\Request))
#33 C:\\Users\\mahmo\\Barcody\\vendor\\laravel\\framework\\src\\Illuminate\\Pipeline\\Pipeline.php(180): Illuminate\\Http\\Middleware\\TrustProxies->handle(Object(Illuminate\\Http\\Request), Object(Closure))
#34 C:\\Users\\mahmo\\Barcody\\vendor\\laravel\\framework\\src\\Illuminate\\Pipeline\\Pipeline.php(116): Illuminate\\Pipeline\\Pipeline->Illuminate\\Pipeline\\{closure}(Object(Illuminate\\Http\\Request))
#35 C:\\Users\\mahmo\\Barcody\\vendor\\laravel\\framework\\src\\Illuminate\\Foundation\\Http\\Kernel.php(165): Illuminate\\Pipeline\\Pipeline->then(Object(Closure))
#36 C:\\Users\\mahmo\\Barcody\\vendor\\laravel\\framework\\src\\Illuminate\\Foundation\\Http\\Kernel.php(134): Illuminate\\Foundation\\Http\\Kernel->sendRequestThroughRouter(Object(Illuminate\\Http\\Request))
#37 C:\\Users\\mahmo\\Barcody\\public\\index.php(51): Illuminate\\Foundation\\Http\\Kernel->handle(Object(Illuminate\\Http\\Request))
#38 C:\\Users\\mahmo\\Barcody\\vendor\\laravel\\framework\\src\\Illuminate\\Foundation\\resources\\server.php(16): require_once('C:\\\\Users\\\\mahmo\\\\...')
#39 {main}"} 
[2026-05-31 21:35:55] local.ERROR: Failed to send OTP {"error":"WhatsApp API key not configured","phone":"966500000099","trace":"#0 C:\\Users\\mahmo\\Barcody\\app\\Http\\Controllers\\UserauthController.php(431): App\\Http\\Controllers\\UserauthController->sendWhatsappOTP('966500000099', 127190)
#1 C:\\Users\\mahmo\\Barcody\\vendor\\laravel\\framework\\src\\Illuminate\\Routing\\Controller.php(54): App\\Http\\Controllers\\UserauthController->loginApi(Object(Illuminate\\Http\\Request))
#2 C:\\Users\\mahmo\\Barcody\\vendor\\laravel\\framework\\src\\Illuminate\\Routing\\ControllerDispatcher.php(43): Illuminate\\Routing\\Controller->callAction('loginApi', Array)
#3 C:\\Users\\mahmo\\Barcody\\vendor\\laravel\\framework\\src\\Illuminate\\Routing\\Route.php(259): Illuminate\\Routing\\ControllerDispatcher->dispatch(Object(Illuminate\\Routing\\Route), Object(App\\Http\\Controllers\\UserauthController), 'loginApi')
#4 C:\\Users\\mahmo\\Barcody\\vendor\\laravel\\framework\\src\\Illuminate\\Routing\\Route.php(205): Illuminate\\Routing\\Route->runController()
#5 C:\\Users\\mahmo\\Barcody\\vendor\\laravel\\framework\\src\\Illuminate\\Routing\\Router.php(798): Illuminate\\Routing\\Route->run()
#6 C:\\Users\\mahmo\\Barcody\\vendor\\laravel\\framework\\src\\Illuminate\\Pipeline\\Pipeline.php(141): Illuminate\\Routing\\Router->Illuminate\\Routing\\{closure}(Object(Illuminate\\Http\\Request))
#7 C:\\Users\\mahmo\\Barcody\\vendor\\laravel\\framework\\src\\Illuminate\\Routing\\Middleware\\SubstituteBindings.php(50): Illuminate\\Pipeline\\Pipeline->Illuminate\\Pipeline\\{closure}(Object(Illuminate\\Http\\Request))
#8 C:\\Users\\mahmo\\Barcody\\vendor\\laravel\\framework\\src\\Illuminate\\Pipeline\\Pipeline.php(180): Illuminate\\Routing\\Middleware\\SubstituteBindings->handle(Object(Illuminate\\Http\\Request), Object(Closure))
#9 C:\\Users\\mahmo\\Barcody\\vendor\\laravel\\framework\\src\\Illuminate\\Routing\\Middleware\\ThrottleRequests.php(126): Illuminate\\Pipeline\\Pipeline->Illuminate\\Pipeline\\{closure}(Object(Illuminate\\Http\\Request))
#10 C:\\Users\\mahmo\\Barcody\\vendor\\laravel\\framework\\src\\Illuminate\\Routing\\Middleware\\ThrottleRequests.php(92): Illuminate\\Routing\\Middleware\\ThrottleRequests->handleRequest(Object(Illuminate\\Http\\Request), Object(Closure), Array)
#11 C:\\Users\\mahmo\\Barcody\\vendor\\laravel\\framework\\src\\Illuminate\\Routing\\Middleware\\ThrottleRequests.php(54): Illuminate\\Routing\\Middleware\\ThrottleRequests->handleRequestUsingNamedLimiter(Object(Illuminate\\Http\\Request), Object(Closure), 'api', Object(Closure))
#12 C:\\Users\\mahmo\\Barcody\\vendor\\laravel\\framework\\src\\Illuminate\\Pipeline\\Pipeline.php(180): Illuminate\\Routing\\Middleware\\ThrottleRequests->handle(Object(Illuminate\\Http\\Request), Object(Closure), 'api')
#13 C:\\Users\\mahmo\\Barcody\\vendor\\laravel\\framework\\src\\Illuminate\\Pipeline\\Pipeline.php(116): Illuminate\\Pipeline\\Pipeline->Illuminate\\Pipeline\\{closure}(Object(Illuminate\\Http\\Request))
#14 C:\\Users\\mahmo\\Barcody\\vendor\\laravel\\framework\\src\\Illuminate\\Routing\\Router.php(797): Illuminate\\Pipeline\\Pipeline->then(Object(Closure))
#15 C:\\Users\\mahmo\\Barcody\\vendor\\laravel\\framework\\src\\Illuminate\\Routing\\Router.php(776): Illuminate\\Routing\\Router->runRouteWithinStack(Object(Illuminate\\Routing\\Route), Object(Illuminate\\Http\\Request))
#16 C:\\Users\\mahmo\\Barcody\\vendor\\laravel\\framework\\src\\Illuminate\\Routing\\Router.php(740): Illuminate\\Routing\\Router->runRoute(Object(Illuminate\\Http\\Request), Object(Illuminate\\Routing\\Route))
#17 C:\\Users\\mahmo\\Barcody\\vendor\\laravel\\framework\\src\\Illuminate\\Routing\\Router.php(729): Illuminate\\Routing\\Router->dispatchToRoute(Object(Illuminate\\Http\\Request))
#18 C:\\Users\\mahmo\\Barcody\\vendor\\laravel\\framework\\src\\Illuminate\\Foundation\\Http\\Kernel.php(190): Illuminate\\Routing\\Router->dispatch(Object(Illuminate\\Http\\Request))
#19 C:\\Users\\mahmo\\Barcody\\vendor\\laravel\\framework\\src\\Illuminate\\Pipeline\\Pipeline.php(141): Illuminate\\Foundation\\Http\\Kernel->Illuminate\\Foundation\\Http\\{closure}(Object(Illuminate\\Http\\Request))
#20 C:\\Users\\mahmo\\Barcody\\vendor\\laravel\\framework\\src\\Illuminate\\Foundation\\Http\\Middleware\\TransformsRequest.php(21): Illuminate\\Pipeline\\Pipeline->Illuminate\\Pipeline\\{closure}(Object(Illuminate\\Http\\Request))
#21 C:\\Users\\mahmo\\Barcody\\vendor\\laravel\\framework\\src\\Illuminate\\Foundation\\Http\\Middleware\\ConvertEmptyStringsToNull.php(31): Illuminate\\Foundation\\Http\\Middleware\\TransformsRequest->handle(Object(Illuminate\\Http\\Request), Object(Closure))
#22 C:\\Users\\mahmo\\Barcody\\vendor\\laravel\\framework\\src\\Illuminate\\Pipeline\\Pipeline.php(180): Illuminate\\Foundation\\Http\\Middleware\\ConvertEmptyStringsToNull->handle(Object(Illuminate\\Http\\Request), Object(Closure))
#23 C:\\Users\\mahmo\\Barcody\\vendor\\laravel\\framework\\src\\Illuminate\\Foundation\\Http\\Middleware\\TransformsRequest.php(21): Illuminate\\Pipeline\\Pipeline->Illuminate\\Pipeline\\{closure}(Object(Illuminate\\Http\\Request))
#24 C:\\Users\\mahmo\\Barcody\\vendor\\laravel\\framework\\src\\Illuminate\\Foundation\\Http\\Middleware\\TrimStrings.php(40): Illuminate\\Foundation\\Http\\Middleware\\TransformsRequest->handle(Object(Illuminate\\Http\\Request), Object(Closure))
#25 C:\\Users\\mahmo\\Barcody\\vendor\\laravel\\framework\\src\\Illuminate\\Pipeline\\Pipeline.php(180): Illuminate\\Foundation\\Http\\Middleware\\TrimStrings->handle(Object(Illuminate\\Http\\Request), Object(Closure))
#26 C:\\Users\\mahmo\\Barcody\\vendor\\laravel\\framework\\src\\Illuminate\\Foundation\\Http\\Middleware\\ValidatePostSize.php(27): Illuminate\\Pipeline\\Pipeline->Illuminate\\Pipeline\\{closure}(Object(Illuminate\\Http\\Request))
#27 C:\\Users\\mahmo\\Barcody\\vendor\\laravel\\framework\\src\\Illuminate\\Pipeline\\Pipeline.php(180): Illuminate\\Foundation\\Http\\Middleware\\ValidatePostSize->handle(Object(Illuminate\\Http\\Request), Object(Closure))
#28 C:\\Users\\mahmo\\Barcody\\vendor\\laravel\\framework\\src\\Illuminate\\Foundation\\Http\\Middleware\\PreventRequestsDuringMaintenance.php(86): Illuminate\\Pipeline\\Pipeline->Illuminate\\Pipeline\\{closure}(Object(Illuminate\\Http\\Request))
#29 C:\\Users\\mahmo\\Barcody\\vendor\\laravel\\framework\\src\\Illuminate\\Pipeline\\Pipeline.php(180): Illuminate\\Foundation\\Http\\Middleware\\PreventRequestsDuringMaintenance->handle(Object(Illuminate\\Http\\Request), Object(Closure))
#30 C:\\Users\\mahmo\\Barcody\\vendor\\laravel\\framework\\src\\Illuminate\\Http\\Middleware\\HandleCors.php(62): Illuminate\\Pipeline\\Pipeline->Illuminate\\Pipeline\\{closure}(Object(Illuminate\\Http\\Request))
#31 C:\\Users\\mahmo\\Barcody\\vendor\\laravel\\framework\\src\\Illuminate\\Pipeline\\Pipeline.php(180): Illuminate\\Http\\Middleware\\HandleCors->handle(Object(Illuminate\\Http\\Request), Object(Closure))
#32 C:\\Users\\mahmo\\Barcody\\vendor\\laravel\\framework\\src\\Illuminate\\Http\\Middleware\\TrustProxies.php(39): Illuminate\\Pipeline\\Pipeline->Illuminate\\Pipeline\\{closure}(Object(Illuminate\\Http\\Request))
#33 C:\\Users\\mahmo\\Barcody\\vendor\\laravel\\framework\\src\\Illuminate\\Pipeline\\Pipeline.php(180): Illuminate\\Http\\Middleware\\TrustProxies->handle(Object(Illuminate\\Http\\Request), Object(Closure))
#34 C:\\Users\\mahmo\\Barcody\\vendor\\laravel\\framework\\src\\Illuminate\\Pipeline\\Pipeline.php(116): Illuminate\\Pipeline\\Pipeline->Illuminate\\Pipeline\\{closure}(Object(Illuminate\\Http\\Request))
#35 C:\\Users\\mahmo\\Barcody\\vendor\\laravel\\framework\\src\\Illuminate\\Foundation\\Http\\Kernel.php(165): Illuminate\\Pipeline\\Pipeline->then(Object(Closure))
#36 C:\\Users\\mahmo\\Barcody\\vendor\\laravel\\framework\\src\\Illuminate\\Foundation\\Http\\Kernel.php(134): Illuminate\\Foundation\\Http\\Kernel->sendRequestThroughRouter(Object(Illuminate\\Http\\Request))
#37 C:\\Users\\mahmo\\Barcody\\public\\index.php(51): Illuminate\\Foundation\\Http\\Kernel->handle(Object(Illuminate\\Http\\Request))
#38 C:\\Users\\mahmo\\Barcody\\vendor\\laravel\\framework\\src\\Illuminate\\Foundation\\resources\\server.php(16): require_once('C:\\\\Users\\\\mahmo\\\\...')
#39 {main}"} 
[2026-05-31 21:35:56] local.ERROR: Failed to send OTP {"error":"WhatsApp API key not configured","phone":"966500000099","trace":"#0 C:\\Users\\mahmo\\Barcody\\app\\Http\\Controllers\\UserauthController.php(373): App\\Http\\Controllers\\UserauthController->sendWhatsappOTP('966500000099', 487203)
#1 C:\\Users\\mahmo\\Barcody\\vendor\\laravel\\framework\\src\\Illuminate\\Routing\\Controller.php(54): App\\Http\\Controllers\\UserauthController->resendOtpApi(Object(Illuminate\\Http\\Request))
#2 C:\\Users\\mahmo\\Barcody\\vendor\\laravel\\framework\\src\\Illuminate\\Routing\\ControllerDispatcher.php(43): Illuminate\\Routing\\Controller->callAction('resendOtpApi', Array)
#3 C:\\Users\\mahmo\\Barcody\\vendor\\laravel\\framework\\src\\Illuminate\\Routing\\Route.php(259): Illuminate\\Routing\\ControllerDispatcher->dispatch(Object(Illuminate\\Routing\\Route), Object(App\\Http\\Controllers\\UserauthController), 'resendOtpApi')
#4 C:\\Users\\mahmo\\Barcody\\vendor\\laravel\\framework\\src\\Illuminate\\Routing\\Route.php(205): Illuminate\\Routing\\Route->runController()
#5 C:\\Users\\mahmo\\Barcody\\vendor\\laravel\\framework\\src\\Illuminate\\Routing\\Router.php(798): Illuminate\\Routing\\Route->run()
#6 C:\\Users\\mahmo\\Barcody\\vendor\\laravel\\framework\\src\\Illuminate\\Pipeline\\Pipeline.php(141): Illuminate\\Routing\\Router->Illuminate\\Routing\\{closure}(Object(Illuminate\\Http\\Request))
#7 C:\\Users\\mahmo\\Barcody\\vendor\\laravel\\framework\\src\\Illuminate\\Routing\\Middleware\\SubstituteBindings.php(50): Illuminate\\Pipeline\\Pipeline->Illuminate\\Pipeline\\{closure}(Object(Illuminate\\Http\\Request))
#8 C:\\Users\\mahmo\\Barcody\\vendor\\laravel\\framework\\src\\Illuminate\\Pipeline\\Pipeline.php(180): Illuminate\\Routing\\Middleware\\SubstituteBindings->handle(Object(Illuminate\\Http\\Request), Object(Closure))
#9 C:\\Users\\mahmo\\Barcody\\vendor\\laravel\\framework\\src\\Illuminate\\Routing\\Middleware\\ThrottleRequests.php(126): Illuminate\\Pipeline\\Pipeline->Illuminate\\Pipeline\\{closure}(Object(Illuminate\\Http\\Request))
#10 C:\\Users\\mahmo\\Barcody\\vendor\\laravel\\framework\\src\\Illuminate\\Routing\\Middleware\\ThrottleRequests.php(92): Illuminate\\Routing\\Middleware\\ThrottleRequests->handleRequest(Object(Illuminate\\Http\\Request), Object(Closure), Array)
#11 C:\\Users\\mahmo\\Barcody\\vendor\\laravel\\framework\\src\\Illuminate\\Routing\\Middleware\\ThrottleRequests.php(54): Illuminate\\Routing\\Middleware\\ThrottleRequests->handleRequestUsingNamedLimiter(Object(Illuminate\\Http\\Request), Object(Closure), 'api', Object(Closure))
#12 C:\\Users\\mahmo\\Barcody\\vendor\\laravel\\framework\\src\\Illuminate\\Pipeline\\Pipeline.php(180): Illuminate\\Routing\\Middleware\\ThrottleRequests->handle(Object(Illuminate\\Http\\Request), Object(Closure), 'api')
#13 C:\\Users\\mahmo\\Barcody\\vendor\\laravel\\framework\\src\\Illuminate\\Pipeline\\Pipeline.php(116): Illuminate\\Pipeline\\Pipeline->Illuminate\\Pipeline\\{closure}(Object(Illuminate\\Http\\Request))
#14 C:\\Users\\mahmo\\Barcody\\vendor\\laravel\\framework\\src\\Illuminate\\Routing\\Router.php(797): Illuminate\\Pipeline\\Pipeline->then(Object(Closure))
#15 C:\\Users\\mahmo\\Barcody\\vendor\\laravel\\framework\\src\\Illuminate\\Routing\\Router.php(776): Illuminate\\Routing\\Router->runRouteWithinStack(Object(Illuminate\\Routing\\Route), Object(Illuminate\\Http\\Request))
#16 C:\\Users\\mahmo\\Barcody\\vendor\\laravel\\framework\\src\\Illuminate\\Routing\\Router.php(740): Illuminate\\Routing\\Router->runRoute(Object(Illuminate\\Http\\Request), Object(Illuminate\\Routing\\Route))
#17 C:\\Users\\mahmo\\Barcody\\vendor\\laravel\\framework\\src\\Illuminate\\Routing\\Router.php(729): Illuminate\\Routing\\Router->dispatchToRoute(Object(Illuminate\\Http\\Request))
#18 C:\\Users\\mahmo\\Barcody\\vendor\\laravel\\framework\\src\\Illuminate\\Foundation\\Http\\Kernel.php(190): Illuminate\\Routing\\Router->dispatch(Object(Illuminate\\Http\\Request))
#19 C:\\Users\\mahmo\\Barcody\\vendor\\laravel\\framework\\src\\Illuminate\\Pipeline\\Pipeline.php(141): Illuminate\\Foundation\\Http\\Kernel->Illuminate\\Foundation\\Http\\{closure}(Object(Illuminate\\Http\\Request))
#20 C:\\Users\\mahmo\\Barcody\\vendor\\laravel\\framework\\src\\Illuminate\\Foundation\\Http\\Middleware\\TransformsRequest.php(21): Illuminate\\Pipeline\\Pipeline->Illuminate\\Pipeline\\{closure}(Object(Illuminate\\Http\\Request))
#21 C:\\Users\\mahmo\\Barcody\\vendor\\laravel\\framework\\src\\Illuminate\\Foundation\\Http\\Middleware\\ConvertEmptyStringsToNull.php(31): Illuminate\\Foundation\\Http\\Middleware\\TransformsRequest->handle(Object(Illuminate\\Http\\Request), Object(Closure))
#22 C:\\Users\\mahmo\\Barcody\\vendor\\laravel\\framework\\src\\Illuminate\\Pipeline\\Pipeline.php(180): Illuminate\\Foundation\\Http\\Middleware\\ConvertEmptyStringsToNull->handle(Object(Illuminate\\Http\\Request), Object(Closure))
#23 C:\\Users\\mahmo\\Barcody\\vendor\\laravel\\framework\\src\\Illuminate\\Foundation\\Http\\Middleware\\TransformsRequest.php(21): Illuminate\\Pipeline\\Pipeline->Illuminate\\Pipeline\\{closure}(Object(Illuminate\\Http\\Request))
#24 C:\\Users\\mahmo\\Barcody\\vendor\\laravel\\framework\\src\\Illuminate\\Foundation\\Http\\Middleware\\TrimStrings.php(40): Illuminate\\Foundation\\Http\\Middleware\\TransformsRequest->handle(Object(Illuminate\\Http\\Request), Object(Closure))
#25 C:\\Users\\mahmo\\Barcody\\vendor\\laravel\\framework\\src\\Illuminate\\Pipeline\\Pipeline.php(180): Illuminate\\Foundation\\Http\\Middleware\\TrimStrings->handle(Object(Illuminate\\Http\\Request), Object(Closure))
#26 C:\\Users\\mahmo\\Barcody\\vendor\\laravel\\framework\\src\\Illuminate\\Foundation\\Http\\Middleware\\ValidatePostSize.php(27): Illuminate\\Pipeline\\Pipeline->Illuminate\\Pipeline\\{closure}(Object(Illuminate\\Http\\Request))
#27 C:\\Users\\mahmo\\Barcody\\vendor\\laravel\\framework\\src\\Illuminate\\Pipeline\\Pipeline.php(180): Illuminate\\Foundation\\Http\\Middleware\\ValidatePostSize->handle(Object(Illuminate\\Http\\Request), Object(Closure))
#28 C:\\Users\\mahmo\\Barcody\\vendor\\laravel\\framework\\src\\Illuminate\\Foundation\\Http\\Middleware\\PreventRequestsDuringMaintenance.php(86): Illuminate\\Pipeline\\Pipeline->Illuminate\\Pipeline\\{closure}(Object(Illuminate\\Http\\Request))
#29 C:\\Users\\mahmo\\Barcody\\vendor\\laravel\\framework\\src\\Illuminate\\Pipeline\\Pipeline.php(180): Illuminate\\Foundation\\Http\\Middleware\\PreventRequestsDuringMaintenance->handle(Object(Illuminate\\Http\\Request), Object(Closure))
#30 C:\\Users\\mahmo\\Barcody\\vendor\\laravel\\framework\\src\\Illuminate\\Http\\Middleware\\HandleCors.php(62): Illuminate\\Pipeline\\Pipeline->Illuminate\\Pipeline\\{closure}(Object(Illuminate\\Http\\Request))
#31 C:\\Users\\mahmo\\Barcody\\vendor\\laravel\\framework\\src\\Illuminate\\Pipeline\\Pipeline.php(180): Illuminate\\Http\\Middleware\\HandleCors->handle(Object(Illuminate\\Http\\Request), Object(Closure))
#32 C:\\Users\\mahmo\\Barcody\\vendor\\laravel\\framework\\src\\Illuminate\\Http\\Middleware\\TrustProxies.php(39): Illuminate\\Pipeline\\Pipeline->Illuminate\\Pipeline\\{closure}(Object(Illuminate\\Http\\Request))
#33 C:\\Users\\mahmo\\Barcody\\vendor\\laravel\\framework\\src\\Illuminate\\Pipeline\\Pipeline.php(180): Illuminate\\Http\\Middleware\\TrustProxies->handle(Object(Illuminate\\Http\\Request), Object(Closure))
#34 C:\\Users\\mahmo\\Barcody\\vendor\\laravel\\framework\\src\\Illuminate\\Pipeline\\Pipeline.php(116): Illuminate\\Pipeline\\Pipeline->Illuminate\\Pipeline\\{closure}(Object(Illuminate\\Http\\Request))
#35 C:\\Users\\mahmo\\Barcody\\vendor\\laravel\\framework\\src\\Illuminate\\Foundation\\Http\\Kernel.php(165): Illuminate\\Pipeline\\Pipeline->then(Object(Closure))
#36 C:\\Users\\mahmo\\Barcody\\vendor\\laravel\\framework\\src\\Illuminate\\Foundation\\Http\\Kernel.php(134): Illuminate\\Foundation\\Http\\Kernel->sendRequestThroughRouter(Object(Illuminate\\Http\\Request))
#37 C:\\Users\\mahmo\\Barcody\\public\\index.php(51): Illuminate\\Foundation\\Http\\Kernel->handle(Object(Illuminate\\Http\\Request))
#38 C:\\Users\\mahmo\\Barcody\\vendor\\laravel\\framework\\src\\Illuminate\\Foundation\\resources\\server.php(16): require_once('C:\\\\Users\\\\mahmo\\\\...')
#39 {main}"} 
[2026-05-31 21:35:56] local.ERROR: Failed to send OTP {"error":"WhatsApp API key not configured","phone":"966500000099","trace":"#0 C:\\Users\\mahmo\\Barcody\\app\\Http\\Controllers\\UserauthController.php(605): App\\Http\\Controllers\\UserauthController->sendWhatsappOTP('966500000099', 420558)
#1 C:\\Users\\mahmo\\Barcody\\vendor\\laravel\\framework\\src\\Illuminate\\Routing\\Controller.php(54): App\\Http\\Controllers\\UserauthController->phoneLogin(Object(Illuminate\\Http\\Request))
#2 C:\\Users\\mahmo\\Barcody\\vendor\\laravel\\framework\\src\\Illuminate\\Routing\\ControllerDispatcher.php(43): Illuminate\\Routing\\Controller->callAction('phoneLogin', Array)
#3 C:\\Users\\mahmo\\Barcody\\vendor\\laravel\\framework\\src\\Illuminate\\Routing\\Route.php(259): Illuminate\\Routing\\ControllerDispatcher->dispatch(Object(Illuminate\\Routing\\Route), Object(App\\Http\\Controllers\\UserauthController), 'phoneLogin')
#4 C:\\Users\\mahmo\\Barcody\\vendor\\laravel\\framework\\src\\Illuminate\\Routing\\Route.php(205): Illuminate\\Routing\\Route->runController()
#5 C:\\Users\\mahmo\\Barcody\\vendor\\laravel\\framework\\src\\Illuminate\\Routing\\Router.php(798): Illuminate\\Routing\\Route->run()
#6 C:\\Users\\mahmo\\Barcody\\vendor\\laravel\\framework\\src\\Illuminate\\Pipeline\\Pipeline.php(141): Illuminate\\Routing\\Router->Illuminate\\Routing\\{closure}(Object(Illuminate\\Http\\Request))
#7 C:\\Users\\mahmo\\Barcody\\vendor\\laravel\\framework\\src\\Illuminate\\Routing\\Middleware\\SubstituteBindings.php(50): Illuminate\\Pipeline\\Pipeline->Illuminate\\Pipeline\\{closure}(Object(Illuminate\\Http\\Request))
#8 C:\\Users\\mahmo\\Barcody\\vendor\\laravel\\framework\\src\\Illuminate\\Pipeline\\Pipeline.php(180): Illuminate\\Routing\\Middleware\\SubstituteBindings->handle(Object(Illuminate\\Http\\Request), Object(Closure))
#9 C:\\Users\\mahmo\\Barcody\\vendor\\laravel\\framework\\src\\Illuminate\\Routing\\Middleware\\ThrottleRequests.php(126): Illuminate\\Pipeline\\Pipeline->Illuminate\\Pipeline\\{closure}(Object(Illuminate\\Http\\Request))
#10 C:\\Users\\mahmo\\Barcody\\vendor\\laravel\\framework\\src\\Illuminate\\Routing\\Middleware\\ThrottleRequests.php(92): Illuminate\\Routing\\Middleware\\ThrottleRequests->handleRequest(Object(Illuminate\\Http\\Request), Object(Closure), Array)
#11 C:\\Users\\mahmo\\Barcody\\vendor\\laravel\\framework\\src\\Illuminate\\Routing\\Middleware\\ThrottleRequests.php(54): Illuminate\\Routing\\Middleware\\ThrottleRequests->handleRequestUsingNamedLimiter(Object(Illuminate\\Http\\Request), Object(Closure), 'api', Object(Closure))
#12 C:\\Users\\mahmo\\Barcody\\vendor\\laravel\\framework\\src\\Illuminate\\Pipeline\\Pipeline.php(180): Illuminate\\Routing\\Middleware\\ThrottleRequests->handle(Object(Illuminate\\Http\\Request), Object(Closure), 'api')
#13 C:\\Users\\mahmo\\Barcody\\vendor\\laravel\\framework\\src\\Illuminate\\Pipeline\\Pipeline.php(116): Illuminate\\Pipeline\\Pipeline->Illuminate\\Pipeline\\{closure}(Object(Illuminate\\Http\\Request))
#14 C:\\Users\\mahmo\\Barcody\\vendor\\laravel\\framework\\src\\Illuminate\\Routing\\Router.php(797): Illuminate\\Pipeline\\Pipeline->then(Object(Closure))
#15 C:\\Users\\mahmo\\Barcody\\vendor\\laravel\\framework\\src\\Illuminate\\Routing\\Router.php(776): Illuminate\\Routing\\Router->runRouteWithinStack(Object(Illuminate\\Routing\\Route), Object(Illuminate\\Http\\Request))
#16 C:\\Users\\mahmo\\Barcody\\vendor\\laravel\\framework\\src\\Illuminate\\Routing\\Router.php(740): Illuminate\\Routing\\Router->runRoute(Object(Illuminate\\Http\\Request), Object(Illuminate\\Routing\\Route))
#17 C:\\Users\\mahmo\\Barcody\\vendor\\laravel\\framework\\src\\Illuminate\\Routing\\Router.php(729): Illuminate\\Routing\\Router->dispatchToRoute(Object(Illuminate\\Http\\Request))
#18 C:\\Users\\mahmo\\Barcody\\vendor\\laravel\\framework\\src\\Illuminate\\Foundation\\Http\\Kernel.php(190): Illuminate\\Routing\\Router->dispatch(Object(Illuminate\\Http\\Request))
#19 C:\\Users\\mahmo\\Barcody\\vendor\\laravel\\framework\\src\\Illuminate\\Pipeline\\Pipeline.php(141): Illuminate\\Foundation\\Http\\Kernel->Illuminate\\Foundation\\Http\\{closure}(Object(Illuminate\\Http\\Request))
#20 C:\\Users\\mahmo\\Barcody\\vendor\\laravel\\framework\\src\\Illuminate\\Foundation\\Http\\Middleware\\TransformsRequest.php(21): Illuminate\\Pipeline\\Pipeline->Illuminate\\Pipeline\\{closure}(Object(Illuminate\\Http\\Request))
#21 C:\\Users\\mahmo\\Barcody\\vendor\\laravel\\framework\\src\\Illuminate\\Foundation\\Http\\Middleware\\ConvertEmptyStringsToNull.php(31): Illuminate\\Foundation\\Http\\Middleware\\TransformsRequest->handle(Object(Illuminate\\Http\\Request), Object(Closure))
#22 C:\\Users\\mahmo\\Barcody\\vendor\\laravel\\framework\\src\\Illuminate\\Pipeline\\Pipeline.php(180): Illuminate\\Foundation\\Http\\Middleware\\ConvertEmptyStringsToNull->handle(Object(Illuminate\\Http\\Request), Object(Closure))
#23 C:\\Users\\mahmo\\Barcody\\vendor\\laravel\\framework\\src\\Illuminate\\Foundation\\Http\\Middleware\\TransformsRequest.php(21): Illuminate\\Pipeline\\Pipeline->Illuminate\\Pipeline\\{closure}(Object(Illuminate\\Http\\Request))
#24 C:\\Users\\mahmo\\Barcody\\vendor\\laravel\\framework\\src\\Illuminate\\Foundation\\Http\\Middleware\\TrimStrings.php(40): Illuminate\\Foundation\\Http\\Middleware\\TransformsRequest->handle(Object(Illuminate\\Http\\Request), Object(Closure))
#25 C:\\Users\\mahmo\\Barcody\\vendor\\laravel\\framework\\src\\Illuminate\\Pipeline\\Pipeline.php(180): Illuminate\\Foundation\\Http\\Middleware\\TrimStrings->handle(Object(Illuminate\\Http\\Request), Object(Closure))
#26 C:\\Users\\mahmo\\Barcody\\vendor\\laravel\\framework\\src\\Illuminate\\Foundation\\Http\\Middleware\\ValidatePostSize.php(27): Illuminate\\Pipeline\\Pipeline->Illuminate\\Pipeline\\{closure}(Object(Illuminate\\Http\\Request))
#27 C:\\Users\\mahmo\\Barcody\\vendor\\laravel\\framework\\src\\Illuminate\\Pipeline\\Pipeline.php(180): Illuminate\\Foundation\\Http\\Middleware\\ValidatePostSize->handle(Object(Illuminate\\Http\\Request), Object(Closure))
#28 C:\\Users\\mahmo\\Barcody\\vendor\\laravel\\framework\\src\\Illuminate\\Foundation\\Http\\Middleware\\PreventRequestsDuringMaintenance.php(86): Illuminate\\Pipeline\\Pipeline->Illuminate\\Pipeline\\{closure}(Object(Illuminate\\Http\\Request))
#29 C:\\Users\\mahmo\\Barcody\\vendor\\laravel\\framework\\src\\Illuminate\\Pipeline\\Pipeline.php(180): Illuminate\\Foundation\\Http\\Middleware\\PreventRequestsDuringMaintenance->handle(Object(Illuminate\\Http\\Request), Object(Closure))
#30 C:\\Users\\mahmo\\Barcody\\vendor\\laravel\\framework\\src\\Illuminate\\Http\\Middleware\\HandleCors.php(62): Illuminate\\Pipeline\\Pipeline->Illuminate\\Pipeline\\{closure}(Object(Illuminate\\Http\\Request))
#31 C:\\Users\\mahmo\\Barcody\\vendor\\laravel\\framework\\src\\Illuminate\\Pipeline\\Pipeline.php(180): Illuminate\\Http\\Middleware\\HandleCors->handle(Object(Illuminate\\Http\\Request), Object(Closure))
#32 C:\\Users\\mahmo\\Barcody\\vendor\\laravel\\framework\\src\\Illuminate\\Http\\Middleware\\TrustProxies.php(39): Illuminate\\Pipeline\\Pipeline->Illuminate\\Pipeline\\{closure}(Object(Illuminate\\Http\\Request))
#33 C:\\Users\\mahmo\\Barcody\\vendor\\laravel\\framework\\src\\Illuminate\\Pipeline\\Pipeline.php(180): Illuminate\\Http\\Middleware\\TrustProxies->handle(Object(Illuminate\\Http\\Request), Object(Closure))
#34 C:\\Users\\mahmo\\Barcody\\vendor\\laravel\\framework\\src\\Illuminate\\Pipeline\\Pipeline.php(116): Illuminate\\Pipeline\\Pipeline->Illuminate\\Pipeline\\{closure}(Object(Illuminate\\Http\\Request))
#35 C:\\Users\\mahmo\\Barcody\\vendor\\laravel\\framework\\src\\Illuminate\\Foundation\\Http\\Kernel.php(165): Illuminate\\Pipeline\\Pipeline->then(Object(Closure))
#36 C:\\Users\\mahmo\\Barcody\\vendor\\laravel\\framework\\src\\Illuminate\\Foundation\\Http\\Kernel.php(134): Illuminate\\Foundation\\Http\\Kernel->sendRequestThroughRouter(Object(Illuminate\\Http\\Request))
#37 C:\\Users\\mahmo\\Barcody\\public\\index.php(51): Illuminate\\Foundation\\Http\\Kernel->handle(Object(Illuminate\\Http\\Request))
#38 C:\\Users\\mahmo\\Barcody\\vendor\\laravel\\framework\\src\\Illuminate\\Foundation\\resources\\server.php(16): require_once('C:\\\\Users\\\\mahmo\\\\...')
#39 {main}"} 
[2026-05-31 21:35:56] local.ERROR: Failed to send OTP {"error":"WhatsApp API key not configured","phone":"966500000099","trace":"#0 C:\\Users\\mahmo\\Barcody\\app\\Http\\Controllers\\UserauthController.php(286): App\\Http\\Controllers\\UserauthController->sendWhatsappOTP('966500000099', 205535)
#1 C:\\Users\\mahmo\\Barcody\\vendor\\laravel\\framework\\src\\Illuminate\\Routing\\Controller.php(54): App\\Http\\Controllers\\UserauthController->forgotPassword(Object(Illuminate\\Http\\Request))
#2 C:\\Users\\mahmo\\Barcody\\vendor\\laravel\\framework\\src\\Illuminate\\Routing\\ControllerDispatcher.php(43): Illuminate\\Routing\\Controller->callAction('forgotPassword', Array)
#3 C:\\Users\\mahmo\\Barcody\\vendor\\laravel\\framework\\src\\Illuminate\\Routing\\Route.php(259): Illuminate\\Routing\\ControllerDispatcher->dispatch(Object(Illuminate\\Routing\\Route), Object(App\\Http\\Controllers\\UserauthController), 'forgotPassword')
#4 C:\\Users\\mahmo\\Barcody\\vendor\\laravel\\framework\\src\\Illuminate\\Routing\\Route.php(205): Illuminate\\Routing\\Route->runController()
#5 C:\\Users\\mahmo\\Barcody\\vendor\\laravel\\framework\\src\\Illuminate\\Routing\\Router.php(798): Illuminate\\Routing\\Route->run()
#6 C:\\Users\\mahmo\\Barcody\\vendor\\laravel\\framework\\src\\Illuminate\\Pipeline\\Pipeline.php(141): Illuminate\\Routing\\Router->Illuminate\\Routing\\{closure}(Object(Illuminate\\Http\\Request))
#7 C:\\Users\\mahmo\\Barcody\\vendor\\laravel\\framework\\src\\Illuminate\\Routing\\Middleware\\SubstituteBindings.php(50): Illuminate\\Pipeline\\Pipeline->Illuminate\\Pipeline\\{closure}(Object(Illuminate\\Http\\Request))
#8 C:\\Users\\mahmo\\Barcody\\vendor\\laravel\\framework\\src\\Illuminate\\Pipeline\\Pipeline.php(180): Illuminate\\Routing\\Middleware\\SubstituteBindings->handle(Object(Illuminate\\Http\\Request), Object(Closure))
#9 C:\\Users\\mahmo\\Barcody\\vendor\\laravel\\framework\\src\\Illuminate\\Routing\\Middleware\\ThrottleRequests.php(126): Illuminate\\Pipeline\\Pipeline->Illuminate\\Pipeline\\{closure}(Object(Illuminate\\Http\\Request))
#10 C:\\Users\\mahmo\\Barcody\\vendor\\laravel\\framework\\src\\Illuminate\\Routing\\Middleware\\ThrottleRequests.php(92): Illuminate\\Routing\\Middleware\\ThrottleRequests->handleRequest(Object(Illuminate\\Http\\Request), Object(Closure), Array)
#11 C:\\Users\\mahmo\\Barcody\\vendor\\laravel\\framework\\src\\Illuminate\\Routing\\Middleware\\ThrottleRequests.php(54): Illuminate\\Routing\\Middleware\\ThrottleRequests->handleRequestUsingNamedLimiter(Object(Illuminate\\Http\\Request), Object(Closure), 'api', Object(Closure))
#12 C:\\Users\\mahmo\\Barcody\\vendor\\laravel\\framework\\src\\Illuminate\\Pipeline\\Pipeline.php(180): Illuminate\\Routing\\Middleware\\ThrottleRequests->handle(Object(Illuminate\\Http\\Request), Object(Closure), 'api')
#13 C:\\Users\\mahmo\\Barcody\\vendor\\laravel\\framework\\src\\Illuminate\\Pipeline\\Pipeline.php(116): Illuminate\\Pipeline\\Pipeline->Illuminate\\Pipeline\\{closure}(Object(Illuminate\\Http\\Request))
#14 C:\\Users\\mahmo\\Barcody\\vendor\\laravel\\framework\\src\\Illuminate\\Routing\\Router.php(797): Illuminate\\Pipeline\\Pipeline->then(Object(Closure))
#15 C:\\Users\\mahmo\\Barcody\\vendor\\laravel\\framework\\src\\Illuminate\\Routing\\Router.php(776): Illuminate\\Routing\\Router->runRouteWithinStack(Object(Illuminate\\Routing\\Route), Object(Illuminate\\Http\\Request))
#16 C:\\Users\\mahmo\\Barcody\\vendor\\laravel\\framework\\src\\Illuminate\\Routing\\Router.php(740): Illuminate\\Routing\\Router->runRoute(Object(Illuminate\\Http\\Request), Object(Illuminate\\Routing\\Route))
#17 C:\\Users\\mahmo\\Barcody\\vendor\\laravel\\framework\\src\\Illuminate\\Routing\\Router.php(729): Illuminate\\Routing\\Router->dispatchToRoute(Object(Illuminate\\Http\\Request))
#18 C:\\Users\\mahmo\\Barcody\\vendor\\laravel\\framework\\src\\Illuminate\\Foundation\\Http\\Kernel.php(190): Illuminate\\Routing\\Router->dispatch(Object(Illuminate\\Http\\Request))
#19 C:\\Users\\mahmo\\Barcody\\vendor\\laravel\\framework\\src\\Illuminate\\Pipeline\\Pipeline.php(141): Illuminate\\Foundation\\Http\\Kernel->Illuminate\\Foundation\\Http\\{closure}(Object(Illuminate\\Http\\Request))
#20 C:\\Users\\mahmo\\Barcody\\vendor\\laravel\\framework\\src\\Illuminate\\Foundation\\Http\\Middleware\\TransformsRequest.php(21): Illuminate\\Pipeline\\Pipeline->Illuminate\\Pipeline\\{closure}(Object(Illuminate\\Http\\Request))
#21 C:\\Users\\mahmo\\Barcody\\vendor\\laravel\\framework\\src\\Illuminate\\Foundation\\Http\\Middleware\\ConvertEmptyStringsToNull.php(31): Illuminate\\Foundation\\Http\\Middleware\\TransformsRequest->handle(Object(Illuminate\\Http\\Request), Object(Closure))
#22 C:\\Users\\mahmo\\Barcody\\vendor\\laravel\\framework\\src\\Illuminate\\Pipeline\\Pipeline.php(180): Illuminate\\Foundation\\Http\\Middleware\\ConvertEmptyStringsToNull->handle(Object(Illuminate\\Http\\Request), Object(Closure))
#23 C:\\Users\\mahmo\\Barcody\\vendor\\laravel\\framework\\src\\Illuminate\\Foundation\\Http\\Middleware\\TransformsRequest.php(21): Illuminate\\Pipeline\\Pipeline->Illuminate\\Pipeline\\{closure}(Object(Illuminate\\Http\\Request))
#24 C:\\Users\\mahmo\\Barcody\\vendor\\laravel\\framework\\src\\Illuminate\\Foundation\\Http\\Middleware\\TrimStrings.php(40): Illuminate\\Foundation\\Http\\Middleware\\TransformsRequest->handle(Object(Illuminate\\Http\\Request), Object(Closure))
#25 C:\\Users\\mahmo\\Barcody\\vendor\\laravel\\framework\\src\\Illuminate\\Pipeline\\Pipeline.php(180): Illuminate\\Foundation\\Http\\Middleware\\TrimStrings->handle(Object(Illuminate\\Http\\Request), Object(Closure))
#26 C:\\Users\\mahmo\\Barcody\\vendor\\laravel\\framework\\src\\Illuminate\\Foundation\\Http\\Middleware\\ValidatePostSize.php(27): Illuminate\\Pipeline\\Pipeline->Illuminate\\Pipeline\\{closure}(Object(Illuminate\\Http\\Request))
#27 C:\\Users\\mahmo\\Barcody\\vendor\\laravel\\framework\\src\\Illuminate\\Pipeline\\Pipeline.php(180): Illuminate\\Foundation\\Http\\Middleware\\ValidatePostSize->handle(Object(Illuminate\\Http\\Request), Object(Closure))
#28 C:\\Users\\mahmo\\Barcody\\vendor\\laravel\\framework\\src\\Illuminate\\Foundation\\Http\\Middleware\\PreventRequestsDuringMaintenance.php(86): Illuminate\\Pipeline\\Pipeline->Illuminate\\Pipeline\\{closure}(Object(Illuminate\\Http\\Request))
#29 C:\\Users\\mahmo\\Barcody\\vendor\\laravel\\framework\\src\\Illuminate\\Pipeline\\Pipeline.php(180): Illuminate\\Foundation\\Http\\Middleware\\PreventRequestsDuringMaintenance->handle(Object(Illuminate\\Http\\Request), Object(Closure))
#30 C:\\Users\\mahmo\\Barcody\\vendor\\laravel\\framework\\src\\Illuminate\\Http\\Middleware\\HandleCors.php(62): Illuminate\\Pipeline\\Pipeline->Illuminate\\Pipeline\\{closure}(Object(Illuminate\\Http\\Request))
#31 C:\\Users\\mahmo\\Barcody\\vendor\\laravel\\framework\\src\\Illuminate\\Pipeline\\Pipeline.php(180): Illuminate\\Http\\Middleware\\HandleCors->handle(Object(Illuminate\\Http\\Request), Object(Closure))
#32 C:\\Users\\mahmo\\Barcody\\vendor\\laravel\\framework\\src\\Illuminate\\Http\\Middleware\\TrustProxies.php(39): Illuminate\\Pipeline\\Pipeline->Illuminate\\Pipeline\\{closure}(Object(Illuminate\\Http\\Request))
#33 C:\\Users\\mahmo\\Barcody\\vendor\\laravel\\framework\\src\\Illuminate\\Pipeline\\Pipeline.php(180): Illuminate\\Http\\Middleware\\TrustProxies->handle(Object(Illuminate\\Http\\Request), Object(Closure))
#34 C:\\Users\\mahmo\\Barcody\\vendor\\laravel\\framework\\src\\Illuminate\\Pipeline\\Pipeline.php(116): Illuminate\\Pipeline\\Pipeline->Illuminate\\Pipeline\\{closure}(Object(Illuminate\\Http\\Request))
#35 C:\\Users\\mahmo\\Barcody\\vendor\\laravel\\framework\\src\\Illuminate\\Foundation\\Http\\Kernel.php(165): Illuminate\\Pipeline\\Pipeline->then(Object(Closure))
#36 C:\\Users\\mahmo\\Barcody\\vendor\\laravel\\framework\\src\\Illuminate\\Foundation\\Http\\Kernel.php(134): Illuminate\\Foundation\\Http\\Kernel->sendRequestThroughRouter(Object(Illuminate\\Http\\Request))
#37 C:\\Users\\mahmo\\Barcody\\public\\index.php(51): Illuminate\\Foundation\\Http\\Kernel->handle(Object(Illuminate\\Http\\Request))
#38 C:\\Users\\mahmo\\Barcody\\vendor\\laravel\\framework\\src\\Illuminate\\Foundation\\resources\\server.php(16): require_once('C:\\\\Users\\\\mahmo\\\\...')
#39 {main}"} 
[2026-05-31 21:37:49] local.ERROR: Failed to send OTP {"error":"WhatsApp API key not configured","phone":"966500000099","trace":"#0 C:\\Users\\mahmo\\Barcody\\app\\Http\\Controllers\\UserauthController.php(246): App\\Http\\Controllers\\UserauthController->sendWhatsappOTP('966500000099', 711082)
#1 C:\\Users\\mahmo\\Barcody\\vendor\\laravel\\framework\\src\\Illuminate\\Routing\\Controller.php(54): App\\Http\\Controllers\\UserauthController->registerApi(Object(Illuminate\\Http\\Request))
#2 C:\\Users\\mahmo\\Barcody\\vendor\\laravel\\framework\\src\\Illuminate\\Routing\\ControllerDispatcher.php(43): Illuminate\\Routing\\Controller->callAction('registerApi', Array)
#3 C:\\Users\\mahmo\\Barcody\\vendor\\laravel\\framework\\src\\Illuminate\\Routing\\Route.php(259): Illuminate\\Routing\\ControllerDispatcher->dispatch(Object(Illuminate\\Routing\\Route), Object(App\\Http\\Controllers\\UserauthController), 'registerApi')
#4 C:\\Users\\mahmo\\Barcody\\vendor\\laravel\\framework\\src\\Illuminate\\Routing\\Route.php(205): Illuminate\\Routing\\Route->runController()
#5 C:\\Users\\mahmo\\Barcody\\vendor\\laravel\\framework\\src\\Illuminate\\Routing\\Router.php(798): Illuminate\\Routing\\Route->run()
#6 C:\\Users\\mahmo\\Barcody\\vendor\\laravel\\framework\\src\\Illuminate\\Pipeline\\Pipeline.php(141): Illuminate\\Routing\\Router->Illuminate\\Routing\\{closure}(Object(Illuminate\\Http\\Request))
#7 C:\\Users\\mahmo\\Barcody\\vendor\\laravel\\framework\\src\\Illuminate\\Routing\\Middleware\\SubstituteBindings.php(50): Illuminate\\Pipeline\\Pipeline->Illuminate\\Pipeline\\{closure}(Object(Illuminate\\Http\\Request))
#8 C:\\Users\\mahmo\\Barcody\\vendor\\laravel\\framework\\src\\Illuminate\\Pipeline\\Pipeline.php(180): Illuminate\\Routing\\Middleware\\SubstituteBindings->handle(Object(Illuminate\\Http\\Request), Object(Closure))
#9 C:\\Users\\mahmo\\Barcody\\vendor\\laravel\\framework\\src\\Illuminate\\Routing\\Middleware\\ThrottleRequests.php(126): Illuminate\\Pipeline\\Pipeline->Illuminate\\Pipeline\\{closure}(Object(Illuminate\\Http\\Request))
#10 C:\\Users\\mahmo\\Barcody\\vendor\\laravel\\framework\\src\\Illuminate\\Routing\\Middleware\\ThrottleRequests.php(92): Illuminate\\Routing\\Middleware\\ThrottleRequests->handleRequest(Object(Illuminate\\Http\\Request), Object(Closure), Array)
#11 C:\\Users\\mahmo\\Barcody\\vendor\\laravel\\framework\\src\\Illuminate\\Routing\\Middleware\\ThrottleRequests.php(54): Illuminate\\Routing\\Middleware\\ThrottleRequests->handleRequestUsingNamedLimiter(Object(Illuminate\\Http\\Request), Object(Closure), 'api', Object(Closure))
#12 C:\\Users\\mahmo\\Barcody\\vendor\\laravel\\framework\\src\\Illuminate\\Pipeline\\Pipeline.php(180): Illuminate\\Routing\\Middleware\\ThrottleRequests->handle(Object(Illuminate\\Http\\Request), Object(Closure), 'api')
#13 C:\\Users\\mahmo\\Barcody\\vendor\\laravel\\framework\\src\\Illuminate\\Pipeline\\Pipeline.php(116): Illuminate\\Pipeline\\Pipeline->Illuminate\\Pipeline\\{closure}(Object(Illuminate\\Http\\Request))
#14 C:\\Users\\mahmo\\Barcody\\vendor\\laravel\\framework\\src\\Illuminate\\Routing\\Router.php(797): Illuminate\\Pipeline\\Pipeline->then(Object(Closure))
#15 C:\\Users\\mahmo\\Barcody\\vendor\\laravel\\framework\\src\\Illuminate\\Routing\\Router.php(776): Illuminate\\Routing\\Router->runRouteWithinStack(Object(Illuminate\\Routing\\Route), Object(Illuminate\\Http\\Request))
#16 C:\\Users\\mahmo\\Barcody\\vendor\\laravel\\framework\\src\\Illuminate\\Routing\\Router.php(740): Illuminate\\Routing\\Router->runRoute(Object(Illuminate\\Http\\Request), Object(Illuminate\\Routing\\Route))
#17 C:\\Users\\mahmo\\Barcody\\vendor\\laravel\\framework\\src\\Illuminate\\Routing\\Router.php(729): Illuminate\\Routing\\Router->dispatchToRoute(Object(Illuminate\\Http\\Request))
#18 C:\\Users\\mahmo\\Barcody\\vendor\\laravel\\framework\\src\\Illuminate\\Foundation\\Http\\Kernel.php(190): Illuminate\\Routing\\Router->dispatch(Object(Illuminate\\Http\\Request))
#19 C:\\Users\\mahmo\\Barcody\\vendor\\laravel\\framework\\src\\Illuminate\\Pipeline\\Pipeline.php(141): Illuminate\\Foundation\\Http\\Kernel->Illuminate\\Foundation\\Http\\{closure}(Object(Illuminate\\Http\\Request))
#20 C:\\Users\\mahmo\\Barcody\\vendor\\laravel\\framework\\src\\Illuminate\\Foundation\\Http\\Middleware\\TransformsRequest.php(21): Illuminate\\Pipeline\\Pipeline->Illuminate\\Pipeline\\{closure}(Object(Illuminate\\Http\\Request))
#21 C:\\Users\\mahmo\\Barcody\\vendor\\laravel\\framework\\src\\Illuminate\\Foundation\\Http\\Middleware\\ConvertEmptyStringsToNull.php(31): Illuminate\\Foundation\\Http\\Middleware\\TransformsRequest->handle(Object(Illuminate\\Http\\Request), Object(Closure))
#22 C:\\Users\\mahmo\\Barcody\\vendor\\laravel\\framework\\src\\Illuminate\\Pipeline\\Pipeline.php(180): Illuminate\\Foundation\\Http\\Middleware\\ConvertEmptyStringsToNull->handle(Object(Illuminate\\Http\\Request), Object(Closure))
#23 C:\\Users\\mahmo\\Barcody\\vendor\\laravel\\framework\\src\\Illuminate\\Foundation\\Http\\Middleware\\TransformsRequest.php(21): Illuminate\\Pipeline\\Pipeline->Illuminate\\Pipeline\\{closure}(Object(Illuminate\\Http\\Request))
#24 C:\\Users\\mahmo\\Barcody\\vendor\\laravel\\framework\\src\\Illuminate\\Foundation\\Http\\Middleware\\TrimStrings.php(40): Illuminate\\Foundation\\Http\\Middleware\\TransformsRequest->handle(Object(Illuminate\\Http\\Request), Object(Closure))
#25 C:\\Users\\mahmo\\Barcody\\vendor\\laravel\\framework\\src\\Illuminate\\Pipeline\\Pipeline.php(180): Illuminate\\Foundation\\Http\\Middleware\\TrimStrings->handle(Object(Illuminate\\Http\\Request), Object(Closure))
#26 C:\\Users\\mahmo\\Barcody\\vendor\\laravel\\framework\\src\\Illuminate\\Foundation\\Http\\Middleware\\ValidatePostSize.php(27): Illuminate\\Pipeline\\Pipeline->Illuminate\\Pipeline\\{closure}(Object(Illuminate\\Http\\Request))
#27 C:\\Users\\mahmo\\Barcody\\vendor\\laravel\\framework\\src\\Illuminate\\Pipeline\\Pipeline.php(180): Illuminate\\Foundation\\Http\\Middleware\\ValidatePostSize->handle(Object(Illuminate\\Http\\Request), Object(Closure))
#28 C:\\Users\\mahmo\\Barcody\\vendor\\laravel\\framework\\src\\Illuminate\\Foundation\\Http\\Middleware\\PreventRequestsDuringMaintenance.php(86): Illuminate\\Pipeline\\Pipeline->Illuminate\\Pipeline\\{closure}(Object(Illuminate\\Http\\Request))
#29 C:\\Users\\mahmo\\Barcody\\vendor\\laravel\\framework\\src\\Illuminate\\Pipeline\\Pipeline.php(180): Illuminate\\Foundation\\Http\\Middleware\\PreventRequestsDuringMaintenance->handle(Object(Illuminate\\Http\\Request), Object(Closure))
#30 C:\\Users\\mahmo\\Barcody\\vendor\\laravel\\framework\\src\\Illuminate\\Http\\Middleware\\HandleCors.php(62): Illuminate\\Pipeline\\Pipeline->Illuminate\\Pipeline\\{closure}(Object(Illuminate\\Http\\Request))
#31 C:\\Users\\mahmo\\Barcody\\vendor\\laravel\\framework\\src\\Illuminate\\Pipeline\\Pipeline.php(180): Illuminate\\Http\\Middleware\\HandleCors->handle(Object(Illuminate\\Http\\Request), Object(Closure))
#32 C:\\Users\\mahmo\\Barcody\\vendor\\laravel\\framework\\src\\Illuminate\\Http\\Middleware\\TrustProxies.php(39): Illuminate\\Pipeline\\Pipeline->Illuminate\\Pipeline\\{closure}(Object(Illuminate\\Http\\Request))
#33 C:\\Users\\mahmo\\Barcody\\vendor\\laravel\\framework\\src\\Illuminate\\Pipeline\\Pipeline.php(180): Illuminate\\Http\\Middleware\\TrustProxies->handle(Object(Illuminate\\Http\\Request), Object(Closure))
#34 C:\\Users\\mahmo\\Barcody\\vendor\\laravel\\framework\\src\\Illuminate\\Pipeline\\Pipeline.php(116): Illuminate\\Pipeline\\Pipeline->Illuminate\\Pipeline\\{closure}(Object(Illuminate\\Http\\Request))
#35 C:\\Users\\mahmo\\Barcody\\vendor\\laravel\\framework\\src\\Illuminate\\Foundation\\Http\\Kernel.php(165): Illuminate\\Pipeline\\Pipeline->then(Object(Closure))
#36 C:\\Users\\mahmo\\Barcody\\vendor\\laravel\\framework\\src\\Illuminate\\Foundation\\Http\\Kernel.php(134): Illuminate\\Foundation\\Http\\Kernel->sendRequestThroughRouter(Object(Illuminate\\Http\\Request))
#37 C:\\Users\\mahmo\\Barcody\\public\\index.php(51): Illuminate\\Foundation\\Http\\Kernel->handle(Object(Illuminate\\Http\\Request))
#38 C:\\Users\\mahmo\\Barcody\\vendor\\laravel\\framework\\src\\Illuminate\\Foundation\\resources\\server.php(16): require_once('C:\\\\Users\\\\mahmo\\\\...')
#39 {main}"} 
[2026-05-31 21:37:52] local.ERROR: Failed to send OTP {"error":"WhatsApp API key not configured","phone":"966500000099","trace":"#0 C:\\Users\\mahmo\\Barcody\\app\\Http\\Controllers\\UserauthController.php(431): App\\Http\\Controllers\\UserauthController->sendWhatsappOTP('966500000099', 764622)
#1 C:\\Users\\mahmo\\Barcody\\vendor\\laravel\\framework\\src\\Illuminate\\Routing\\Controller.php(54): App\\Http\\Controllers\\UserauthController->loginApi(Object(Illuminate\\Http\\Request))
#2 C:\\Users\\mahmo\\Barcody\\vendor\\laravel\\framework\\src\\Illuminate\\Routing\\ControllerDispatcher.php(43): Illuminate\\Routing\\Controller->callAction('loginApi', Array)
#3 C:\\Users\\mahmo\\Barcody\\vendor\\laravel\\framework\\src\\Illuminate\\Routing\\Route.php(259): Illuminate\\Routing\\ControllerDispatcher->dispatch(Object(Illuminate\\Routing\\Route), Object(App\\Http\\Controllers\\UserauthController), 'loginApi')
#4 C:\\Users\\mahmo\\Barcody\\vendor\\laravel\\framework\\src\\Illuminate\\Routing\\Route.php(205): Illuminate\\Routing\\Route->runController()
#5 C:\\Users\\mahmo\\Barcody\\vendor\\laravel\\framework\\src\\Illuminate\\Routing\\Router.php(798): Illuminate\\Routing\\Route->run()
#6 C:\\Users\\mahmo\\Barcody\\vendor\\laravel\\framework\\src\\Illuminate\\Pipeline\\Pipeline.php(141): Illuminate\\Routing\\Router->Illuminate\\Routing\\{closure}(Object(Illuminate\\Http\\Request))
#7 C:\\Users\\mahmo\\Barcody\\vendor\\laravel\\framework\\src\\Illuminate\\Routing\\Middleware\\SubstituteBindings.php(50): Illuminate\\Pipeline\\Pipeline->Illuminate\\Pipeline\\{closure}(Object(Illuminate\\Http\\Request))
#8 C:\\Users\\mahmo\\Barcody\\vendor\\laravel\\framework\\src\\Illuminate\\Pipeline\\Pipeline.php(180): Illuminate\\Routing\\Middleware\\SubstituteBindings->handle(Object(Illuminate\\Http\\Request), Object(Closure))
#9 C:\\Users\\mahmo\\Barcody\\vendor\\laravel\\framework\\src\\Illuminate\\Routing\\Middleware\\ThrottleRequests.php(126): Illuminate\\Pipeline\\Pipeline->Illuminate\\Pipeline\\{closure}(Object(Illuminate\\Http\\Request))
#10 C:\\Users\\mahmo\\Barcody\\vendor\\laravel\\framework\\src\\Illuminate\\Routing\\Middleware\\ThrottleRequests.php(92): Illuminate\\Routing\\Middleware\\ThrottleRequests->handleRequest(Object(Illuminate\\Http\\Request), Object(Closure), Array)
#11 C:\\Users\\mahmo\\Barcody\\vendor\\laravel\\framework\\src\\Illuminate\\Routing\\Middleware\\ThrottleRequests.php(54): Illuminate\\Routing\\Middleware\\ThrottleRequests->handleRequestUsingNamedLimiter(Object(Illuminate\\Http\\Request), Object(Closure), 'api', Object(Closure))
#12 C:\\Users\\mahmo\\Barcody\\vendor\\laravel\\framework\\src\\Illuminate\\Pipeline\\Pipeline.php(180): Illuminate\\Routing\\Middleware\\ThrottleRequests->handle(Object(Illuminate\\Http\\Request), Object(Closure), 'api')
#13 C:\\Users\\mahmo\\Barcody\\vendor\\laravel\\framework\\src\\Illuminate\\Pipeline\\Pipeline.php(116): Illuminate\\Pipeline\\Pipeline->Illuminate\\Pipeline\\{closure}(Object(Illuminate\\Http\\Request))
#14 C:\\Users\\mahmo\\Barcody\\vendor\\laravel\\framework\\src\\Illuminate\\Routing\\Router.php(797): Illuminate\\Pipeline\\Pipeline->then(Object(Closure))
#15 C:\\Users\\mahmo\\Barcody\\vendor\\laravel\\framework\\src\\Illuminate\\Routing\\Router.php(776): Illuminate\\Routing\\Router->runRouteWithinStack(Object(Illuminate\\Routing\\Route), Object(Illuminate\\Http\\Request))
#16 C:\\Users\\mahmo\\Barcody\\vendor\\laravel\\framework\\src\\Illuminate\\Routing\\Router.php(740): Illuminate\\Routing\\Router->runRoute(Object(Illuminate\\Http\\Request), Object(Illuminate\\Routing\\Route))
#17 C:\\Users\\mahmo\\Barcody\\vendor\\laravel\\framework\\src\\Illuminate\\Routing\\Router.php(729): Illuminate\\Routing\\Router->dispatchToRoute(Object(Illuminate\\Http\\Request))
#18 C:\\Users\\mahmo\\Barcody\\vendor\\laravel\\framework\\src\\Illuminate\\Foundation\\Http\\Kernel.php(190): Illuminate\\Routing\\Router->dispatch(Object(Illuminate\\Http\\Request))
#19 C:\\Users\\mahmo\\Barcody\\vendor\\laravel\\framework\\src\\Illuminate\\Pipeline\\Pipeline.php(141): Illuminate\\Foundation\\Http\\Kernel->Illuminate\\Foundation\\Http\\{closure}(Object(Illuminate\\Http\\Request))
#20 C:\\Users\\mahmo\\Barcody\\vendor\\laravel\\framework\\src\\Illuminate\\Foundation\\Http\\Middleware\\TransformsRequest.php(21): Illuminate\\Pipeline\\Pipeline->Illuminate\\Pipeline\\{closure}(Object(Illuminate\\Http\\Request))
#21 C:\\Users\\mahmo\\Barcody\\vendor\\laravel\\framework\\src\\Illuminate\\Foundation\\Http\\Middleware\\ConvertEmptyStringsToNull.php(31): Illuminate\\Foundation\\Http\\Middleware\\TransformsRequest->handle(Object(Illuminate\\Http\\Request), Object(Closure))
#22 C:\\Users\\mahmo\\Barcody\\vendor\\laravel\\framework\\src\\Illuminate\\Pipeline\\Pipeline.php(180): Illuminate\\Foundation\\Http\\Middleware\\ConvertEmptyStringsToNull->handle(Object(Illuminate\\Http\\Request), Object(Closure))
#23 C:\\Users\\mahmo\\Barcody\\vendor\\laravel\\framework\\src\\Illuminate\\Foundation\\Http\\Middleware\\TransformsRequest.php(21): Illuminate\\Pipeline\\Pipeline->Illuminate\\Pipeline\\{closure}(Object(Illuminate\\Http\\Request))
#24 C:\\Users\\mahmo\\Barcody\\vendor\\laravel\\framework\\src\\Illuminate\\Foundation\\Http\\Middleware\\TrimStrings.php(40): Illuminate\\Foundation\\Http\\Middleware\\TransformsRequest->handle(Object(Illuminate\\Http\\Request), Object(Closure))
#25 C:\\Users\\mahmo\\Barcody\\vendor\\laravel\\framework\\src\\Illuminate\\Pipeline\\Pipeline.php(180): Illuminate\\Foundation\\Http\\Middleware\\TrimStrings->handle(Object(Illuminate\\Http\\Request), Object(Closure))
#26 C:\\Users\\mahmo\\Barcody\\vendor\\laravel\\framework\\src\\Illuminate\\Foundation\\Http\\Middleware\\ValidatePostSize.php(27): Illuminate\\Pipeline\\Pipeline->Illuminate\\Pipeline\\{closure}(Object(Illuminate\\Http\\Request))
#27 C:\\Users\\mahmo\\Barcody\\vendor\\laravel\\framework\\src\\Illuminate\\Pipeline\\Pipeline.php(180): Illuminate\\Foundation\\Http\\Middleware\\ValidatePostSize->handle(Object(Illuminate\\Http\\Request), Object(Closure))
#28 C:\\Users\\mahmo\\Barcody\\vendor\\laravel\\framework\\src\\Illuminate\\Foundation\\Http\\Middleware\\PreventRequestsDuringMaintenance.php(86): Illuminate\\Pipeline\\Pipeline->Illuminate\\Pipeline\\{closure}(Object(Illuminate\\Http\\Request))
#29 C:\\Users\\mahmo\\Barcody\\vendor\\laravel\\framework\\src\\Illuminate\\Pipeline\\Pipeline.php(180): Illuminate\\Foundation\\Http\\Middleware\\PreventRequestsDuringMaintenance->handle(Object(Illuminate\\Http\\Request), Object(Closure))
#30 C:\\Users\\mahmo\\Barcody\\vendor\\laravel\\framework\\src\\Illuminate\\Http\\Middleware\\HandleCors.php(62): Illuminate\\Pipeline\\Pipeline->Illuminate\\Pipeline\\{closure}(Object(Illuminate\\Http\\Request))
#31 C:\\Users\\mahmo\\Barcody\\vendor\\laravel\\framework\\src\\Illuminate\\Pipeline\\Pipeline.php(180): Illuminate\\Http\\Middleware\\HandleCors->handle(Object(Illuminate\\Http\\Request), Object(Closure))
#32 C:\\Users\\mahmo\\Barcody\\vendor\\laravel\\framework\\src\\Illuminate\\Http\\Middleware\\TrustProxies.php(39): Illuminate\\Pipeline\\Pipeline->Illuminate\\Pipeline\\{closure}(Object(Illuminate\\Http\\Request))
#33 C:\\Users\\mahmo\\Barcody\\vendor\\laravel\\framework\\src\\Illuminate\\Pipeline\\Pipeline.php(180): Illuminate\\Http\\Middleware\\TrustProxies->handle(Object(Illuminate\\Http\\Request), Object(Closure))
#34 C:\\Users\\mahmo\\Barcody\\vendor\\laravel\\framework\\src\\Illuminate\\Pipeline\\Pipeline.php(116): Illuminate\\Pipeline\\Pipeline->Illuminate\\Pipeline\\{closure}(Object(Illuminate\\Http\\Request))
#35 C:\\Users\\mahmo\\Barcody\\vendor\\laravel\\framework\\src\\Illuminate\\Foundation\\Http\\Kernel.php(165): Illuminate\\Pipeline\\Pipeline->then(Object(Closure))
#36 C:\\Users\\mahmo\\Barcody\\vendor\\laravel\\framework\\src\\Illuminate\\Foundation\\Http\\Kernel.php(134): Illuminate\\Foundation\\Http\\Kernel->sendRequestThroughRouter(Object(Illuminate\\Http\\Request))
#37 C:\\Users\\mahmo\\Barcody\\public\\index.php(51): Illuminate\\Foundation\\Http\\Kernel->handle(Object(Illuminate\\Http\\Request))
#38 C:\\Users\\mahmo\\Barcody\\vendor\\laravel\\framework\\src\\Illuminate\\Foundation\\resources\\server.php(16): require_once('C:\\\\Users\\\\mahmo\\\\...')
#39 {main}"} 
[2026-05-31 21:37:52] local.ERROR: Failed to send OTP {"error":"WhatsApp API key not configured","phone":"966500000099","trace":"#0 C:\\Users\\mahmo\\Barcody\\app\\Http\\Controllers\\UserauthController.php(373): App\\Http\\Controllers\\UserauthController->sendWhatsappOTP('966500000099', 623795)
#1 C:\\Users\\mahmo\\Barcody\\vendor\\laravel\\framework\\src\\Illuminate\\Routing\\Controller.php(54): App\\Http\\Controllers\\UserauthController->resendOtpApi(Object(Illuminate\\Http\\Request))
#2 C:\\Users\\mahmo\\Barcody\\vendor\\laravel\\framework\\src\\Illuminate\\Routing\\ControllerDispatcher.php(43): Illuminate\\Routing\\Controller->callAction('resendOtpApi', Array)
#3 C:\\Users\\mahmo\\Barcody\\vendor\\laravel\\framework\\src\\Illuminate\\Routing\\Route.php(259): Illuminate\\Routing\\ControllerDispatcher->dispatch(Object(Illuminate\\Routing\\Route), Object(App\\Http\\Controllers\\UserauthController), 'resendOtpApi')
#4 C:\\Users\\mahmo\\Barcody\\vendor\\laravel\\framework\\src\\Illuminate\\Routing\\Route.php(205): Illuminate\\Routing\\Route->runController()
#5 C:\\Users\\mahmo\\Barcody\\vendor\\laravel\\framework\\src\\Illuminate\\Routing\\Router.php(798): Illuminate\\Routing\\Route->run()
#6 C:\\Users\\mahmo\\Barcody\\vendor\\laravel\\framework\\src\\Illuminate\\Pipeline\\Pipeline.php(141): Illuminate\\Routing\\Router->Illuminate\\Routing\\{closure}(Object(Illuminate\\Http\\Request))
#7 C:\\Users\\mahmo\\Barcody\\vendor\\laravel\\framework\\src\\Illuminate\\Routing\\Middleware\\SubstituteBindings.php(50): Illuminate\\Pipeline\\Pipeline->Illuminate\\Pipeline\\{closure}(Object(Illuminate\\Http\\Request))
#8 C:\\Users\\mahmo\\Barcody\\vendor\\laravel\\framework\\src\\Illuminate\\Pipeline\\Pipeline.php(180): Illuminate\\Routing\\Middleware\\SubstituteBindings->handle(Object(Illuminate\\Http\\Request), Object(Closure))
#9 C:\\Users\\mahmo\\Barcody\\vendor\\laravel\\framework\\src\\Illuminate\\Routing\\Middleware\\ThrottleRequests.php(126): Illuminate\\Pipeline\\Pipeline->Illuminate\\Pipeline\\{closure}(Object(Illuminate\\Http\\Request))
#10 C:\\Users\\mahmo\\Barcody\\vendor\\laravel\\framework\\src\\Illuminate\\Routing\\Middleware\\ThrottleRequests.php(92): Illuminate\\Routing\\Middleware\\ThrottleRequests->handleRequest(Object(Illuminate\\Http\\Request), Object(Closure), Array)
#11 C:\\Users\\mahmo\\Barcody\\vendor\\laravel\\framework\\src\\Illuminate\\Routing\\Middleware\\ThrottleRequests.php(54): Illuminate\\Routing\\Middleware\\ThrottleRequests->handleRequestUsingNamedLimiter(Object(Illuminate\\Http\\Request), Object(Closure), 'api', Object(Closure))
#12 C:\\Users\\mahmo\\Barcody\\vendor\\laravel\\framework\\src\\Illuminate\\Pipeline\\Pipeline.php(180): Illuminate\\Routing\\Middleware\\ThrottleRequests->handle(Object(Illuminate\\Http\\Request), Object(Closure), 'api')
#13 C:\\Users\\mahmo\\Barcody\\vendor\\laravel\\framework\\src\\Illuminate\\Pipeline\\Pipeline.php(116): Illuminate\\Pipeline\\Pipeline->Illuminate\\Pipeline\\{closure}(Object(Illuminate\\Http\\Request))
#14 C:\\Users\\mahmo\\Barcody\\vendor\\laravel\\framework\\src\\Illuminate\\Routing\\Router.php(797): Illuminate\\Pipeline\\Pipeline->then(Object(Closure))
#15 C:\\Users\\mahmo\\Barcody\\vendor\\laravel\\framework\\src\\Illuminate\\Routing\\Router.php(776): Illuminate\\Routing\\Router->runRouteWithinStack(Object(Illuminate\\Routing\\Route), Object(Illuminate\\Http\\Request))
#16 C:\\Users\\mahmo\\Barcody\\vendor\\laravel\\framework\\src\\Illuminate\\Routing\\Router.php(740): Illuminate\\Routing\\Router->runRoute(Object(Illuminate\\Http\\Request), Object(Illuminate\\Routing\\Route))
#17 C:\\Users\\mahmo\\Barcody\\vendor\\laravel\\framework\\src\\Illuminate\\Routing\\Router.php(729): Illuminate\\Routing\\Router->dispatchToRoute(Object(Illuminate\\Http\\Request))
#18 C:\\Users\\mahmo\\Barcody\\vendor\\laravel\\framework\\src\\Illuminate\\Foundation\\Http\\Kernel.php(190): Illuminate\\Routing\\Router->dispatch(Object(Illuminate\\Http\\Request))
#19 C:\\Users\\mahmo\\Barcody\\vendor\\laravel\\framework\\src\\Illuminate\\Pipeline\\Pipeline.php(141): Illuminate\\Foundation\\Http\\Kernel->Illuminate\\Foundation\\Http\\{closure}(Object(Illuminate\\Http\\Request))
#20 C:\\Users\\mahmo\\Barcody\\vendor\\laravel\\framework\\src\\Illuminate\\Foundation\\Http\\Middleware\\TransformsRequest.php(21): Illuminate\\Pipeline\\Pipeline->Illuminate\\Pipeline\\{closure}(Object(Illuminate\\Http\\Request))
#21 C:\\Users\\mahmo\\Barcody\\vendor\\laravel\\framework\\src\\Illuminate\\Foundation\\Http\\Middleware\\ConvertEmptyStringsToNull.php(31): Illuminate\\Foundation\\Http\\Middleware\\TransformsRequest->handle(Object(Illuminate\\Http\\Request), Object(Closure))
#22 C:\\Users\\mahmo\\Barcody\\vendor\\laravel\\framework\\src\\Illuminate\\Pipeline\\Pipeline.php(180): Illuminate\\Foundation\\Http\\Middleware\\ConvertEmptyStringsToNull->handle(Object(Illuminate\\Http\\Request), Object(Closure))
#23 C:\\Users\\mahmo\\Barcody\\vendor\\laravel\\framework\\src\\Illuminate\\Foundation\\Http\\Middleware\\TransformsRequest.php(21): Illuminate\\Pipeline\\Pipeline->Illuminate\\Pipeline\\{closure}(Object(Illuminate\\Http\\Request))
#24 C:\\Users\\mahmo\\Barcody\\vendor\\laravel\\framework\\src\\Illuminate\\Foundation\\Http\\Middleware\\TrimStrings.php(40): Illuminate\\Foundation\\Http\\Middleware\\TransformsRequest->handle(Object(Illuminate\\Http\\Request), Object(Closure))
#25 C:\\Users\\mahmo\\Barcody\\vendor\\laravel\\framework\\src\\Illuminate\\Pipeline\\Pipeline.php(180): Illuminate\\Foundation\\Http\\Middleware\\TrimStrings->handle(Object(Illuminate\\Http\\Request), Object(Closure))
#26 C:\\Users\\mahmo\\Barcody\\vendor\\laravel\\framework\\src\\Illuminate\\Foundation\\Http\\Middleware\\ValidatePostSize.php(27): Illuminate\\Pipeline\\Pipeline->Illuminate\\Pipeline\\{closure}(Object(Illuminate\\Http\\Request))
#27 C:\\Users\\mahmo\\Barcody\\vendor\\laravel\\framework\\src\\Illuminate\\Pipeline\\Pipeline.php(180): Illuminate\\Foundation\\Http\\Middleware\\ValidatePostSize->handle(Object(Illuminate\\Http\\Request), Object(Closure))
#28 C:\\Users\\mahmo\\Barcody\\vendor\\laravel\\framework\\src\\Illuminate\\Foundation\\Http\\Middleware\\PreventRequestsDuringMaintenance.php(86): Illuminate\\Pipeline\\Pipeline->Illuminate\\Pipeline\\{closure}(Object(Illuminate\\Http\\Request))
#29 C:\\Users\\mahmo\\Barcody\\vendor\\laravel\\framework\\src\\Illuminate\\Pipeline\\Pipeline.php(180): Illuminate\\Foundation\\Http\\Middleware\\PreventRequestsDuringMaintenance->handle(Object(Illuminate\\Http\\Request), Object(Closure))
#30 C:\\Users\\mahmo\\Barcody\\vendor\\laravel\\framework\\src\\Illuminate\\Http\\Middleware\\HandleCors.php(62): Illuminate\\Pipeline\\Pipeline->Illuminate\\Pipeline\\{closure}(Object(Illuminate\\Http\\Request))
#31 C:\\Users\\mahmo\\Barcody\\vendor\\laravel\\framework\\src\\Illuminate\\Pipeline\\Pipeline.php(180): Illuminate\\Http\\Middleware\\HandleCors->handle(Object(Illuminate\\Http\\Request), Object(Closure))
#32 C:\\Users\\mahmo\\Barcody\\vendor\\laravel\\framework\\src\\Illuminate\\Http\\Middleware\\TrustProxies.php(39): Illuminate\\Pipeline\\Pipeline->Illuminate\\Pipeline\\{closure}(Object(Illuminate\\Http\\Request))
#33 C:\\Users\\mahmo\\Barcody\\vendor\\laravel\\framework\\src\\Illuminate\\Pipeline\\Pipeline.php(180): Illuminate\\Http\\Middleware\\TrustProxies->handle(Object(Illuminate\\Http\\Request), Object(Closure))
#34 C:\\Users\\mahmo\\Barcody\\vendor\\laravel\\framework\\src\\Illuminate\\Pipeline\\Pipeline.php(116): Illuminate\\Pipeline\\Pipeline->Illuminate\\Pipeline\\{closure}(Object(Illuminate\\Http\\Request))
#35 C:\\Users\\mahmo\\Barcody\\vendor\\laravel\\framework\\src\\Illuminate\\Foundation\\Http\\Kernel.php(165): Illuminate\\Pipeline\\Pipeline->then(Object(Closure))
#36 C:\\Users\\mahmo\\Barcody\\vendor\\laravel\\framework\\src\\Illuminate\\Foundation\\Http\\Kernel.php(134): Illuminate\\Foundation\\Http\\Kernel->sendRequestThroughRouter(Object(Illuminate\\Http\\Request))
#37 C:\\Users\\mahmo\\Barcody\\public\\index.php(51): Illuminate\\Foundation\\Http\\Kernel->handle(Object(Illuminate\\Http\\Request))
#38 C:\\Users\\mahmo\\Barcody\\vendor\\laravel\\framework\\src\\Illuminate\\Foundation\\resources\\server.php(16): require_once('C:\\\\Users\\\\mahmo\\\\...')
#39 {main}"} 
[2026-05-31 21:37:52] local.ERROR: Failed to send OTP {"error":"WhatsApp API key not configured","phone":"966500000099","trace":"#0 C:\\Users\\mahmo\\Barcody\\app\\Http\\Controllers\\UserauthController.php(605): App\\Http\\Controllers\\UserauthController->sendWhatsappOTP('966500000099', 471207)
#1 C:\\Users\\mahmo\\Barcody\\vendor\\laravel\\framework\\src\\Illuminate\\Routing\\Controller.php(54): App\\Http\\Controllers\\UserauthController->phoneLogin(Object(Illuminate\\Http\\Request))
#2 C:\\Users\\mahmo\\Barcody\\vendor\\laravel\\framework\\src\\Illuminate\\Routing\\ControllerDispatcher.php(43): Illuminate\\Routing\\Controller->callAction('phoneLogin', Array)
#3 C:\\Users\\mahmo\\Barcody\\vendor\\laravel\\framework\\src\\Illuminate\\Routing\\Route.php(259): Illuminate\\Routing\\ControllerDispatcher->dispatch(Object(Illuminate\\Routing\\Route), Object(App\\Http\\Controllers\\UserauthController), 'phoneLogin')
#4 C:\\Users\\mahmo\\Barcody\\vendor\\laravel\\framework\\src\\Illuminate\\Routing\\Route.php(205): Illuminate\\Routing\\Route->runController()
#5 C:\\Users\\mahmo\\Barcody\\vendor\\laravel\\framework\\src\\Illuminate\\Routing\\Router.php(798): Illuminate\\Routing\\Route->run()
#6 C:\\Users\\mahmo\\Barcody\\vendor\\laravel\\framework\\src\\Illuminate\\Pipeline\\Pipeline.php(141): Illuminate\\Routing\\Router->Illuminate\\Routing\\{closure}(Object(Illuminate\\Http\\Request))
#7 C:\\Users\\mahmo\\Barcody\\vendor\\laravel\\framework\\src\\Illuminate\\Routing\\Middleware\\SubstituteBindings.php(50): Illuminate\\Pipeline\\Pipeline->Illuminate\\Pipeline\\{closure}(Object(Illuminate\\Http\\Request))
#8 C:\\Users\\mahmo\\Barcody\\vendor\\laravel\\framework\\src\\Illuminate\\Pipeline\\Pipeline.php(180): Illuminate\\Routing\\Middleware\\SubstituteBindings->handle(Object(Illuminate\\Http\\Request), Object(Closure))
#9 C:\\Users\\mahmo\\Barcody\\vendor\\laravel\\framework\\src\\Illuminate\\Routing\\Middleware\\ThrottleRequests.php(126): Illuminate\\Pipeline\\Pipeline->Illuminate\\Pipeline\\{closure}(Object(Illuminate\\Http\\Request))
#10 C:\\Users\\mahmo\\Barcody\\vendor\\laravel\\framework\\src\\Illuminate\\Routing\\Middleware\\ThrottleRequests.php(92): Illuminate\\Routing\\Middleware\\ThrottleRequests->handleRequest(Object(Illuminate\\Http\\Request), Object(Closure), Array)
#11 C:\\Users\\mahmo\\Barcody\\vendor\\laravel\\framework\\src\\Illuminate\\Routing\\Middleware\\ThrottleRequests.php(54): Illuminate\\Routing\\Middleware\\ThrottleRequests->handleRequestUsingNamedLimiter(Object(Illuminate\\Http\\Request), Object(Closure), 'api', Object(Closure))
#12 C:\\Users\\mahmo\\Barcody\\vendor\\laravel\\framework\\src\\Illuminate\\Pipeline\\Pipeline.php(180): Illuminate\\Routing\\Middleware\\ThrottleRequests->handle(Object(Illuminate\\Http\\Request), Object(Closure), 'api')
#13 C:\\Users\\mahmo\\Barcody\\vendor\\laravel\\framework\\src\\Illuminate\\Pipeline\\Pipeline.php(116): Illuminate\\Pipeline\\Pipeline->Illuminate\\Pipeline\\{closure}(Object(Illuminate\\Http\\Request))
#14 C:\\Users\\mahmo\\Barcody\\vendor\\laravel\\framework\\src\\Illuminate\\Routing\\Router.php(797): Illuminate\\Pipeline\\Pipeline->then(Object(Closure))
#15 C:\\Users\\mahmo\\Barcody\\vendor\\laravel\\framework\\src\\Illuminate\\Routing\\Router.php(776): Illuminate\\Routing\\Router->runRouteWithinStack(Object(Illuminate\\Routing\\Route), Object(Illuminate\\Http\\Request))
#16 C:\\Users\\mahmo\\Barcody\\vendor\\laravel\\framework\\src\\Illuminate\\Routing\\Router.php(740): Illuminate\\Routing\\Router->runRoute(Object(Illuminate\\Http\\Request), Object(Illuminate\\Routing\\Route))
#17 C:\\Users\\mahmo\\Barcody\\vendor\\laravel\\framework\\src\\Illuminate\\Routing\\Router.php(729): Illuminate\\Routing\\Router->dispatchToRoute(Object(Illuminate\\Http\\Request))
#18 C:\\Users\\mahmo\\Barcody\\vendor\\laravel\\framework\\src\\Illuminate\\Foundation\\Http\\Kernel.php(190): Illuminate\\Routing\\Router->dispatch(Object(Illuminate\\Http\\Request))
#19 C:\\Users\\mahmo\\Barcody\\vendor\\laravel\\framework\\src\\Illuminate\\Pipeline\\Pipeline.php(141): Illuminate\\Foundation\\Http\\Kernel->Illuminate\\Foundation\\Http\\{closure}(Object(Illuminate\\Http\\Request))
#20 C:\\Users\\mahmo\\Barcody\\vendor\\laravel\\framework\\src\\Illuminate\\Foundation\\Http\\Middleware\\TransformsRequest.php(21): Illuminate\\Pipeline\\Pipeline->Illuminate\\Pipeline\\{closure}(Object(Illuminate\\Http\\Request))
#21 C:\\Users\\mahmo\\Barcody\\vendor\\laravel\\framework\\src\\Illuminate\\Foundation\\Http\\Middleware\\ConvertEmptyStringsToNull.php(31): Illuminate\\Foundation\\Http\\Middleware\\TransformsRequest->handle(Object(Illuminate\\Http\\Request), Object(Closure))
#22 C:\\Users\\mahmo\\Barcody\\vendor\\laravel\\framework\\src\\Illuminate\\Pipeline\\Pipeline.php(180): Illuminate\\Foundation\\Http\\Middleware\\ConvertEmptyStringsToNull->handle(Object(Illuminate\\Http\\Request), Object(Closure))
#23 C:\\Users\\mahmo\\Barcody\\vendor\\laravel\\framework\\src\\Illuminate\\Foundation\\Http\\Middleware\\TransformsRequest.php(21): Illuminate\\Pipeline\\Pipeline->Illuminate\\Pipeline\\{closure}(Object(Illuminate\\Http\\Request))
#24 C:\\Users\\mahmo\\Barcody\\vendor\\laravel\\framework\\src\\Illuminate\\Foundation\\Http\\Middleware\\TrimStrings.php(40): Illuminate\\Foundation\\Http\\Middleware\\TransformsRequest->handle(Object(Illuminate\\Http\\Request), Object(Closure))
#25 C:\\Users\\mahmo\\Barcody\\vendor\\laravel\\framework\\src\\Illuminate\\Pipeline\\Pipeline.php(180): Illuminate\\Foundation\\Http\\Middleware\\TrimStrings->handle(Object(Illuminate\\Http\\Request), Object(Closure))
#26 C:\\Users\\mahmo\\Barcody\\vendor\\laravel\\framework\\src\\Illuminate\\Foundation\\Http\\Middleware\\ValidatePostSize.php(27): Illuminate\\Pipeline\\Pipeline->Illuminate\\Pipeline\\{closure}(Object(Illuminate\\Http\\Request))
#27 C:\\Users\\mahmo\\Barcody\\vendor\\laravel\\framework\\src\\Illuminate\\Pipeline\\Pipeline.php(180): Illuminate\\Foundation\\Http\\Middleware\\ValidatePostSize->handle(Object(Illuminate\\Http\\Request), Object(Closure))
#28 C:\\Users\\mahmo\\Barcody\\vendor\\laravel\\framework\\src\\Illuminate\\Foundation\\Http\\Middleware\\PreventRequestsDuringMaintenance.php(86): Illuminate\\Pipeline\\Pipeline->Illuminate\\Pipeline\\{closure}(Object(Illuminate\\Http\\Request))
#29 C:\\Users\\mahmo\\Barcody\\vendor\\laravel\\framework\\src\\Illuminate\\Pipeline\\Pipeline.php(180): Illuminate\\Foundation\\Http\\Middleware\\PreventRequestsDuringMaintenance->handle(Object(Illuminate\\Http\\Request), Object(Closure))
#30 C:\\Users\\mahmo\\Barcody\\vendor\\laravel\\framework\\src\\Illuminate\\Http\\Middleware\\HandleCors.php(62): Illuminate\\Pipeline\\Pipeline->Illuminate\\Pipeline\\{closure}(Object(Illuminate\\Http\\Request))
#31 C:\\Users\\mahmo\\Barcody\\vendor\\laravel\\framework\\src\\Illuminate\\Pipeline\\Pipeline.php(180): Illuminate\\Http\\Middleware\\HandleCors->handle(Object(Illuminate\\Http\\Request), Object(Closure))
#32 C:\\Users\\mahmo\\Barcody\\vendor\\laravel\\framework\\src\\Illuminate\\Http\\Middleware\\TrustProxies.php(39): Illuminate\\Pipeline\\Pipeline->Illuminate\\Pipeline\\{closure}(Object(Illuminate\\Http\\Request))
#33 C:\\Users\\mahmo\\Barcody\\vendor\\laravel\\framework\\src\\Illuminate\\Pipeline\\Pipeline.php(180): Illuminate\\Http\\Middleware\\TrustProxies->handle(Object(Illuminate\\Http\\Request), Object(Closure))
#34 C:\\Users\\mahmo\\Barcody\\vendor\\laravel\\framework\\src\\Illuminate\\Pipeline\\Pipeline.php(116): Illuminate\\Pipeline\\Pipeline->Illuminate\\Pipeline\\{closure}(Object(Illuminate\\Http\\Request))
#35 C:\\Users\\mahmo\\Barcody\\vendor\\laravel\\framework\\src\\Illuminate\\Foundation\\Http\\Kernel.php(165): Illuminate\\Pipeline\\Pipeline->then(Object(Closure))
#36 C:\\Users\\mahmo\\Barcody\\vendor\\laravel\\framework\\src\\Illuminate\\Foundation\\Http\\Kernel.php(134): Illuminate\\Foundation\\Http\\Kernel->sendRequestThroughRouter(Object(Illuminate\\Http\\Request))
#37 C:\\Users\\mahmo\\Barcody\\public\\index.php(51): Illuminate\\Foundation\\Http\\Kernel->handle(Object(Illuminate\\Http\\Request))
#38 C:\\Users\\mahmo\\Barcody\\vendor\\laravel\\framework\\src\\Illuminate\\Foundation\\resources\\server.php(16): require_once('C:\\\\Users\\\\mahmo\\\\...')
#39 {main}"} 
[2026-05-31 21:37:53] local.ERROR: Failed to send OTP {"error":"WhatsApp API key not configured","phone":"966500000099","trace":"#0 C:\\Users\\mahmo\\Barcody\\app\\Http\\Controllers\\UserauthController.php(286): App\\Http\\Controllers\\UserauthController->sendWhatsappOTP('966500000099', 695849)
#1 C:\\Users\\mahmo\\Barcody\\vendor\\laravel\\framework\\src\\Illuminate\\Routing\\Controller.php(54): App\\Http\\Controllers\\UserauthController->forgotPassword(Object(Illuminate\\Http\\Request))
#2 C:\\Users\\mahmo\\Barcody\\vendor\\laravel\\framework\\src\\Illuminate\\Routing\\ControllerDispatcher.php(43): Illuminate\\Routing\\Controller->callAction('forgotPassword', Array)
#3 C:\\Users\\mahmo\\Barcody\\vendor\\laravel\\framework\\src\\Illuminate\\Routing\\Route.php(259): Illuminate\\Routing\\ControllerDispatcher->dispatch(Object(Illuminate\\Routing\\Route), Object(App\\Http\\Controllers\\UserauthController), 'forgotPassword')
#4 C:\\Users\\mahmo\\Barcody\\vendor\\laravel\\framework\\src\\Illuminate\\Routing\\Route.php(205): Illuminate\\Routing\\Route->runController()
#5 C:\\Users\\mahmo\\Barcody\\vendor\\laravel\\framework\\src\\Illuminate\\Routing\\Router.php(798): Illuminate\\Routing\\Route->run()
#6 C:\\Users\\mahmo\\Barcody\\vendor\\laravel\\framework\\src\\Illuminate\\Pipeline\\Pipeline.php(141): Illuminate\\Routing\\Router->Illuminate\\Routing\\{closure}(Object(Illuminate\\Http\\Request))
#7 C:\\Users\\mahmo\\Barcody\\vendor\\laravel\\framework\\src\\Illuminate\\Routing\\Middleware\\SubstituteBindings.php(50): Illuminate\\Pipeline\\Pipeline->Illuminate\\Pipeline\\{closure}(Object(Illuminate\\Http\\Request))
#8 C:\\Users\\mahmo\\Barcody\\vendor\\laravel\\framework\\src\\Illuminate\\Pipeline\\Pipeline.php(180): Illuminate\\Routing\\Middleware\\SubstituteBindings->handle(Object(Illuminate\\Http\\Request), Object(Closure))
#9 C:\\Users\\mahmo\\Barcody\\vendor\\laravel\\framework\\src\\Illuminate\\Routing\\Middleware\\ThrottleRequests.php(126): Illuminate\\Pipeline\\Pipeline->Illuminate\\Pipeline\\{closure}(Object(Illuminate\\Http\\Request))
#10 C:\\Users\\mahmo\\Barcody\\vendor\\laravel\\framework\\src\\Illuminate\\Routing\\Middleware\\ThrottleRequests.php(92): Illuminate\\Routing\\Middleware\\ThrottleRequests->handleRequest(Object(Illuminate\\Http\\Request), Object(Closure), Array)
#11 C:\\Users\\mahmo\\Barcody\\vendor\\laravel\\framework\\src\\Illuminate\\Routing\\Middleware\\ThrottleRequests.php(54): Illuminate\\Routing\\Middleware\\ThrottleRequests->handleRequestUsingNamedLimiter(Object(Illuminate\\Http\\Request), Object(Closure), 'api', Object(Closure))
#12 C:\\Users\\mahmo\\Barcody\\vendor\\laravel\\framework\\src\\Illuminate\\Pipeline\\Pipeline.php(180): Illuminate\\Routing\\Middleware\\ThrottleRequests->handle(Object(Illuminate\\Http\\Request), Object(Closure), 'api')
#13 C:\\Users\\mahmo\\Barcody\\vendor\\laravel\\framework\\src\\Illuminate\\Pipeline\\Pipeline.php(116): Illuminate\\Pipeline\\Pipeline->Illuminate\\Pipeline\\{closure}(Object(Illuminate\\Http\\Request))
#14 C:\\Users\\mahmo\\Barcody\\vendor\\laravel\\framework\\src\\Illuminate\\Routing\\Router.php(797): Illuminate\\Pipeline\\Pipeline->then(Object(Closure))
#15 C:\\Users\\mahmo\\Barcody\\vendor\\laravel\\framework\\src\\Illuminate\\Routing\\Router.php(776): Illuminate\\Routing\\Router->runRouteWithinStack(Object(Illuminate\\Routing\\Route), Object(Illuminate\\Http\\Request))
#16 C:\\Users\\mahmo\\Barcody\\vendor\\laravel\\framework\\src\\Illuminate\\Routing\\Router.php(740): Illuminate\\Routing\\Router->runRoute(Object(Illuminate\\Http\\Request), Object(Illuminate\\Routing\\Route))
#17 C:\\Users\\mahmo\\Barcody\\vendor\\laravel\\framework\\src\\Illuminate\\Routing\\Router.php(729): Illuminate\\Routing\\Router->dispatchToRoute(Object(Illuminate\\Http\\Request))
#18 C:\\Users\\mahmo\\Barcody\\vendor\\laravel\\framework\\src\\Illuminate\\Foundation\\Http\\Kernel.php(190): Illuminate\\Routing\\Router->dispatch(Object(Illuminate\\Http\\Request))
#19 C:\\Users\\mahmo\\Barcody\\vendor\\laravel\\framework\\src\\Illuminate\\Pipeline\\Pipeline.php(141): Illuminate\\Foundation\\Http\\Kernel->Illuminate\\Foundation\\Http\\{closure}(Object(Illuminate\\Http\\Request))
#20 C:\\Users\\mahmo\\Barcody\\vendor\\laravel\\framework\\src\\Illuminate\\Foundation\\Http\\Middleware\\TransformsRequest.php(21): Illuminate\\Pipeline\\Pipeline->Illuminate\\Pipeline\\{closure}(Object(Illuminate\\Http\\Request))
#21 C:\\Users\\mahmo\\Barcody\\vendor\\laravel\\framework\\src\\Illuminate\\Foundation\\Http\\Middleware\\ConvertEmptyStringsToNull.php(31): Illuminate\\Foundation\\Http\\Middleware\\TransformsRequest->handle(Object(Illuminate\\Http\\Request), Object(Closure))
#22 C:\\Users\\mahmo\\Barcody\\vendor\\laravel\\framework\\src\\Illuminate\\Pipeline\\Pipeline.php(180): Illuminate\\Foundation\\Http\\Middleware\\ConvertEmptyStringsToNull->handle(Object(Illuminate\\Http\\Request), Object(Closure))
#23 C:\\Users\\mahmo\\Barcody\\vendor\\laravel\\framework\\src\\Illuminate\\Foundation\\Http\\Middleware\\TransformsRequest.php(21): Illuminate\\Pipeline\\Pipeline->Illuminate\\Pipeline\\{closure}(Object(Illuminate\\Http\\Request))
#24 C:\\Users\\mahmo\\Barcody\\vendor\\laravel\\framework\\src\\Illuminate\\Foundation\\Http\\Middleware\\TrimStrings.php(40): Illuminate\\Foundation\\Http\\Middleware\\TransformsRequest->handle(Object(Illuminate\\Http\\Request), Object(Closure))
#25 C:\\Users\\mahmo\\Barcody\\vendor\\laravel\\framework\\src\\Illuminate\\Pipeline\\Pipeline.php(180): Illuminate\\Foundation\\Http\\Middleware\\TrimStrings->handle(Object(Illuminate\\Http\\Request), Object(Closure))
#26 C:\\Users\\mahmo\\Barcody\\vendor\\laravel\\framework\\src\\Illuminate\\Foundation\\Http\\Middleware\\ValidatePostSize.php(27): Illuminate\\Pipeline\\Pipeline->Illuminate\\Pipeline\\{closure}(Object(Illuminate\\Http\\Request))
#27 C:\\Users\\mahmo\\Barcody\\vendor\\laravel\\framework\\src\\Illuminate\\Pipeline\\Pipeline.php(180): Illuminate\\Foundation\\Http\\Middleware\\ValidatePostSize->handle(Object(Illuminate\\Http\\Request), Object(Closure))
#28 C:\\Users\\mahmo\\Barcody\\vendor\\laravel\\framework\\src\\Illuminate\\Foundation\\Http\\Middleware\\PreventRequestsDuringMaintenance.php(86): Illuminate\\Pipeline\\Pipeline->Illuminate\\Pipeline\\{closure}(Object(Illuminate\\Http\\Request))
#29 C:\\Users\\mahmo\\Barcody\\vendor\\laravel\\framework\\src\\Illuminate\\Pipeline\\Pipeline.php(180): Illuminate\\Foundation\\Http\\Middleware\\PreventRequestsDuringMaintenance->handle(Object(Illuminate\\Http\\Request), Object(Closure))
#30 C:\\Users\\mahmo\\Barcody\\vendor\\laravel\\framework\\src\\Illuminate\\Http\\Middleware\\HandleCors.php(62): Illuminate\\Pipeline\\Pipeline->Illuminate\\Pipeline\\{closure}(Object(Illuminate\\Http\\Request))
#31 C:\\Users\\mahmo\\Barcody\\vendor\\laravel\\framework\\src\\Illuminate\\Pipeline\\Pipeline.php(180): Illuminate\\Http\\Middleware\\HandleCors->handle(Object(Illuminate\\Http\\Request), Object(Closure))
#32 C:\\Users\\mahmo\\Barcody\\vendor\\laravel\\framework\\src\\Illuminate\\Http\\Middleware\\TrustProxies.php(39): Illuminate\\Pipeline\\Pipeline->Illuminate\\Pipeline\\{closure}(Object(Illuminate\\Http\\Request))
#33 C:\\Users\\mahmo\\Barcody\\vendor\\laravel\\framework\\src\\Illuminate\\Pipeline\\Pipeline.php(180): Illuminate\\Http\\Middleware\\TrustProxies->handle(Object(Illuminate\\Http\\Request), Object(Closure))
#34 C:\\Users\\mahmo\\Barcody\\vendor\\laravel\\framework\\src\\Illuminate\\Pipeline\\Pipeline.php(116): Illuminate\\Pipeline\\Pipeline->Illuminate\\Pipeline\\{closure}(Object(Illuminate\\Http\\Request))
#35 C:\\Users\\mahmo\\Barcody\\vendor\\laravel\\framework\\src\\Illuminate\\Foundation\\Http\\Kernel.php(165): Illuminate\\Pipeline\\Pipeline->then(Object(Closure))
#36 C:\\Users\\mahmo\\Barcody\\vendor\\laravel\\framework\\src\\Illuminate\\Foundation\\Http\\Kernel.php(134): Illuminate\\Foundation\\Http\\Kernel->sendRequestThroughRouter(Object(Illuminate\\Http\\Request))
#37 C:\\Users\\mahmo\\Barcody\\public\\index.php(51): Illuminate\\Foundation\\Http\\Kernel->handle(Object(Illuminate\\Http\\Request))
#38 C:\\Users\\mahmo\\Barcody\\vendor\\laravel\\framework\\src\\Illuminate\\Foundation\\resources\\server.php(16): require_once('C:\\\\Users\\\\mahmo\\\\...')
#39 {main}"} 
[2026-05-31 21:39:51] local.ERROR: Failed to send OTP {"error":"WhatsApp API key not configured","phone":"966500000099","trace":"#0 C:\\Users\\mahmo\\Barcody\\app\\Http\\Controllers\\UserauthController.php(431): App\\Http\\Controllers\\UserauthController->sendWhatsappOTP('966500000099', 631528)
#1 C:\\Users\\mahmo\\Barcody\\vendor\\laravel\\framework\\src\\Illuminate\\Routing\\Controller.php(54): App\\Http\\Controllers\\UserauthController->loginApi(Object(Illuminate\\Http\\Request))
#2 C:\\Users\\mahmo\\Barcody\\vendor\\laravel\\framework\\src\\Illuminate\\Routing\\ControllerDispatcher.php(43): Illuminate\\Routing\\Controller->callAction('loginApi', Array)
#3 C:\\Users\\mahmo\\Barcody\\vendor\\laravel\\framework\\src\\Illuminate\\Routing\\Route.php(259): Illuminate\\Routing\\ControllerDispatcher->dispatch(Object(Illuminate\\Routing\\Route), Object(App\\Http\\Controllers\\UserauthController), 'loginApi')
#4 C:\\Users\\mahmo\\Barcody\\vendor\\laravel\\framework\\src\\Illuminate\\Routing\\Route.php(205): Illuminate\\Routing\\Route->runController()
#5 C:\\Users\\mahmo\\Barcody\\vendor\\laravel\\framework\\src\\Illuminate\\Routing\\Router.php(798): Illuminate\\Routing\\Route->run()
#6 C:\\Users\\mahmo\\Barcody\\vendor\\laravel\\framework\\src\\Illuminate\\Pipeline\\Pipeline.php(141): Illuminate\\Routing\\Router->Illuminate\\Routing\\{closure}(Object(Illuminate\\Http\\Request))
#7 C:\\Users\\mahmo\\Barcody\\vendor\\laravel\\framework\\src\\Illuminate\\Routing\\Middleware\\SubstituteBindings.php(50): Illuminate\\Pipeline\\Pipeline->Illuminate\\Pipeline\\{closure}(Object(Illuminate\\Http\\Request))
#8 C:\\Users\\mahmo\\Barcody\\vendor\\laravel\\framework\\src\\Illuminate\\Pipeline\\Pipeline.php(180): Illuminate\\Routing\\Middleware\\SubstituteBindings->handle(Object(Illuminate\\Http\\Request), Object(Closure))
#9 C:\\Users\\mahmo\\Barcody\\vendor\\laravel\\framework\\src\\Illuminate\\Routing\\Middleware\\ThrottleRequests.php(126): Illuminate\\Pipeline\\Pipeline->Illuminate\\Pipeline\\{closure}(Object(Illuminate\\Http\\Request))
#10 C:\\Users\\mahmo\\Barcody\\vendor\\laravel\\framework\\src\\Illuminate\\Routing\\Middleware\\ThrottleRequests.php(92): Illuminate\\Routing\\Middleware\\ThrottleRequests->handleRequest(Object(Illuminate\\Http\\Request), Object(Closure), Array)
#11 C:\\Users\\mahmo\\Barcody\\vendor\\laravel\\framework\\src\\Illuminate\\Routing\\Middleware\\ThrottleRequests.php(54): Illuminate\\Routing\\Middleware\\ThrottleRequests->handleRequestUsingNamedLimiter(Object(Illuminate\\Http\\Request), Object(Closure), 'api', Object(Closure))
#12 C:\\Users\\mahmo\\Barcody\\vendor\\laravel\\framework\\src\\Illuminate\\Pipeline\\Pipeline.php(180): Illuminate\\Routing\\Middleware\\ThrottleRequests->handle(Object(Illuminate\\Http\\Request), Object(Closure), 'api')
#13 C:\\Users\\mahmo\\Barcody\\vendor\\laravel\\framework\\src\\Illuminate\\Pipeline\\Pipeline.php(116): Illuminate\\Pipeline\\Pipeline->Illuminate\\Pipeline\\{closure}(Object(Illuminate\\Http\\Request))
#14 C:\\Users\\mahmo\\Barcody\\vendor\\laravel\\framework\\src\\Illuminate\\Routing\\Router.php(797): Illuminate\\Pipeline\\Pipeline->then(Object(Closure))
#15 C:\\Users\\mahmo\\Barcody\\vendor\\laravel\\framework\\src\\Illuminate\\Routing\\Router.php(776): Illuminate\\Routing\\Router->runRouteWithinStack(Object(Illuminate\\Routing\\Route), Object(Illuminate\\Http\\Request))
#16 C:\\Users\\mahmo\\Barcody\\vendor\\laravel\\framework\\src\\Illuminate\\Routing\\Router.php(740): Illuminate\\Routing\\Router->runRoute(Object(Illuminate\\Http\\Request), Object(Illuminate\\Routing\\Route))
#17 C:\\Users\\mahmo\\Barcody\\vendor\\laravel\\framework\\src\\Illuminate\\Routing\\Router.php(729): Illuminate\\Routing\\Router->dispatchToRoute(Object(Illuminate\\Http\\Request))
#18 C:\\Users\\mahmo\\Barcody\\vendor\\laravel\\framework\\src\\Illuminate\\Foundation\\Http\\Kernel.php(190): Illuminate\\Routing\\Router->dispatch(Object(Illuminate\\Http\\Request))
#19 C:\\Users\\mahmo\\Barcody\\vendor\\laravel\\framework\\src\\Illuminate\\Pipeline\\Pipeline.php(141): Illuminate\\Foundation\\Http\\Kernel->Illuminate\\Foundation\\Http\\{closure}(Object(Illuminate\\Http\\Request))
#20 C:\\Users\\mahmo\\Barcody\\vendor\\laravel\\framework\\src\\Illuminate\\Foundation\\Http\\Middleware\\TransformsRequest.php(21): Illuminate\\Pipeline\\Pipeline->Illuminate\\Pipeline\\{closure}(Object(Illuminate\\Http\\Request))
#21 C:\\Users\\mahmo\\Barcody\\vendor\\laravel\\framework\\src\\Illuminate\\Foundation\\Http\\Middleware\\ConvertEmptyStringsToNull.php(31): Illuminate\\Foundation\\Http\\Middleware\\TransformsRequest->handle(Object(Illuminate\\Http\\Request), Object(Closure))
#22 C:\\Users\\mahmo\\Barcody\\vendor\\laravel\\framework\\src\\Illuminate\\Pipeline\\Pipeline.php(180): Illuminate\\Foundation\\Http\\Middleware\\ConvertEmptyStringsToNull->handle(Object(Illuminate\\Http\\Request), Object(Closure))
#23 C:\\Users\\mahmo\\Barcody\\vendor\\laravel\\framework\\src\\Illuminate\\Foundation\\Http\\Middleware\\TransformsRequest.php(21): Illuminate\\Pipeline\\Pipeline->Illuminate\\Pipeline\\{closure}(Object(Illuminate\\Http\\Request))
#24 C:\\Users\\mahmo\\Barcody\\vendor\\laravel\\framework\\src\\Illuminate\\Foundation\\Http\\Middleware\\TrimStrings.php(40): Illuminate\\Foundation\\Http\\Middleware\\TransformsRequest->handle(Object(Illuminate\\Http\\Request), Object(Closure))
#25 C:\\Users\\mahmo\\Barcody\\vendor\\laravel\\framework\\src\\Illuminate\\Pipeline\\Pipeline.php(180): Illuminate\\Foundation\\Http\\Middleware\\TrimStrings->handle(Object(Illuminate\\Http\\Request), Object(Closure))
#26 C:\\Users\\mahmo\\Barcody\\vendor\\laravel\\framework\\src\\Illuminate\\Foundation\\Http\\Middleware\\ValidatePostSize.php(27): Illuminate\\Pipeline\\Pipeline->Illuminate\\Pipeline\\{closure}(Object(Illuminate\\Http\\Request))
#27 C:\\Users\\mahmo\\Barcody\\vendor\\laravel\\framework\\src\\Illuminate\\Pipeline\\Pipeline.php(180): Illuminate\\Foundation\\Http\\Middleware\\ValidatePostSize->handle(Object(Illuminate\\Http\\Request), Object(Closure))
#28 C:\\Users\\mahmo\\Barcody\\vendor\\laravel\\framework\\src\\Illuminate\\Foundation\\Http\\Middleware\\PreventRequestsDuringMaintenance.php(86): Illuminate\\Pipeline\\Pipeline->Illuminate\\Pipeline\\{closure}(Object(Illuminate\\Http\\Request))
#29 C:\\Users\\mahmo\\Barcody\\vendor\\laravel\\framework\\src\\Illuminate\\Pipeline\\Pipeline.php(180): Illuminate\\Foundation\\Http\\Middleware\\PreventRequestsDuringMaintenance->handle(Object(Illuminate\\Http\\Request), Object(Closure))
#30 C:\\Users\\mahmo\\Barcody\\vendor\\laravel\\framework\\src\\Illuminate\\Http\\Middleware\\HandleCors.php(62): Illuminate\\Pipeline\\Pipeline->Illuminate\\Pipeline\\{closure}(Object(Illuminate\\Http\\Request))
#31 C:\\Users\\mahmo\\Barcody\\vendor\\laravel\\framework\\src\\Illuminate\\Pipeline\\Pipeline.php(180): Illuminate\\Http\\Middleware\\HandleCors->handle(Object(Illuminate\\Http\\Request), Object(Closure))
#32 C:\\Users\\mahmo\\Barcody\\vendor\\laravel\\framework\\src\\Illuminate\\Http\\Middleware\\TrustProxies.php(39): Illuminate\\Pipeline\\Pipeline->Illuminate\\Pipeline\\{closure}(Object(Illuminate\\Http\\Request))
#33 C:\\Users\\mahmo\\Barcody\\vendor\\laravel\\framework\\src\\Illuminate\\Pipeline\\Pipeline.php(180): Illuminate\\Http\\Middleware\\TrustProxies->handle(Object(Illuminate\\Http\\Request), Object(Closure))
#34 C:\\Users\\mahmo\\Barcody\\vendor\\laravel\\framework\\src\\Illuminate\\Pipeline\\Pipeline.php(116): Illuminate\\Pipeline\\Pipeline->Illuminate\\Pipeline\\{closure}(Object(Illuminate\\Http\\Request))
#35 C:\\Users\\mahmo\\Barcody\\vendor\\laravel\\framework\\src\\Illuminate\\Foundation\\Http\\Kernel.php(165): Illuminate\\Pipeline\\Pipeline->then(Object(Closure))
#36 C:\\Users\\mahmo\\Barcody\\vendor\\laravel\\framework\\src\\Illuminate\\Foundation\\Http\\Kernel.php(134): Illuminate\\Foundation\\Http\\Kernel->sendRequestThroughRouter(Object(Illuminate\\Http\\Request))
#37 C:\\Users\\mahmo\\Barcody\\public\\index.php(51): Illuminate\\Foundation\\Http\\Kernel->handle(Object(Illuminate\\Http\\Request))
#38 C:\\Users\\mahmo\\Barcody\\vendor\\laravel\\framework\\src\\Illuminate\\Foundation\\resources\\server.php(16): require_once('C:\\\\Users\\\\mahmo\\\\...')
#39 {main}"} 
[2026-05-31 21:39:51] local.ERROR: Failed to send OTP {"error":"WhatsApp API key not configured","phone":"966500000099","trace":"#0 C:\\Users\\mahmo\\Barcody\\app\\Http\\Controllers\\UserauthController.php(373): App\\Http\\Controllers\\UserauthController->sendWhatsappOTP('966500000099', 981949)
#1 C:\\Users\\mahmo\\Barcody\\vendor\\laravel\\framework\\src\\Illuminate\\Routing\\Controller.php(54): App\\Http\\Controllers\\UserauthController->resendOtpApi(Object(Illuminate\\Http\\Request))
#2 C:\\Users\\mahmo\\Barcody\\vendor\\laravel\\framework\\src\\Illuminate\\Routing\\ControllerDispatcher.php(43): Illuminate\\Routing\\Controller->callAction('resendOtpApi', Array)
#3 C:\\Users\\mahmo\\Barcody\\vendor\\laravel\\framework\\src\\Illuminate\\Routing\\Route.php(259): Illuminate\\Routing\\ControllerDispatcher->dispatch(Object(Illuminate\\Routing\\Route), Object(App\\Http\\Controllers\\UserauthController), 'resendOtpApi')
#4 C:\\Users\\mahmo\\Barcody\\vendor\\laravel\\framework\\src\\Illuminate\\Routing\\Route.php(205): Illuminate\\Routing\\Route->runController()
#5 C:\\Users\\mahmo\\Barcody\\vendor\\laravel\\framework\\src\\Illuminate\\Routing\\Router.php(798): Illuminate\\Routing\\Route->run()
#6 C:\\Users\\mahmo\\Barcody\\vendor\\laravel\\framework\\src\\Illuminate\\Pipeline\\Pipeline.php(141): Illuminate\\Routing\\Router->Illuminate\\Routing\\{closure}(Object(Illuminate\\Http\\Request))
#7 C:\\Users\\mahmo\\Barcody\\vendor\\laravel\\framework\\src\\Illuminate\\Routing\\Middleware\\SubstituteBindings.php(50): Illuminate\\Pipeline\\Pipeline->Illuminate\\Pipeline\\{closure}(Object(Illuminate\\Http\\Request))
#8 C:\\Users\\mahmo\\Barcody\\vendor\\laravel\\framework\\src\\Illuminate\\Pipeline\\Pipeline.php(180): Illuminate\\Routing\\Middleware\\SubstituteBindings->handle(Object(Illuminate\\Http\\Request), Object(Closure))
#9 C:\\Users\\mahmo\\Barcody\\vendor\\laravel\\framework\\src\\Illuminate\\Routing\\Middleware\\ThrottleRequests.php(126): Illuminate\\Pipeline\\Pipeline->Illuminate\\Pipeline\\{closure}(Object(Illuminate\\Http\\Request))
#10 C:\\Users\\mahmo\\Barcody\\vendor\\laravel\\framework\\src\\Illuminate\\Routing\\Middleware\\ThrottleRequests.php(92): Illuminate\\Routing\\Middleware\\ThrottleRequests->handleRequest(Object(Illuminate\\Http\\Request), Object(Closure), Array)
#11 C:\\Users\\mahmo\\Barcody\\vendor\\laravel\\framework\\src\\Illuminate\\Routing\\Middleware\\ThrottleRequests.php(54): Illuminate\\Routing\\Middleware\\ThrottleRequests->handleRequestUsingNamedLimiter(Object(Illuminate\\Http\\Request), Object(Closure), 'api', Object(Closure))
#12 C:\\Users\\mahmo\\Barcody\\vendor\\laravel\\framework\\src\\Illuminate\\Pipeline\\Pipeline.php(180): Illuminate\\Routing\\Middleware\\ThrottleRequests->handle(Object(Illuminate\\Http\\Request), Object(Closure), 'api')
#13 C:\\Users\\mahmo\\Barcody\\vendor\\laravel\\framework\\src\\Illuminate\\Pipeline\\Pipeline.php(116): Illuminate\\Pipeline\\Pipeline->Illuminate\\Pipeline\\{closure}(Object(Illuminate\\Http\\Request))
#14 C:\\Users\\mahmo\\Barcody\\vendor\\laravel\\framework\\src\\Illuminate\\Routing\\Router.php(797): Illuminate\\Pipeline\\Pipeline->then(Object(Closure))
#15 C:\\Users\\mahmo\\Barcody\\vendor\\laravel\\framework\\src\\Illuminate\\Routing\\Router.php(776): Illuminate\\Routing\\Router->runRouteWithinStack(Object(Illuminate\\Routing\\Route), Object(Illuminate\\Http\\Request))
#16 C:\\Users\\mahmo\\Barcody\\vendor\\laravel\\framework\\src\\Illuminate\\Routing\\Router.php(740): Illuminate\\Routing\\Router->runRoute(Object(Illuminate\\Http\\Request), Object(Illuminate\\Routing\\Route))
#17 C:\\Users\\mahmo\\Barcody\\vendor\\laravel\\framework\\src\\Illuminate\\Routing\\Router.php(729): Illuminate\\Routing\\Router->dispatchToRoute(Object(Illuminate\\Http\\Request))
#18 C:\\Users\\mahmo\\Barcody\\vendor\\laravel\\framework\\src\\Illuminate\\Foundation\\Http\\Kernel.php(190): Illuminate\\Routing\\Router->dispatch(Object(Illuminate\\Http\\Request))
#19 C:\\Users\\mahmo\\Barcody\\vendor\\laravel\\framework\\src\\Illuminate\\Pipeline\\Pipeline.php(141): Illuminate\\Foundation\\Http\\Kernel->Illuminate\\Foundation\\Http\\{closure}(Object(Illuminate\\Http\\Request))
#20 C:\\Users\\mahmo\\Barcody\\vendor\\laravel\\framework\\src\\Illuminate\\Foundation\\Http\\Middleware\\TransformsRequest.php(21): Illuminate\\Pipeline\\Pipeline->Illuminate\\Pipeline\\{closure}(Object(Illuminate\\Http\\Request))
#21 C:\\Users\\mahmo\\Barcody\\vendor\\laravel\\framework\\src\\Illuminate\\Foundation\\Http\\Middleware\\ConvertEmptyStringsToNull.php(31): Illuminate\\Foundation\\Http\\Middleware\\TransformsRequest->handle(Object(Illuminate\\Http\\Request), Object(Closure))
#22 C:\\Users\\mahmo\\Barcody\\vendor\\laravel\\framework\\src\\Illuminate\\Pipeline\\Pipeline.php(180): Illuminate\\Foundation\\Http\\Middleware\\ConvertEmptyStringsToNull->handle(Object(Illuminate\\Http\\Request), Object(Closure))
#23 C:\\Users\\mahmo\\Barcody\\vendor\\laravel\\framework\\src\\Illuminate\\Foundation\\Http\\Middleware\\TransformsRequest.php(21): Illuminate\\Pipeline\\Pipeline->Illuminate\\Pipeline\\{closure}(Object(Illuminate\\Http\\Request))
#24 C:\\Users\\mahmo\\Barcody\\vendor\\laravel\\framework\\src\\Illuminate\\Foundation\\Http\\Middleware\\TrimStrings.php(40): Illuminate\\Foundation\\Http\\Middleware\\TransformsRequest->handle(Object(Illuminate\\Http\\Request), Object(Closure))
#25 C:\\Users\\mahmo\\Barcody\\vendor\\laravel\\framework\\src\\Illuminate\\Pipeline\\Pipeline.php(180): Illuminate\\Foundation\\Http\\Middleware\\TrimStrings->handle(Object(Illuminate\\Http\\Request), Object(Closure))
#26 C:\\Users\\mahmo\\Barcody\\vendor\\laravel\\framework\\src\\Illuminate\\Foundation\\Http\\Middleware\\ValidatePostSize.php(27): Illuminate\\Pipeline\\Pipeline->Illuminate\\Pipeline\\{closure}(Object(Illuminate\\Http\\Request))
#27 C:\\Users\\mahmo\\Barcody\\vendor\\laravel\\framework\\src\\Illuminate\\Pipeline\\Pipeline.php(180): Illuminate\\Foundation\\Http\\Middleware\\ValidatePostSize->handle(Object(Illuminate\\Http\\Request), Object(Closure))
#28 C:\\Users\\mahmo\\Barcody\\vendor\\laravel\\framework\\src\\Illuminate\\Foundation\\Http\\Middleware\\PreventRequestsDuringMaintenance.php(86): Illuminate\\Pipeline\\Pipeline->Illuminate\\Pipeline\\{closure}(Object(Illuminate\\Http\\Request))
#29 C:\\Users\\mahmo\\Barcody\\vendor\\laravel\\framework\\src\\Illuminate\\Pipeline\\Pipeline.php(180): Illuminate\\Foundation\\Http\\Middleware\\PreventRequestsDuringMaintenance->handle(Object(Illuminate\\Http\\Request), Object(Closure))
#30 C:\\Users\\mahmo\\Barcody\\vendor\\laravel\\framework\\src\\Illuminate\\Http\\Middleware\\HandleCors.php(62): Illuminate\\Pipeline\\Pipeline->Illuminate\\Pipeline\\{closure}(Object(Illuminate\\Http\\Request))
#31 C:\\Users\\mahmo\\Barcody\\vendor\\laravel\\framework\\src\\Illuminate\\Pipeline\\Pipeline.php(180): Illuminate\\Http\\Middleware\\HandleCors->handle(Object(Illuminate\\Http\\Request), Object(Closure))
#32 C:\\Users\\mahmo\\Barcody\\vendor\\laravel\\framework\\src\\Illuminate\\Http\\Middleware\\TrustProxies.php(39): Illuminate\\Pipeline\\Pipeline->Illuminate\\Pipeline\\{closure}(Object(Illuminate\\Http\\Request))
#33 C:\\Users\\mahmo\\Barcody\\vendor\\laravel\\framework\\src\\Illuminate\\Pipeline\\Pipeline.php(180): Illuminate\\Http\\Middleware\\TrustProxies->handle(Object(Illuminate\\Http\\Request), Object(Closure))
#34 C:\\Users\\mahmo\\Barcody\\vendor\\laravel\\framework\\src\\Illuminate\\Pipeline\\Pipeline.php(116): Illuminate\\Pipeline\\Pipeline->Illuminate\\Pipeline\\{closure}(Object(Illuminate\\Http\\Request))
#35 C:\\Users\\mahmo\\Barcody\\vendor\\laravel\\framework\\src\\Illuminate\\Foundation\\Http\\Kernel.php(165): Illuminate\\Pipeline\\Pipeline->then(Object(Closure))
#36 C:\\Users\\mahmo\\Barcody\\vendor\\laravel\\framework\\src\\Illuminate\\Foundation\\Http\\Kernel.php(134): Illuminate\\Foundation\\Http\\Kernel->sendRequestThroughRouter(Object(Illuminate\\Http\\Request))
#37 C:\\Users\\mahmo\\Barcody\\public\\index.php(51): Illuminate\\Foundation\\Http\\Kernel->handle(Object(Illuminate\\Http\\Request))
#38 C:\\Users\\mahmo\\Barcody\\vendor\\laravel\\framework\\src\\Illuminate\\Foundation\\resources\\server.php(16): require_once('C:\\\\Users\\\\mahmo\\\\...')
#39 {main}"} 
[2026-05-31 21:39:51] local.ERROR: Failed to send OTP {"error":"WhatsApp API key not configured","phone":"966500000099","trace":"#0 C:\\Users\\mahmo\\Barcody\\app\\Http\\Controllers\\UserauthController.php(605): App\\Http\\Controllers\\UserauthController->sendWhatsappOTP('966500000099', 410043)
#1 C:\\Users\\mahmo\\Barcody\\vendor\\laravel\\framework\\src\\Illuminate\\Routing\\Controller.php(54): App\\Http\\Controllers\\UserauthController->phoneLogin(Object(Illuminate\\Http\\Request))
#2 C:\\Users\\mahmo\\Barcody\\vendor\\laravel\\framework\\src\\Illuminate\\Routing\\ControllerDispatcher.php(43): Illuminate\\Routing\\Controller->callAction('phoneLogin', Array)
#3 C:\\Users\\mahmo\\Barcody\\vendor\\laravel\\framework\\src\\Illuminate\\Routing\\Route.php(259): Illuminate\\Routing\\ControllerDispatcher->dispatch(Object(Illuminate\\Routing\\Route), Object(App\\Http\\Controllers\\UserauthController), 'phoneLogin')
#4 C:\\Users\\mahmo\\Barcody\\vendor\\laravel\\framework\\src\\Illuminate\\Routing\\Route.php(205): Illuminate\\Routing\\Route->runController()
#5 C:\\Users\\mahmo\\Barcody\\vendor\\laravel\\framework\\src\\Illuminate\\Routing\\Router.php(798): Illuminate\\Routing\\Route->run()
#6 C:\\Users\\mahmo\\Barcody\\vendor\\laravel\\framework\\src\\Illuminate\\Pipeline\\Pipeline.php(141): Illuminate\\Routing\\Router->Illuminate\\Routing\\{closure}(Object(Illuminate\\Http\\Request))
#7 C:\\Users\\mahmo\\Barcody\\vendor\\laravel\\framework\\src\\Illuminate\\Routing\\Middleware\\SubstituteBindings.php(50): Illuminate\\Pipeline\\Pipeline->Illuminate\\Pipeline\\{closure}(Object(Illuminate\\Http\\Request))
#8 C:\\Users\\mahmo\\Barcody\\vendor\\laravel\\framework\\src\\Illuminate\\Pipeline\\Pipeline.php(180): Illuminate\\Routing\\Middleware\\SubstituteBindings->handle(Object(Illuminate\\Http\\Request), Object(Closure))
#9 C:\\Users\\mahmo\\Barcody\\vendor\\laravel\\framework\\src\\Illuminate\\Routing\\Middleware\\ThrottleRequests.php(126): Illuminate\\Pipeline\\Pipeline->Illuminate\\Pipeline\\{closure}(Object(Illuminate\\Http\\Request))
#10 C:\\Users\\mahmo\\Barcody\\vendor\\laravel\\framework\\src\\Illuminate\\Routing\\Middleware\\ThrottleRequests.php(92): Illuminate\\Routing\\Middleware\\ThrottleRequests->handleRequest(Object(Illuminate\\Http\\Request), Object(Closure), Array)
#11 C:\\Users\\mahmo\\Barcody\\vendor\\laravel\\framework\\src\\Illuminate\\Routing\\Middleware\\ThrottleRequests.php(54): Illuminate\\Routing\\Middleware\\ThrottleRequests->handleRequestUsingNamedLimiter(Object(Illuminate\\Http\\Request), Object(Closure), 'api', Object(Closure))
#12 C:\\Users\\mahmo\\Barcody\\vendor\\laravel\\framework\\src\\Illuminate\\Pipeline\\Pipeline.php(180): Illuminate\\Routing\\Middleware\\ThrottleRequests->handle(Object(Illuminate\\Http\\Request), Object(Closure), 'api')
#13 C:\\Users\\mahmo\\Barcody\\vendor\\laravel\\framework\\src\\Illuminate\\Pipeline\\Pipeline.php(116): Illuminate\\Pipeline\\Pipeline->Illuminate\\Pipeline\\{closure}(Object(Illuminate\\Http\\Request))
#14 C:\\Users\\mahmo\\Barcody\\vendor\\laravel\\framework\\src\\Illuminate\\Routing\\Router.php(797): Illuminate\\Pipeline\\Pipeline->then(Object(Closure))
#15 C:\\Users\\mahmo\\Barcody\\vendor\\laravel\\framework\\src\\Illuminate\\Routing\\Router.php(776): Illuminate\\Routing\\Router->runRouteWithinStack(Object(Illuminate\\Routing\\Route), Object(Illuminate\\Http\\Request))
#16 C:\\Users\\mahmo\\Barcody\\vendor\\laravel\\framework\\src\\Illuminate\\Routing\\Router.php(740): Illuminate\\Routing\\Router->runRoute(Object(Illuminate\\Http\\Request), Object(Illuminate\\Routing\\Route))
#17 C:\\Users\\mahmo\\Barcody\\vendor\\laravel\\framework\\src\\Illuminate\\Routing\\Router.php(729): Illuminate\\Routing\\Router->dispatchToRoute(Object(Illuminate\\Http\\Request))
#18 C:\\Users\\mahmo\\Barcody\\vendor\\laravel\\framework\\src\\Illuminate\\Foundation\\Http\\Kernel.php(190): Illuminate\\Routing\\Router->dispatch(Object(Illuminate\\Http\\Request))
#19 C:\\Users\\mahmo\\Barcody\\vendor\\laravel\\framework\\src\\Illuminate\\Pipeline\\Pipeline.php(141): Illuminate\\Foundation\\Http\\Kernel->Illuminate\\Foundation\\Http\\{closure}(Object(Illuminate\\Http\\Request))
#20 C:\\Users\\mahmo\\Barcody\\vendor\\laravel\\framework\\src\\Illuminate\\Foundation\\Http\\Middleware\\TransformsRequest.php(21): Illuminate\\Pipeline\\Pipeline->Illuminate\\Pipeline\\{closure}(Object(Illuminate\\Http\\Request))
#21 C:\\Users\\mahmo\\Barcody\\vendor\\laravel\\framework\\src\\Illuminate\\Foundation\\Http\\Middleware\\ConvertEmptyStringsToNull.php(31): Illuminate\\Foundation\\Http\\Middleware\\TransformsRequest->handle(Object(Illuminate\\Http\\Request), Object(Closure))
#22 C:\\Users\\mahmo\\Barcody\\vendor\\laravel\\framework\\src\\Illuminate\\Pipeline\\Pipeline.php(180): Illuminate\\Foundation\\Http\\Middleware\\ConvertEmptyStringsToNull->handle(Object(Illuminate\\Http\\Request), Object(Closure))
#23 C:\\Users\\mahmo\\Barcody\\vendor\\laravel\\framework\\src\\Illuminate\\Foundation\\Http\\Middleware\\TransformsRequest.php(21): Illuminate\\Pipeline\\Pipeline->Illuminate\\Pipeline\\{closure}(Object(Illuminate\\Http\\Request))
#24 C:\\Users\\mahmo\\Barcody\\vendor\\laravel\\framework\\src\\Illuminate\\Foundation\\Http\\Middleware\\TrimStrings.php(40): Illuminate\\Foundation\\Http\\Middleware\\TransformsRequest->handle(Object(Illuminate\\Http\\Request), Object(Closure))
#25 C:\\Users\\mahmo\\Barcody\\vendor\\laravel\\framework\\src\\Illuminate\\Pipeline\\Pipeline.php(180): Illuminate\\Foundation\\Http\\Middleware\\TrimStrings->handle(Object(Illuminate\\Http\\Request), Object(Closure))
#26 C:\\Users\\mahmo\\Barcody\\vendor\\laravel\\framework\\src\\Illuminate\\Foundation\\Http\\Middleware\\ValidatePostSize.php(27): Illuminate\\Pipeline\\Pipeline->Illuminate\\Pipeline\\{closure}(Object(Illuminate\\Http\\Request))
#27 C:\\Users\\mahmo\\Barcody\\vendor\\laravel\\framework\\src\\Illuminate\\Pipeline\\Pipeline.php(180): Illuminate\\Foundation\\Http\\Middleware\\ValidatePostSize->handle(Object(Illuminate\\Http\\Request), Object(Closure))
#28 C:\\Users\\mahmo\\Barcody\\vendor\\laravel\\framework\\src\\Illuminate\\Foundation\\Http\\Middleware\\PreventRequestsDuringMaintenance.php(86): Illuminate\\Pipeline\\Pipeline->Illuminate\\Pipeline\\{closure}(Object(Illuminate\\Http\\Request))
#29 C:\\Users\\mahmo\\Barcody\\vendor\\laravel\\framework\\src\\Illuminate\\Pipeline\\Pipeline.php(180): Illuminate\\Foundation\\Http\\Middleware\\PreventRequestsDuringMaintenance->handle(Object(Illuminate\\Http\\Request), Object(Closure))
#30 C:\\Users\\mahmo\\Barcody\\vendor\\laravel\\framework\\src\\Illuminate\\Http\\Middleware\\HandleCors.php(62): Illuminate\\Pipeline\\Pipeline->Illuminate\\Pipeline\\{closure}(Object(Illuminate\\Http\\Request))
#31 C:\\Users\\mahmo\\Barcody\\vendor\\laravel\\framework\\src\\Illuminate\\Pipeline\\Pipeline.php(180): Illuminate\\Http\\Middleware\\HandleCors->handle(Object(Illuminate\\Http\\Request), Object(Closure))
#32 C:\\Users\\mahmo\\Barcody\\vendor\\laravel\\framework\\src\\Illuminate\\Http\\Middleware\\TrustProxies.php(39): Illuminate\\Pipeline\\Pipeline->Illuminate\\Pipeline\\{closure}(Object(Illuminate\\Http\\Request))
#33 C:\\Users\\mahmo\\Barcody\\vendor\\laravel\\framework\\src\\Illuminate\\Pipeline\\Pipeline.php(180): Illuminate\\Http\\Middleware\\TrustProxies->handle(Object(Illuminate\\Http\\Request), Object(Closure))
#34 C:\\Users\\mahmo\\Barcody\\vendor\\laravel\\framework\\src\\Illuminate\\Pipeline\\Pipeline.php(116): Illuminate\\Pipeline\\Pipeline->Illuminate\\Pipeline\\{closure}(Object(Illuminate\\Http\\Request))
#35 C:\\Users\\mahmo\\Barcody\\vendor\\laravel\\framework\\src\\Illuminate\\Foundation\\Http\\Kernel.php(165): Illuminate\\Pipeline\\Pipeline->then(Object(Closure))
#36 C:\\Users\\mahmo\\Barcody\\vendor\\laravel\\framework\\src\\Illuminate\\Foundation\\Http\\Kernel.php(134): Illuminate\\Foundation\\Http\\Kernel->sendRequestThroughRouter(Object(Illuminate\\Http\\Request))
#37 C:\\Users\\mahmo\\Barcody\\public\\index.php(51): Illuminate\\Foundation\\Http\\Kernel->handle(Object(Illuminate\\Http\\Request))
#38 C:\\Users\\mahmo\\Barcody\\vendor\\laravel\\framework\\src\\Illuminate\\Foundation\\resources\\server.php(16): require_once('C:\\\\Users\\\\mahmo\\\\...')
#39 {main}"} 
[2026-05-31 21:39:52] local.ERROR: Failed to send OTP {"error":"WhatsApp API key not configured","phone":"966500000099","trace":"#0 C:\\Users\\mahmo\\Barcody\\app\\Http\\Controllers\\UserauthController.php(286): App\\Http\\Controllers\\UserauthController->sendWhatsappOTP('966500000099', 667233)
#1 C:\\Users\\mahmo\\Barcody\\vendor\\laravel\\framework\\src\\Illuminate\\Routing\\Controller.php(54): App\\Http\\Controllers\\UserauthController->forgotPassword(Object(Illuminate\\Http\\Request))
#2 C:\\Users\\mahmo\\Barcody\\vendor\\laravel\\framework\\src\\Illuminate\\Routing\\ControllerDispatcher.php(43): Illuminate\\Routing\\Controller->callAction('forgotPassword', Array)
#3 C:\\Users\\mahmo\\Barcody\\vendor\\laravel\\framework\\src\\Illuminate\\Routing\\Route.php(259): Illuminate\\Routing\\ControllerDispatcher->dispatch(Object(Illuminate\\Routing\\Route), Object(App\\Http\\Controllers\\UserauthController), 'forgotPassword')
#4 C:\\Users\\mahmo\\Barcody\\vendor\\laravel\\framework\\src\\Illuminate\\Routing\\Route.php(205): Illuminate\\Routing\\Route->runController()
#5 C:\\Users\\mahmo\\Barcody\\vendor\\laravel\\framework\\src\\Illuminate\\Routing\\Router.php(798): Illuminate\\Routing\\Route->run()
#6 C:\\Users\\mahmo\\Barcody\\vendor\\laravel\\framework\\src\\Illuminate\\Pipeline\\Pipeline.php(141): Illuminate\\Routing\\Router->Illuminate\\Routing\\{closure}(Object(Illuminate\\Http\\Request))
#7 C:\\Users\\mahmo\\Barcody\\vendor\\laravel\\framework\\src\\Illuminate\\Routing\\Middleware\\SubstituteBindings.php(50): Illuminate\\Pipeline\\Pipeline->Illuminate\\Pipeline\\{closure}(Object(Illuminate\\Http\\Request))
#8 C:\\Users\\mahmo\\Barcody\\vendor\\laravel\\framework\\src\\Illuminate\\Pipeline\\Pipeline.php(180): Illuminate\\Routing\\Middleware\\SubstituteBindings->handle(Object(Illuminate\\Http\\Request), Object(Closure))
#9 C:\\Users\\mahmo\\Barcody\\vendor\\laravel\\framework\\src\\Illuminate\\Routing\\Middleware\\ThrottleRequests.php(126): Illuminate\\Pipeline\\Pipeline->Illuminate\\Pipeline\\{closure}(Object(Illuminate\\Http\\Request))
#10 C:\\Users\\mahmo\\Barcody\\vendor\\laravel\\framework\\src\\Illuminate\\Routing\\Middleware\\ThrottleRequests.php(92): Illuminate\\Routing\\Middleware\\ThrottleRequests->handleRequest(Object(Illuminate\\Http\\Request), Object(Closure), Array)
#11 C:\\Users\\mahmo\\Barcody\\vendor\\laravel\\framework\\src\\Illuminate\\Routing\\Middleware\\ThrottleRequests.php(54): Illuminate\\Routing\\Middleware\\ThrottleRequests->handleRequestUsingNamedLimiter(Object(Illuminate\\Http\\Request), Object(Closure), 'api', Object(Closure))
#12 C:\\Users\\mahmo\\Barcody\\vendor\\laravel\\framework\\src\\Illuminate\\Pipeline\\Pipeline.php(180): Illuminate\\Routing\\Middleware\\ThrottleRequests->handle(Object(Illuminate\\Http\\Request), Object(Closure), 'api')
#13 C:\\Users\\mahmo\\Barcody\\vendor\\laravel\\framework\\src\\Illuminate\\Pipeline\\Pipeline.php(116): Illuminate\\Pipeline\\Pipeline->Illuminate\\Pipeline\\{closure}(Object(Illuminate\\Http\\Request))
#14 C:\\Users\\mahmo\\Barcody\\vendor\\laravel\\framework\\src\\Illuminate\\Routing\\Router.php(797): Illuminate\\Pipeline\\Pipeline->then(Object(Closure))
#15 C:\\Users\\mahmo\\Barcody\\vendor\\laravel\\framework\\src\\Illuminate\\Routing\\Router.php(776): Illuminate\\Routing\\Router->runRouteWithinStack(Object(Illuminate\\Routing\\Route), Object(Illuminate\\Http\\Request))
#16 C:\\Users\\mahmo\\Barcody\\vendor\\laravel\\framework\\src\\Illuminate\\Routing\\Router.php(740): Illuminate\\Routing\\Router->runRoute(Object(Illuminate\\Http\\Request), Object(Illuminate\\Routing\\Route))
#17 C:\\Users\\mahmo\\Barcody\\vendor\\laravel\\framework\\src\\Illuminate\\Routing\\Router.php(729): Illuminate\\Routing\\Router->dispatchToRoute(Object(Illuminate\\Http\\Request))
#18 C:\\Users\\mahmo\\Barcody\\vendor\\laravel\\framework\\src\\Illuminate\\Foundation\\Http\\Kernel.php(190): Illuminate\\Routing\\Router->dispatch(Object(Illuminate\\Http\\Request))
#19 C:\\Users\\mahmo\\Barcody\\vendor\\laravel\\framework\\src\\Illuminate\\Pipeline\\Pipeline.php(141): Illuminate\\Foundation\\Http\\Kernel->Illuminate\\Foundation\\Http\\{closure}(Object(Illuminate\\Http\\Request))
#20 C:\\Users\\mahmo\\Barcody\\vendor\\laravel\\framework\\src\\Illuminate\\Foundation\\Http\\Middleware\\TransformsRequest.php(21): Illuminate\\Pipeline\\Pipeline->Illuminate\\Pipeline\\{closure}(Object(Illuminate\\Http\\Request))
#21 C:\\Users\\mahmo\\Barcody\\vendor\\laravel\\framework\\src\\Illuminate\\Foundation\\Http\\Middleware\\ConvertEmptyStringsToNull.php(31): Illuminate\\Foundation\\Http\\Middleware\\TransformsRequest->handle(Object(Illuminate\\Http\\Request), Object(Closure))
#22 C:\\Users\\mahmo\\Barcody\\vendor\\laravel\\framework\\src\\Illuminate\\Pipeline\\Pipeline.php(180): Illuminate\\Foundation\\Http\\Middleware\\ConvertEmptyStringsToNull->handle(Object(Illuminate\\Http\\Request), Object(Closure))
#23 C:\\Users\\mahmo\\Barcody\\vendor\\laravel\\framework\\src\\Illuminate\\Foundation\\Http\\Middleware\\TransformsRequest.php(21): Illuminate\\Pipeline\\Pipeline->Illuminate\\Pipeline\\{closure}(Object(Illuminate\\Http\\Request))
#24 C:\\Users\\mahmo\\Barcody\\vendor\\laravel\\framework\\src\\Illuminate\\Foundation\\Http\\Middleware\\TrimStrings.php(40): Illuminate\\Foundation\\Http\\Middleware\\TransformsRequest->handle(Object(Illuminate\\Http\\Request), Object(Closure))
#25 C:\\Users\\mahmo\\Barcody\\vendor\\laravel\\framework\\src\\Illuminate\\Pipeline\\Pipeline.php(180): Illuminate\\Foundation\\Http\\Middleware\\TrimStrings->handle(Object(Illuminate\\Http\\Request), Object(Closure))
#26 C:\\Users\\mahmo\\Barcody\\vendor\\laravel\\framework\\src\\Illuminate\\Foundation\\Http\\Middleware\\ValidatePostSize.php(27): Illuminate\\Pipeline\\Pipeline->Illuminate\\Pipeline\\{closure}(Object(Illuminate\\Http\\Request))
#27 C:\\Users\\mahmo\\Barcody\\vendor\\laravel\\framework\\src\\Illuminate\\Pipeline\\Pipeline.php(180): Illuminate\\Foundation\\Http\\Middleware\\ValidatePostSize->handle(Object(Illuminate\\Http\\Request), Object(Closure))
#28 C:\\Users\\mahmo\\Barcody\\vendor\\laravel\\framework\\src\\Illuminate\\Foundation\\Http\\Middleware\\PreventRequestsDuringMaintenance.php(86): Illuminate\\Pipeline\\Pipeline->Illuminate\\Pipeline\\{closure}(Object(Illuminate\\Http\\Request))
#29 C:\\Users\\mahmo\\Barcody\\vendor\\laravel\\framework\\src\\Illuminate\\Pipeline\\Pipeline.php(180): Illuminate\\Foundation\\Http\\Middleware\\PreventRequestsDuringMaintenance->handle(Object(Illuminate\\Http\\Request), Object(Closure))
#30 C:\\Users\\mahmo\\Barcody\\vendor\\laravel\\framework\\src\\Illuminate\\Http\\Middleware\\HandleCors.php(62): Illuminate\\Pipeline\\Pipeline->Illuminate\\Pipeline\\{closure}(Object(Illuminate\\Http\\Request))
#31 C:\\Users\\mahmo\\Barcody\\vendor\\laravel\\framework\\src\\Illuminate\\Pipeline\\Pipeline.php(180): Illuminate\\Http\\Middleware\\HandleCors->handle(Object(Illuminate\\Http\\Request), Object(Closure))
#32 C:\\Users\\mahmo\\Barcody\\vendor\\laravel\\framework\\src\\Illuminate\\Http\\Middleware\\TrustProxies.php(39): Illuminate\\Pipeline\\Pipeline->Illuminate\\Pipeline\\{closure}(Object(Illuminate\\Http\\Request))
#33 C:\\Users\\mahmo\\Barcody\\vendor\\laravel\\framework\\src\\Illuminate\\Pipeline\\Pipeline.php(180): Illuminate\\Http\\Middleware\\TrustProxies->handle(Object(Illuminate\\Http\\Request), Object(Closure))
#34 C:\\Users\\mahmo\\Barcody\\vendor\\laravel\\framework\\src\\Illuminate\\Pipeline\\Pipeline.php(116): Illuminate\\Pipeline\\Pipeline->Illuminate\\Pipeline\\{closure}(Object(Illuminate\\Http\\Request))
#35 C:\\Users\\mahmo\\Barcody\\vendor\\laravel\\framework\\src\\Illuminate\\Foundation\\Http\\Kernel.php(165): Illuminate\\Pipeline\\Pipeline->then(Object(Closure))
#36 C:\\Users\\mahmo\\Barcody\\vendor\\laravel\\framework\\src\\Illuminate\\Foundation\\Http\\Kernel.php(134): Illuminate\\Foundation\\Http\\Kernel->sendRequestThroughRouter(Object(Illuminate\\Http\\Request))
#37 C:\\Users\\mahmo\\Barcody\\public\\index.php(51): Illuminate\\Foundation\\Http\\Kernel->handle(Object(Illuminate\\Http\\Request))
#38 C:\\Users\\mahmo\\Barcody\\vendor\\laravel\\framework\\src\\Illuminate\\Foundation\\resources\\server.php(16): require_once('C:\\\\Users\\\\mahmo\\\\...')
#39 {main}"} 
[2026-05-31 22:09:28] local.ERROR: Failed to send OTP {"error":"WhatsApp API key not configured","phone":"966500000001","trace":"#0 C:\\Users\\mahmo\\Barcody\\app\\Http\\Controllers\\UserauthController.php(246): App\\Http\\Controllers\\UserauthController->sendWhatsappOTP('966500000001', 616454)
#1 C:\\Users\\mahmo\\Barcody\\vendor\\laravel\\framework\\src\\Illuminate\\Routing\\Controller.php(54): App\\Http\\Controllers\\UserauthController->registerApi(Object(Illuminate\\Http\\Request))
#2 C:\\Users\\mahmo\\Barcody\\vendor\\laravel\\framework\\src\\Illuminate\\Routing\\ControllerDispatcher.php(43): Illuminate\\Routing\\Controller->callAction('registerApi', Array)
#3 C:\\Users\\mahmo\\Barcody\\vendor\\laravel\\framework\\src\\Illuminate\\Routing\\Route.php(259): Illuminate\\Routing\\ControllerDispatcher->dispatch(Object(Illuminate\\Routing\\Route), Object(App\\Http\\Controllers\\UserauthController), 'registerApi')
#4 C:\\Users\\mahmo\\Barcody\\vendor\\laravel\\framework\\src\\Illuminate\\Routing\\Route.php(205): Illuminate\\Routing\\Route->runController()
#5 C:\\Users\\mahmo\\Barcody\\vendor\\laravel\\framework\\src\\Illuminate\\Routing\\Router.php(798): Illuminate\\Routing\\Route->run()
#6 C:\\Users\\mahmo\\Barcody\\vendor\\laravel\\framework\\src\\Illuminate\\Pipeline\\Pipeline.php(141): Illuminate\\Routing\\Router->Illuminate\\Routing\\{closure}(Object(Illuminate\\Http\\Request))
#7 C:\\Users\\mahmo\\Barcody\\vendor\\laravel\\framework\\src\\Illuminate\\Routing\\Middleware\\SubstituteBindings.php(50): Illuminate\\Pipeline\\Pipeline->Illuminate\\Pipeline\\{closure}(Object(Illuminate\\Http\\Request))
#8 C:\\Users\\mahmo\\Barcody\\vendor\\laravel\\framework\\src\\Illuminate\\Pipeline\\Pipeline.php(180): Illuminate\\Routing\\Middleware\\SubstituteBindings->handle(Object(Illuminate\\Http\\Request), Object(Closure))
#9 C:\\Users\\mahmo\\Barcody\\vendor\\laravel\\framework\\src\\Illuminate\\Routing\\Middleware\\ThrottleRequests.php(126): Illuminate\\Pipeline\\Pipeline->Illuminate\\Pipeline\\{closure}(Object(Illuminate\\Http\\Request))
#10 C:\\Users\\mahmo\\Barcody\\vendor\\laravel\\framework\\src\\Illuminate\\Routing\\Middleware\\ThrottleRequests.php(92): Illuminate\\Routing\\Middleware\\ThrottleRequests->handleRequest(Object(Illuminate\\Http\\Request), Object(Closure), Array)
#11 C:\\Users\\mahmo\\Barcody\\vendor\\laravel\\framework\\src\\Illuminate\\Routing\\Middleware\\ThrottleRequests.php(54): Illuminate\\Routing\\Middleware\\ThrottleRequests->handleRequestUsingNamedLimiter(Object(Illuminate\\Http\\Request), Object(Closure), 'api', Object(Closure))
#12 C:\\Users\\mahmo\\Barcody\\vendor\\laravel\\framework\\src\\Illuminate\\Pipeline\\Pipeline.php(180): Illuminate\\Routing\\Middleware\\ThrottleRequests->handle(Object(Illuminate\\Http\\Request), Object(Closure), 'api')
#13 C:\\Users\\mahmo\\Barcody\\vendor\\laravel\\framework\\src\\Illuminate\\Pipeline\\Pipeline.php(116): Illuminate\\Pipeline\\Pipeline->Illuminate\\Pipeline\\{closure}(Object(Illuminate\\Http\\Request))
#14 C:\\Users\\mahmo\\Barcody\\vendor\\laravel\\framework\\src\\Illuminate\\Routing\\Router.php(797): Illuminate\\Pipeline\\Pipeline->then(Object(Closure))
#15 C:\\Users\\mahmo\\Barcody\\vendor\\laravel\\framework\\src\\Illuminate\\Routing\\Router.php(776): Illuminate\\Routing\\Router->runRouteWithinStack(Object(Illuminate\\Routing\\Route), Object(Illuminate\\Http\\Request))
#16 C:\\Users\\mahmo\\Barcody\\vendor\\laravel\\framework\\src\\Illuminate\\Routing\\Router.php(740): Illuminate\\Routing\\Router->runRoute(Object(Illuminate\\Http\\Request), Object(Illuminate\\Routing\\Route))
#17 C:\\Users\\mahmo\\Barcody\\vendor\\laravel\\framework\\src\\Illuminate\\Routing\\Router.php(729): Illuminate\\Routing\\Router->dispatchToRoute(Object(Illuminate\\Http\\Request))
#18 C:\\Users\\mahmo\\Barcody\\vendor\\laravel\\framework\\src\\Illuminate\\Foundation\\Http\\Kernel.php(190): Illuminate\\Routing\\Router->dispatch(Object(Illuminate\\Http\\Request))
#19 C:\\Users\\mahmo\\Barcody\\vendor\\laravel\\framework\\src\\Illuminate\\Pipeline\\Pipeline.php(141): Illuminate\\Foundation\\Http\\Kernel->Illuminate\\Foundation\\Http\\{closure}(Object(Illuminate\\Http\\Request))
#20 C:\\Users\\mahmo\\Barcody\\vendor\\laravel\\framework\\src\\Illuminate\\Foundation\\Http\\Middleware\\TransformsRequest.php(21): Illuminate\\Pipeline\\Pipeline->Illuminate\\Pipeline\\{closure}(Object(Illuminate\\Http\\Request))
#21 C:\\Users\\mahmo\\Barcody\\vendor\\laravel\\framework\\src\\Illuminate\\Foundation\\Http\\Middleware\\ConvertEmptyStringsToNull.php(31): Illuminate\\Foundation\\Http\\Middleware\\TransformsRequest->handle(Object(Illuminate\\Http\\Request), Object(Closure))
#22 C:\\Users\\mahmo\\Barcody\\vendor\\laravel\\framework\\src\\Illuminate\\Pipeline\\Pipeline.php(180): Illuminate\\Foundation\\Http\\Middleware\\ConvertEmptyStringsToNull->handle(Object(Illuminate\\Http\\Request), Object(Closure))
#23 C:\\Users\\mahmo\\Barcody\\vendor\\laravel\\framework\\src\\Illuminate\\Foundation\\Http\\Middleware\\TransformsRequest.php(21): Illuminate\\Pipeline\\Pipeline->Illuminate\\Pipeline\\{closure}(Object(Illuminate\\Http\\Request))
#24 C:\\Users\\mahmo\\Barcody\\vendor\\laravel\\framework\\src\\Illuminate\\Foundation\\Http\\Middleware\\TrimStrings.php(40): Illuminate\\Foundation\\Http\\Middleware\\TransformsRequest->handle(Object(Illuminate\\Http\\Request), Object(Closure))
#25 C:\\Users\\mahmo\\Barcody\\vendor\\laravel\\framework\\src\\Illuminate\\Pipeline\\Pipeline.php(180): Illuminate\\Foundation\\Http\\Middleware\\TrimStrings->handle(Object(Illuminate\\Http\\Request), Object(Closure))
#26 C:\\Users\\mahmo\\Barcody\\vendor\\laravel\\framework\\src\\Illuminate\\Foundation\\Http\\Middleware\\ValidatePostSize.php(27): Illuminate\\Pipeline\\Pipeline->Illuminate\\Pipeline\\{closure}(Object(Illuminate\\Http\\Request))
#27 C:\\Users\\mahmo\\Barcody\\vendor\\laravel\\framework\\src\\Illuminate\\Pipeline\\Pipeline.php(180): Illuminate\\Foundation\\Http\\Middleware\\ValidatePostSize->handle(Object(Illuminate\\Http\\Request), Object(Closure))
#28 C:\\Users\\mahmo\\Barcody\\vendor\\laravel\\framework\\src\\Illuminate\\Foundation\\Http\\Middleware\\PreventRequestsDuringMaintenance.php(86): Illuminate\\Pipeline\\Pipeline->Illuminate\\Pipeline\\{closure}(Object(Illuminate\\Http\\Request))
#29 C:\\Users\\mahmo\\Barcody\\vendor\\laravel\\framework\\src\\Illuminate\\Pipeline\\Pipeline.php(180): Illuminate\\Foundation\\Http\\Middleware\\PreventRequestsDuringMaintenance->handle(Object(Illuminate\\Http\\Request), Object(Closure))
#30 C:\\Users\\mahmo\\Barcody\\vendor\\laravel\\framework\\src\\Illuminate\\Http\\Middleware\\HandleCors.php(62): Illuminate\\Pipeline\\Pipeline->Illuminate\\Pipeline\\{closure}(Object(Illuminate\\Http\\Request))
#31 C:\\Users\\mahmo\\Barcody\\vendor\\laravel\\framework\\src\\Illuminate\\Pipeline\\Pipeline.php(180): Illuminate\\Http\\Middleware\\HandleCors->handle(Object(Illuminate\\Http\\Request), Object(Closure))
#32 C:\\Users\\mahmo\\Barcody\\vendor\\laravel\\framework\\src\\Illuminate\\Http\\Middleware\\TrustProxies.php(39): Illuminate\\Pipeline\\Pipeline->Illuminate\\Pipeline\\{closure}(Object(Illuminate\\Http\\Request))
#33 C:\\Users\\mahmo\\Barcody\\vendor\\laravel\\framework\\src\\Illuminate\\Pipeline\\Pipeline.php(180): Illuminate\\Http\\Middleware\\TrustProxies->handle(Object(Illuminate\\Http\\Request), Object(Closure))
#34 C:\\Users\\mahmo\\Barcody\\vendor\\laravel\\framework\\src\\Illuminate\\Pipeline\\Pipeline.php(116): Illuminate\\Pipeline\\Pipeline->Illuminate\\Pipeline\\{closure}(Object(Illuminate\\Http\\Request))
#35 C:\\Users\\mahmo\\Barcody\\vendor\\laravel\\framework\\src\\Illuminate\\Foundation\\Http\\Kernel.php(165): Illuminate\\Pipeline\\Pipeline->then(Object(Closure))
#36 C:\\Users\\mahmo\\Barcody\\vendor\\laravel\\framework\\src\\Illuminate\\Foundation\\Http\\Kernel.php(134): Illuminate\\Foundation\\Http\\Kernel->sendRequestThroughRouter(Object(Illuminate\\Http\\Request))
#37 C:\\Users\\mahmo\\Barcody\\public\\index.php(51): Illuminate\\Foundation\\Http\\Kernel->handle(Object(Illuminate\\Http\\Request))
#38 C:\\Users\\mahmo\\Barcody\\vendor\\laravel\\framework\\src\\Illuminate\\Foundation\\resources\\server.php(16): require_once('C:\\\\Users\\\\mahmo\\\\...')
#39 {main}"} 
[2026-05-31 22:09:29] local.ERROR: Failed to send OTP {"error":"WhatsApp API key not configured","phone":"966500000001","trace":"#0 C:\\Users\\mahmo\\Barcody\\app\\Http\\Controllers\\UserauthController.php(431): App\\Http\\Controllers\\UserauthController->sendWhatsappOTP('966500000001', 964553)
#1 C:\\Users\\mahmo\\Barcody\\vendor\\laravel\\framework\\src\\Illuminate\\Routing\\Controller.php(54): App\\Http\\Controllers\\UserauthController->loginApi(Object(Illuminate\\Http\\Request))
#2 C:\\Users\\mahmo\\Barcody\\vendor\\laravel\\framework\\src\\Illuminate\\Routing\\ControllerDispatcher.php(43): Illuminate\\Routing\\Controller->callAction('loginApi', Array)
#3 C:\\Users\\mahmo\\Barcody\\vendor\\laravel\\framework\\src\\Illuminate\\Routing\\Route.php(259): Illuminate\\Routing\\ControllerDispatcher->dispatch(Object(Illuminate\\Routing\\Route), Object(App\\Http\\Controllers\\UserauthController), 'loginApi')
#4 C:\\Users\\mahmo\\Barcody\\vendor\\laravel\\framework\\src\\Illuminate\\Routing\\Route.php(205): Illuminate\\Routing\\Route->runController()
#5 C:\\Users\\mahmo\\Barcody\\vendor\\laravel\\framework\\src\\Illuminate\\Routing\\Router.php(798): Illuminate\\Routing\\Route->run()
#6 C:\\Users\\mahmo\\Barcody\\vendor\\laravel\\framework\\src\\Illuminate\\Pipeline\\Pipeline.php(141): Illuminate\\Routing\\Router->Illuminate\\Routing\\{closure}(Object(Illuminate\\Http\\Request))
#7 C:\\Users\\mahmo\\Barcody\\vendor\\laravel\\framework\\src\\Illuminate\\Routing\\Middleware\\SubstituteBindings.php(50): Illuminate\\Pipeline\\Pipeline->Illuminate\\Pipeline\\{closure}(Object(Illuminate\\Http\\Request))
#8 C:\\Users\\mahmo\\Barcody\\vendor\\laravel\\framework\\src\\Illuminate\\Pipeline\\Pipeline.php(180): Illuminate\\Routing\\Middleware\\SubstituteBindings->handle(Object(Illuminate\\Http\\Request), Object(Closure))
#9 C:\\Users\\mahmo\\Barcody\\vendor\\laravel\\framework\\src\\Illuminate\\Routing\\Middleware\\ThrottleRequests.php(126): Illuminate\\Pipeline\\Pipeline->Illuminate\\Pipeline\\{closure}(Object(Illuminate\\Http\\Request))
#10 C:\\Users\\mahmo\\Barcody\\vendor\\laravel\\framework\\src\\Illuminate\\Routing\\Middleware\\ThrottleRequests.php(92): Illuminate\\Routing\\Middleware\\ThrottleRequests->handleRequest(Object(Illuminate\\Http\\Request), Object(Closure), Array)
#11 C:\\Users\\mahmo\\Barcody\\vendor\\laravel\\framework\\src\\Illuminate\\Routing\\Middleware\\ThrottleRequests.php(54): Illuminate\\Routing\\Middleware\\ThrottleRequests->handleRequestUsingNamedLimiter(Object(Illuminate\\Http\\Request), Object(Closure), 'api', Object(Closure))
#12 C:\\Users\\mahmo\\Barcody\\vendor\\laravel\\framework\\src\\Illuminate\\Pipeline\\Pipeline.php(180): Illuminate\\Routing\\Middleware\\ThrottleRequests->handle(Object(Illuminate\\Http\\Request), Object(Closure), 'api')
#13 C:\\Users\\mahmo\\Barcody\\vendor\\laravel\\framework\\src\\Illuminate\\Pipeline\\Pipeline.php(116): Illuminate\\Pipeline\\Pipeline->Illuminate\\Pipeline\\{closure}(Object(Illuminate\\Http\\Request))
#14 C:\\Users\\mahmo\\Barcody\\vendor\\laravel\\framework\\src\\Illuminate\\Routing\\Router.php(797): Illuminate\\Pipeline\\Pipeline->then(Object(Closure))
#15 C:\\Users\\mahmo\\Barcody\\vendor\\laravel\\framework\\src\\Illuminate\\Routing\\Router.php(776): Illuminate\\Routing\\Router->runRouteWithinStack(Object(Illuminate\\Routing\\Route), Object(Illuminate\\Http\\Request))
#16 C:\\Users\\mahmo\\Barcody\\vendor\\laravel\\framework\\src\\Illuminate\\Routing\\Router.php(740): Illuminate\\Routing\\Router->runRoute(Object(Illuminate\\Http\\Request), Object(Illuminate\\Routing\\Route))
#17 C:\\Users\\mahmo\\Barcody\\vendor\\laravel\\framework\\src\\Illuminate\\Routing\\Router.php(729): Illuminate\\Routing\\Router->dispatchToRoute(Object(Illuminate\\Http\\Request))
#18 C:\\Users\\mahmo\\Barcody\\vendor\\laravel\\framework\\src\\Illuminate\\Foundation\\Http\\Kernel.php(190): Illuminate\\Routing\\Router->dispatch(Object(Illuminate\\Http\\Request))
#19 C:\\Users\\mahmo\\Barcody\\vendor\\laravel\\framework\\src\\Illuminate\\Pipeline\\Pipeline.php(141): Illuminate\\Foundation\\Http\\Kernel->Illuminate\\Foundation\\Http\\{closure}(Object(Illuminate\\Http\\Request))
#20 C:\\Users\\mahmo\\Barcody\\vendor\\laravel\\framework\\src\\Illuminate\\Foundation\\Http\\Middleware\\TransformsRequest.php(21): Illuminate\\Pipeline\\Pipeline->Illuminate\\Pipeline\\{closure}(Object(Illuminate\\Http\\Request))
#21 C:\\Users\\mahmo\\Barcody\\vendor\\laravel\\framework\\src\\Illuminate\\Foundation\\Http\\Middleware\\ConvertEmptyStringsToNull.php(31): Illuminate\\Foundation\\Http\\Middleware\\TransformsRequest->handle(Object(Illuminate\\Http\\Request), Object(Closure))
#22 C:\\Users\\mahmo\\Barcody\\vendor\\laravel\\framework\\src\\Illuminate\\Pipeline\\Pipeline.php(180): Illuminate\\Foundation\\Http\\Middleware\\ConvertEmptyStringsToNull->handle(Object(Illuminate\\Http\\Request), Object(Closure))
#23 C:\\Users\\mahmo\\Barcody\\vendor\\laravel\\framework\\src\\Illuminate\\Foundation\\Http\\Middleware\\TransformsRequest.php(21): Illuminate\\Pipeline\\Pipeline->Illuminate\\Pipeline\\{closure}(Object(Illuminate\\Http\\Request))
#24 C:\\Users\\mahmo\\Barcody\\vendor\\laravel\\framework\\src\\Illuminate\\Foundation\\Http\\Middleware\\TrimStrings.php(40): Illuminate\\Foundation\\Http\\Middleware\\TransformsRequest->handle(Object(Illuminate\\Http\\Request), Object(Closure))
#25 C:\\Users\\mahmo\\Barcody\\vendor\\laravel\\framework\\src\\Illuminate\\Pipeline\\Pipeline.php(180): Illuminate\\Foundation\\Http\\Middleware\\TrimStrings->handle(Object(Illuminate\\Http\\Request), Object(Closure))
#26 C:\\Users\\mahmo\\Barcody\\vendor\\laravel\\framework\\src\\Illuminate\\Foundation\\Http\\Middleware\\ValidatePostSize.php(27): Illuminate\\Pipeline\\Pipeline->Illuminate\\Pipeline\\{closure}(Object(Illuminate\\Http\\Request))
#27 C:\\Users\\mahmo\\Barcody\\vendor\\laravel\\framework\\src\\Illuminate\\Pipeline\\Pipeline.php(180): Illuminate\\Foundation\\Http\\Middleware\\ValidatePostSize->handle(Object(Illuminate\\Http\\Request), Object(Closure))
#28 C:\\Users\\mahmo\\Barcody\\vendor\\laravel\\framework\\src\\Illuminate\\Foundation\\Http\\Middleware\\PreventRequestsDuringMaintenance.php(86): Illuminate\\Pipeline\\Pipeline->Illuminate\\Pipeline\\{closure}(Object(Illuminate\\Http\\Request))
#29 C:\\Users\\mahmo\\Barcody\\vendor\\laravel\\framework\\src\\Illuminate\\Pipeline\\Pipeline.php(180): Illuminate\\Foundation\\Http\\Middleware\\PreventRequestsDuringMaintenance->handle(Object(Illuminate\\Http\\Request), Object(Closure))
#30 C:\\Users\\mahmo\\Barcody\\vendor\\laravel\\framework\\src\\Illuminate\\Http\\Middleware\\HandleCors.php(62): Illuminate\\Pipeline\\Pipeline->Illuminate\\Pipeline\\{closure}(Object(Illuminate\\Http\\Request))
#31 C:\\Users\\mahmo\\Barcody\\vendor\\laravel\\framework\\src\\Illuminate\\Pipeline\\Pipeline.php(180): Illuminate\\Http\\Middleware\\HandleCors->handle(Object(Illuminate\\Http\\Request), Object(Closure))
#32 C:\\Users\\mahmo\\Barcody\\vendor\\laravel\\framework\\src\\Illuminate\\Http\\Middleware\\TrustProxies.php(39): Illuminate\\Pipeline\\Pipeline->Illuminate\\Pipeline\\{closure}(Object(Illuminate\\Http\\Request))
#33 C:\\Users\\mahmo\\Barcody\\vendor\\laravel\\framework\\src\\Illuminate\\Pipeline\\Pipeline.php(180): Illuminate\\Http\\Middleware\\TrustProxies->handle(Object(Illuminate\\Http\\Request), Object(Closure))
#34 C:\\Users\\mahmo\\Barcody\\vendor\\laravel\\framework\\src\\Illuminate\\Pipeline\\Pipeline.php(116): Illuminate\\Pipeline\\Pipeline->Illuminate\\Pipeline\\{closure}(Object(Illuminate\\Http\\Request))
#35 C:\\Users\\mahmo\\Barcody\\vendor\\laravel\\framework\\src\\Illuminate\\Foundation\\Http\\Kernel.php(165): Illuminate\\Pipeline\\Pipeline->then(Object(Closure))
#36 C:\\Users\\mahmo\\Barcody\\vendor\\laravel\\framework\\src\\Illuminate\\Foundation\\Http\\Kernel.php(134): Illuminate\\Foundation\\Http\\Kernel->sendRequestThroughRouter(Object(Illuminate\\Http\\Request))
#37 C:\\Users\\mahmo\\Barcody\\public\\index.php(51): Illuminate\\Foundation\\Http\\Kernel->handle(Object(Illuminate\\Http\\Request))
#38 C:\\Users\\mahmo\\Barcody\\vendor\\laravel\\framework\\src\\Illuminate\\Foundation\\resources\\server.php(16): require_once('C:\\\\Users\\\\mahmo\\\\...')
#39 {main}"} 
[2026-05-31 22:09:30] local.ERROR: Failed to send OTP {"error":"WhatsApp API key not configured","phone":"966500000001","trace":"#0 C:\\Users\\mahmo\\Barcody\\app\\Http\\Controllers\\UserauthController.php(605): App\\Http\\Controllers\\UserauthController->sendWhatsappOTP('966500000001', 136147)
#1 C:\\Users\\mahmo\\Barcody\\vendor\\laravel\\framework\\src\\Illuminate\\Routing\\Controller.php(54): App\\Http\\Controllers\\UserauthController->phoneLogin(Object(Illuminate\\Http\\Request))
#2 C:\\Users\\mahmo\\Barcody\\vendor\\laravel\\framework\\src\\Illuminate\\Routing\\ControllerDispatcher.php(43): Illuminate\\Routing\\Controller->callAction('phoneLogin', Array)
#3 C:\\Users\\mahmo\\Barcody\\vendor\\laravel\\framework\\src\\Illuminate\\Routing\\Route.php(259): Illuminate\\Routing\\ControllerDispatcher->dispatch(Object(Illuminate\\Routing\\Route), Object(App\\Http\\Controllers\\UserauthController), 'phoneLogin')
#4 C:\\Users\\mahmo\\Barcody\\vendor\\laravel\\framework\\src\\Illuminate\\Routing\\Route.php(205): Illuminate\\Routing\\Route->runController()
#5 C:\\Users\\mahmo\\Barcody\\vendor\\laravel\\framework\\src\\Illuminate\\Routing\\Router.php(798): Illuminate\\Routing\\Route->run()
#6 C:\\Users\\mahmo\\Barcody\\vendor\\laravel\\framework\\src\\Illuminate\\Pipeline\\Pipeline.php(141): Illuminate\\Routing\\Router->Illuminate\\Routing\\{closure}(Object(Illuminate\\Http\\Request))
#7 C:\\Users\\mahmo\\Barcody\\vendor\\laravel\\framework\\src\\Illuminate\\Routing\\Middleware\\SubstituteBindings.php(50): Illuminate\\Pipeline\\Pipeline->Illuminate\\Pipeline\\{closure}(Object(Illuminate\\Http\\Request))
#8 C:\\Users\\mahmo\\Barcody\\vendor\\laravel\\framework\\src\\Illuminate\\Pipeline\\Pipeline.php(180): Illuminate\\Routing\\Middleware\\SubstituteBindings->handle(Object(Illuminate\\Http\\Request), Object(Closure))
#9 C:\\Users\\mahmo\\Barcody\\vendor\\laravel\\framework\\src\\Illuminate\\Routing\\Middleware\\ThrottleRequests.php(126): Illuminate\\Pipeline\\Pipeline->Illuminate\\Pipeline\\{closure}(Object(Illuminate\\Http\\Request))
#10 C:\\Users\\mahmo\\Barcody\\vendor\\laravel\\framework\\src\\Illuminate\\Routing\\Middleware\\ThrottleRequests.php(92): Illuminate\\Routing\\Middleware\\ThrottleRequests->handleRequest(Object(Illuminate\\Http\\Request), Object(Closure), Array)
#11 C:\\Users\\mahmo\\Barcody\\vendor\\laravel\\framework\\src\\Illuminate\\Routing\\Middleware\\ThrottleRequests.php(54): Illuminate\\Routing\\Middleware\\ThrottleRequests->handleRequestUsingNamedLimiter(Object(Illuminate\\Http\\Request), Object(Closure), 'api', Object(Closure))
#12 C:\\Users\\mahmo\\Barcody\\vendor\\laravel\\framework\\src\\Illuminate\\Pipeline\\Pipeline.php(180): Illuminate\\Routing\\Middleware\\ThrottleRequests->handle(Object(Illuminate\\Http\\Request), Object(Closure), 'api')
#13 C:\\Users\\mahmo\\Barcody\\vendor\\laravel\\framework\\src\\Illuminate\\Pipeline\\Pipeline.php(116): Illuminate\\Pipeline\\Pipeline->Illuminate\\Pipeline\\{closure}(Object(Illuminate\\Http\\Request))
#14 C:\\Users\\mahmo\\Barcody\\vendor\\laravel\\framework\\src\\Illuminate\\Routing\\Router.php(797): Illuminate\\Pipeline\\Pipeline->then(Object(Closure))
#15 C:\\Users\\mahmo\\Barcody\\vendor\\laravel\\framework\\src\\Illuminate\\Routing\\Router.php(776): Illuminate\\Routing\\Router->runRouteWithinStack(Object(Illuminate\\Routing\\Route), Object(Illuminate\\Http\\Request))
#16 C:\\Users\\mahmo\\Barcody\\vendor\\laravel\\framework\\src\\Illuminate\\Routing\\Router.php(740): Illuminate\\Routing\\Router->runRoute(Object(Illuminate\\Http\\Request), Object(Illuminate\\Routing\\Route))
#17 C:\\Users\\mahmo\\Barcody\\vendor\\laravel\\framework\\src\\Illuminate\\Routing\\Router.php(729): Illuminate\\Routing\\Router->dispatchToRoute(Object(Illuminate\\Http\\Request))
#18 C:\\Users\\mahmo\\Barcody\\vendor\\laravel\\framework\\src\\Illuminate\\Foundation\\Http\\Kernel.php(190): Illuminate\\Routing\\Router->dispatch(Object(Illuminate\\Http\\Request))
#19 C:\\Users\\mahmo\\Barcody\\vendor\\laravel\\framework\\src\\Illuminate\\Pipeline\\Pipeline.php(141): Illuminate\\Foundation\\Http\\Kernel->Illuminate\\Foundation\\Http\\{closure}(Object(Illuminate\\Http\\Request))
#20 C:\\Users\\mahmo\\Barcody\\vendor\\laravel\\framework\\src\\Illuminate\\Foundation\\Http\\Middleware\\TransformsRequest.php(21): Illuminate\\Pipeline\\Pipeline->Illuminate\\Pipeline\\{closure}(Object(Illuminate\\Http\\Request))
#21 C:\\Users\\mahmo\\Barcody\\vendor\\laravel\\framework\\src\\Illuminate\\Foundation\\Http\\Middleware\\ConvertEmptyStringsToNull.php(31): Illuminate\\Foundation\\Http\\Middleware\\TransformsRequest->handle(Object(Illuminate\\Http\\Request), Object(Closure))
#22 C:\\Users\\mahmo\\Barcody\\vendor\\laravel\\framework\\src\\Illuminate\\Pipeline\\Pipeline.php(180): Illuminate\\Foundation\\Http\\Middleware\\ConvertEmptyStringsToNull->handle(Object(Illuminate\\Http\\Request), Object(Closure))
#23 C:\\Users\\mahmo\\Barcody\\vendor\\laravel\\framework\\src\\Illuminate\\Foundation\\Http\\Middleware\\TransformsRequest.php(21): Illuminate\\Pipeline\\Pipeline->Illuminate\\Pipeline\\{closure}(Object(Illuminate\\Http\\Request))
#24 C:\\Users\\mahmo\\Barcody\\vendor\\laravel\\framework\\src\\Illuminate\\Foundation\\Http\\Middleware\\TrimStrings.php(40): Illuminate\\Foundation\\Http\\Middleware\\TransformsRequest->handle(Object(Illuminate\\Http\\Request), Object(Closure))
#25 C:\\Users\\mahmo\\Barcody\\vendor\\laravel\\framework\\src\\Illuminate\\Pipeline\\Pipeline.php(180): Illuminate\\Foundation\\Http\\Middleware\\TrimStrings->handle(Object(Illuminate\\Http\\Request), Object(Closure))
#26 C:\\Users\\mahmo\\Barcody\\vendor\\laravel\\framework\\src\\Illuminate\\Foundation\\Http\\Middleware\\ValidatePostSize.php(27): Illuminate\\Pipeline\\Pipeline->Illuminate\\Pipeline\\{closure}(Object(Illuminate\\Http\\Request))
#27 C:\\Users\\mahmo\\Barcody\\vendor\\laravel\\framework\\src\\Illuminate\\Pipeline\\Pipeline.php(180): Illuminate\\Foundation\\Http\\Middleware\\ValidatePostSize->handle(Object(Illuminate\\Http\\Request), Object(Closure))
#28 C:\\Users\\mahmo\\Barcody\\vendor\\laravel\\framework\\src\\Illuminate\\Foundation\\Http\\Middleware\\PreventRequestsDuringMaintenance.php(86): Illuminate\\Pipeline\\Pipeline->Illuminate\\Pipeline\\{closure}(Object(Illuminate\\Http\\Request))
#29 C:\\Users\\mahmo\\Barcody\\vendor\\laravel\\framework\\src\\Illuminate\\Pipeline\\Pipeline.php(180): Illuminate\\Foundation\\Http\\Middleware\\PreventRequestsDuringMaintenance->handle(Object(Illuminate\\Http\\Request), Object(Closure))
#30 C:\\Users\\mahmo\\Barcody\\vendor\\laravel\\framework\\src\\Illuminate\\Http\\Middleware\\HandleCors.php(62): Illuminate\\Pipeline\\Pipeline->Illuminate\\Pipeline\\{closure}(Object(Illuminate\\Http\\Request))
#31 C:\\Users\\mahmo\\Barcody\\vendor\\laravel\\framework\\src\\Illuminate\\Pipeline\\Pipeline.php(180): Illuminate\\Http\\Middleware\\HandleCors->handle(Object(Illuminate\\Http\\Request), Object(Closure))
#32 C:\\Users\\mahmo\\Barcody\\vendor\\laravel\\framework\\src\\Illuminate\\Http\\Middleware\\TrustProxies.php(39): Illuminate\\Pipeline\\Pipeline->Illuminate\\Pipeline\\{closure}(Object(Illuminate\\Http\\Request))
#33 C:\\Users\\mahmo\\Barcody\\vendor\\laravel\\framework\\src\\Illuminate\\Pipeline\\Pipeline.php(180): Illuminate\\Http\\Middleware\\TrustProxies->handle(Object(Illuminate\\Http\\Request), Object(Closure))
#34 C:\\Users\\mahmo\\Barcody\\vendor\\laravel\\framework\\src\\Illuminate\\Pipeline\\Pipeline.php(116): Illuminate\\Pipeline\\Pipeline->Illuminate\\Pipeline\\{closure}(Object(Illuminate\\Http\\Request))
#35 C:\\Users\\mahmo\\Barcody\\vendor\\laravel\\framework\\src\\Illuminate\\Foundation\\Http\\Kernel.php(165): Illuminate\\Pipeline\\Pipeline->then(Object(Closure))
#36 C:\\Users\\mahmo\\Barcody\\vendor\\laravel\\framework\\src\\Illuminate\\Foundation\\Http\\Kernel.php(134): Illuminate\\Foundation\\Http\\Kernel->sendRequestThroughRouter(Object(Illuminate\\Http\\Request))
#37 C:\\Users\\mahmo\\Barcody\\public\\index.php(51): Illuminate\\Foundation\\Http\\Kernel->handle(Object(Illuminate\\Http\\Request))
#38 C:\\Users\\mahmo\\Barcody\\vendor\\laravel\\framework\\src\\Illuminate\\Foundation\\resources\\server.php(16): require_once('C:\\\\Users\\\\mahmo\\\\...')
#39 {main}"} 
[2026-05-31 22:09:32] local.ERROR: Failed to send OTP {"error":"WhatsApp API key not configured","phone":"966500000001","trace":"#0 C:\\Users\\mahmo\\Barcody\\app\\Http\\Controllers\\UserauthController.php(373): App\\Http\\Controllers\\UserauthController->sendWhatsappOTP('966500000001', 576652)
#1 C:\\Users\\mahmo\\Barcody\\vendor\\laravel\\framework\\src\\Illuminate\\Routing\\Controller.php(54): App\\Http\\Controllers\\UserauthController->resendOtpApi(Object(Illuminate\\Http\\Request))
#2 C:\\Users\\mahmo\\Barcody\\vendor\\laravel\\framework\\src\\Illuminate\\Routing\\ControllerDispatcher.php(43): Illuminate\\Routing\\Controller->callAction('resendOtpApi', Array)
#3 C:\\Users\\mahmo\\Barcody\\vendor\\laravel\\framework\\src\\Illuminate\\Routing\\Route.php(259): Illuminate\\Routing\\ControllerDispatcher->dispatch(Object(Illuminate\\Routing\\Route), Object(App\\Http\\Controllers\\UserauthController), 'resendOtpApi')
#4 C:\\Users\\mahmo\\Barcody\\vendor\\laravel\\framework\\src\\Illuminate\\Routing\\Route.php(205): Illuminate\\Routing\\Route->runController()
#5 C:\\Users\\mahmo\\Barcody\\vendor\\laravel\\framework\\src\\Illuminate\\Routing\\Router.php(798): Illuminate\\Routing\\Route->run()
#6 C:\\Users\\mahmo\\Barcody\\vendor\\laravel\\framework\\src\\Illuminate\\Pipeline\\Pipeline.php(141): Illuminate\\Routing\\Router->Illuminate\\Routing\\{closure}(Object(Illuminate\\Http\\Request))
#7 C:\\Users\\mahmo\\Barcody\\vendor\\laravel\\framework\\src\\Illuminate\\Routing\\Middleware\\SubstituteBindings.php(50): Illuminate\\Pipeline\\Pipeline->Illuminate\\Pipeline\\{closure}(Object(Illuminate\\Http\\Request))
#8 C:\\Users\\mahmo\\Barcody\\vendor\\laravel\\framework\\src\\Illuminate\\Pipeline\\Pipeline.php(180): Illuminate\\Routing\\Middleware\\SubstituteBindings->handle(Object(Illuminate\\Http\\Request), Object(Closure))
#9 C:\\Users\\mahmo\\Barcody\\vendor\\laravel\\framework\\src\\Illuminate\\Routing\\Middleware\\ThrottleRequests.php(126): Illuminate\\Pipeline\\Pipeline->Illuminate\\Pipeline\\{closure}(Object(Illuminate\\Http\\Request))
#10 C:\\Users\\mahmo\\Barcody\\vendor\\laravel\\framework\\src\\Illuminate\\Routing\\Middleware\\ThrottleRequests.php(92): Illuminate\\Routing\\Middleware\\ThrottleRequests->handleRequest(Object(Illuminate\\Http\\Request), Object(Closure), Array)
#11 C:\\Users\\mahmo\\Barcody\\vendor\\laravel\\framework\\src\\Illuminate\\Routing\\Middleware\\ThrottleRequests.php(54): Illuminate\\Routing\\Middleware\\ThrottleRequests->handleRequestUsingNamedLimiter(Object(Illuminate\\Http\\Request), Object(Closure), 'api', Object(Closure))
#12 C:\\Users\\mahmo\\Barcody\\vendor\\laravel\\framework\\src\\Illuminate\\Pipeline\\Pipeline.php(180): Illuminate\\Routing\\Middleware\\ThrottleRequests->handle(Object(Illuminate\\Http\\Request), Object(Closure), 'api')
#13 C:\\Users\\mahmo\\Barcody\\vendor\\laravel\\framework\\src\\Illuminate\\Pipeline\\Pipeline.php(116): Illuminate\\Pipeline\\Pipeline->Illuminate\\Pipeline\\{closure}(Object(Illuminate\\Http\\Request))
#14 C:\\Users\\mahmo\\Barcody\\vendor\\laravel\\framework\\src\\Illuminate\\Routing\\Router.php(797): Illuminate\\Pipeline\\Pipeline->then(Object(Closure))
#15 C:\\Users\\mahmo\\Barcody\\vendor\\laravel\\framework\\src\\Illuminate\\Routing\\Router.php(776): Illuminate\\Routing\\Router->runRouteWithinStack(Object(Illuminate\\Routing\\Route), Object(Illuminate\\Http\\Request))
#16 C:\\Users\\mahmo\\Barcody\\vendor\\laravel\\framework\\src\\Illuminate\\Routing\\Router.php(740): Illuminate\\Routing\\Router->runRoute(Object(Illuminate\\Http\\Request), Object(Illuminate\\Routing\\Route))
#17 C:\\Users\\mahmo\\Barcody\\vendor\\laravel\\framework\\src\\Illuminate\\Routing\\Router.php(729): Illuminate\\Routing\\Router->dispatchToRoute(Object(Illuminate\\Http\\Request))
#18 C:\\Users\\mahmo\\Barcody\\vendor\\laravel\\framework\\src\\Illuminate\\Foundation\\Http\\Kernel.php(190): Illuminate\\Routing\\Router->dispatch(Object(Illuminate\\Http\\Request))
#19 C:\\Users\\mahmo\\Barcody\\vendor\\laravel\\framework\\src\\Illuminate\\Pipeline\\Pipeline.php(141): Illuminate\\Foundation\\Http\\Kernel->Illuminate\\Foundation\\Http\\{closure}(Object(Illuminate\\Http\\Request))
#20 C:\\Users\\mahmo\\Barcody\\vendor\\laravel\\framework\\src\\Illuminate\\Foundation\\Http\\Middleware\\TransformsRequest.php(21): Illuminate\\Pipeline\\Pipeline->Illuminate\\Pipeline\\{closure}(Object(Illuminate\\Http\\Request))
#21 C:\\Users\\mahmo\\Barcody\\vendor\\laravel\\framework\\src\\Illuminate\\Foundation\\Http\\Middleware\\ConvertEmptyStringsToNull.php(31): Illuminate\\Foundation\\Http\\Middleware\\TransformsRequest->handle(Object(Illuminate\\Http\\Request), Object(Closure))
#22 C:\\Users\\mahmo\\Barcody\\vendor\\laravel\\framework\\src\\Illuminate\\Pipeline\\Pipeline.php(180): Illuminate\\Foundation\\Http\\Middleware\\ConvertEmptyStringsToNull->handle(Object(Illuminate\\Http\\Request), Object(Closure))
#23 C:\\Users\\mahmo\\Barcody\\vendor\\laravel\\framework\\src\\Illuminate\\Foundation\\Http\\Middleware\\TransformsRequest.php(21): Illuminate\\Pipeline\\Pipeline->Illuminate\\Pipeline\\{closure}(Object(Illuminate\\Http\\Request))
#24 C:\\Users\\mahmo\\Barcody\\vendor\\laravel\\framework\\src\\Illuminate\\Foundation\\Http\\Middleware\\TrimStrings.php(40): Illuminate\\Foundation\\Http\\Middleware\\TransformsRequest->handle(Object(Illuminate\\Http\\Request), Object(Closure))
#25 C:\\Users\\mahmo\\Barcody\\vendor\\laravel\\framework\\src\\Illuminate\\Pipeline\\Pipeline.php(180): Illuminate\\Foundation\\Http\\Middleware\\TrimStrings->handle(Object(Illuminate\\Http\\Request), Object(Closure))
#26 C:\\Users\\mahmo\\Barcody\\vendor\\laravel\\framework\\src\\Illuminate\\Foundation\\Http\\Middleware\\ValidatePostSize.php(27): Illuminate\\Pipeline\\Pipeline->Illuminate\\Pipeline\\{closure}(Object(Illuminate\\Http\\Request))
#27 C:\\Users\\mahmo\\Barcody\\vendor\\laravel\\framework\\src\\Illuminate\\Pipeline\\Pipeline.php(180): Illuminate\\Foundation\\Http\\Middleware\\ValidatePostSize->handle(Object(Illuminate\\Http\\Request), Object(Closure))
#28 C:\\Users\\mahmo\\Barcody\\vendor\\laravel\\framework\\src\\Illuminate\\Foundation\\Http\\Middleware\\PreventRequestsDuringMaintenance.php(86): Illuminate\\Pipeline\\Pipeline->Illuminate\\Pipeline\\{closure}(Object(Illuminate\\Http\\Request))
#29 C:\\Users\\mahmo\\Barcody\\vendor\\laravel\\framework\\src\\Illuminate\\Pipeline\\Pipeline.php(180): Illuminate\\Foundation\\Http\\Middleware\\PreventRequestsDuringMaintenance->handle(Object(Illuminate\\Http\\Request), Object(Closure))
#30 C:\\Users\\mahmo\\Barcody\\vendor\\laravel\\framework\\src\\Illuminate\\Http\\Middleware\\HandleCors.php(62): Illuminate\\Pipeline\\Pipeline->Illuminate\\Pipeline\\{closure}(Object(Illuminate\\Http\\Request))
#31 C:\\Users\\mahmo\\Barcody\\vendor\\laravel\\framework\\src\\Illuminate\\Pipeline\\Pipeline.php(180): Illuminate\\Http\\Middleware\\HandleCors->handle(Object(Illuminate\\Http\\Request), Object(Closure))
#32 C:\\Users\\mahmo\\Barcody\\vendor\\laravel\\framework\\src\\Illuminate\\Http\\Middleware\\TrustProxies.php(39): Illuminate\\Pipeline\\Pipeline->Illuminate\\Pipeline\\{closure}(Object(Illuminate\\Http\\Request))
#33 C:\\Users\\mahmo\\Barcody\\vendor\\laravel\\framework\\src\\Illuminate\\Pipeline\\Pipeline.php(180): Illuminate\\Http\\Middleware\\TrustProxies->handle(Object(Illuminate\\Http\\Request), Object(Closure))
#34 C:\\Users\\mahmo\\Barcody\\vendor\\laravel\\framework\\src\\Illuminate\\Pipeline\\Pipeline.php(116): Illuminate\\Pipeline\\Pipeline->Illuminate\\Pipeline\\{closure}(Object(Illuminate\\Http\\Request))
#35 C:\\Users\\mahmo\\Barcody\\vendor\\laravel\\framework\\src\\Illuminate\\Foundation\\Http\\Kernel.php(165): Illuminate\\Pipeline\\Pipeline->then(Object(Closure))
#36 C:\\Users\\mahmo\\Barcody\\vendor\\laravel\\framework\\src\\Illuminate\\Foundation\\Http\\Kernel.php(134): Illuminate\\Foundation\\Http\\Kernel->sendRequestThroughRouter(Object(Illuminate\\Http\\Request))
#37 C:\\Users\\mahmo\\Barcody\\public\\index.php(51): Illuminate\\Foundation\\Http\\Kernel->handle(Object(Illuminate\\Http\\Request))
#38 C:\\Users\\mahmo\\Barcody\\vendor\\laravel\\framework\\src\\Illuminate\\Foundation\\resources\\server.php(16): require_once('C:\\\\Users\\\\mahmo\\\\...')
#39 {main}"} 
[2026-05-31 22:09:32] local.ERROR: Failed to send OTP {"error":"WhatsApp API key not configured","phone":"966500000001","trace":"#0 C:\\Users\\mahmo\\Barcody\\app\\Http\\Controllers\\UserauthController.php(286): App\\Http\\Controllers\\UserauthController->sendWhatsappOTP('966500000001', 306418)
#1 C:\\Users\\mahmo\\Barcody\\vendor\\laravel\\framework\\src\\Illuminate\\Routing\\Controller.php(54): App\\Http\\Controllers\\UserauthController->forgotPassword(Object(Illuminate\\Http\\Request))
#2 C:\\Users\\mahmo\\Barcody\\vendor\\laravel\\framework\\src\\Illuminate\\Routing\\ControllerDispatcher.php(43): Illuminate\\Routing\\Controller->callAction('forgotPassword', Array)
#3 C:\\Users\\mahmo\\Barcody\\vendor\\laravel\\framework\\src\\Illuminate\\Routing\\Route.php(259): Illuminate\\Routing\\ControllerDispatcher->dispatch(Object(Illuminate\\Routing\\Route), Object(App\\Http\\Controllers\\UserauthController), 'forgotPassword')
#4 C:\\Users\\mahmo\\Barcody\\vendor\\laravel\\framework\\src\\Illuminate\\Routing\\Route.php(205): Illuminate\\Routing\\Route->runController()
#5 C:\\Users\\mahmo\\Barcody\\vendor\\laravel\\framework\\src\\Illuminate\\Routing\\Router.php(798): Illuminate\\Routing\\Route->run()
#6 C:\\Users\\mahmo\\Barcody\\vendor\\laravel\\framework\\src\\Illuminate\\Pipeline\\Pipeline.php(141): Illuminate\\Routing\\Router->Illuminate\\Routing\\{closure}(Object(Illuminate\\Http\\Request))
#7 C:\\Users\\mahmo\\Barcody\\vendor\\laravel\\framework\\src\\Illuminate\\Routing\\Middleware\\SubstituteBindings.php(50): Illuminate\\Pipeline\\Pipeline->Illuminate\\Pipeline\\{closure}(Object(Illuminate\\Http\\Request))
#8 C:\\Users\\mahmo\\Barcody\\vendor\\laravel\\framework\\src\\Illuminate\\Pipeline\\Pipeline.php(180): Illuminate\\Routing\\Middleware\\SubstituteBindings->handle(Object(Illuminate\\Http\\Request), Object(Closure))
#9 C:\\Users\\mahmo\\Barcody\\vendor\\laravel\\framework\\src\\Illuminate\\Routing\\Middleware\\ThrottleRequests.php(126): Illuminate\\Pipeline\\Pipeline->Illuminate\\Pipeline\\{closure}(Object(Illuminate\\Http\\Request))
#10 C:\\Users\\mahmo\\Barcody\\vendor\\laravel\\framework\\src\\Illuminate\\Routing\\Middleware\\ThrottleRequests.php(92): Illuminate\\Routing\\Middleware\\ThrottleRequests->handleRequest(Object(Illuminate\\Http\\Request), Object(Closure), Array)
#11 C:\\Users\\mahmo\\Barcody\\vendor\\laravel\\framework\\src\\Illuminate\\Routing\\Middleware\\ThrottleRequests.php(54): Illuminate\\Routing\\Middleware\\ThrottleRequests->handleRequestUsingNamedLimiter(Object(Illuminate\\Http\\Request), Object(Closure), 'api', Object(Closure))
#12 C:\\Users\\mahmo\\Barcody\\vendor\\laravel\\framework\\src\\Illuminate\\Pipeline\\Pipeline.php(180): Illuminate\\Routing\\Middleware\\ThrottleRequests->handle(Object(Illuminate\\Http\\Request), Object(Closure), 'api')
#13 C:\\Users\\mahmo\\Barcody\\vendor\\laravel\\framework\\src\\Illuminate\\Pipeline\\Pipeline.php(116): Illuminate\\Pipeline\\Pipeline->Illuminate\\Pipeline\\{closure}(Object(Illuminate\\Http\\Request))
#14 C:\\Users\\mahmo\\Barcody\\vendor\\laravel\\framework\\src\\Illuminate\\Routing\\Router.php(797): Illuminate\\Pipeline\\Pipeline->then(Object(Closure))
#15 C:\\Users\\mahmo\\Barcody\\vendor\\laravel\\framework\\src\\Illuminate\\Routing\\Router.php(776): Illuminate\\Routing\\Router->runRouteWithinStack(Object(Illuminate\\Routing\\Route), Object(Illuminate\\Http\\Request))
#16 C:\\Users\\mahmo\\Barcody\\vendor\\laravel\\framework\\src\\Illuminate\\Routing\\Router.php(740): Illuminate\\Routing\\Router->runRoute(Object(Illuminate\\Http\\Request), Object(Illuminate\\Routing\\Route))
#17 C:\\Users\\mahmo\\Barcody\\vendor\\laravel\\framework\\src\\Illuminate\\Routing\\Router.php(729): Illuminate\\Routing\\Router->dispatchToRoute(Object(Illuminate\\Http\\Request))
#18 C:\\Users\\mahmo\\Barcody\\vendor\\laravel\\framework\\src\\Illuminate\\Foundation\\Http\\Kernel.php(190): Illuminate\\Routing\\Router->dispatch(Object(Illuminate\\Http\\Request))
#19 C:\\Users\\mahmo\\Barcody\\vendor\\laravel\\framework\\src\\Illuminate\\Pipeline\\Pipeline.php(141): Illuminate\\Foundation\\Http\\Kernel->Illuminate\\Foundation\\Http\\{closure}(Object(Illuminate\\Http\\Request))
#20 C:\\Users\\mahmo\\Barcody\\vendor\\laravel\\framework\\src\\Illuminate\\Foundation\\Http\\Middleware\\TransformsRequest.php(21): Illuminate\\Pipeline\\Pipeline->Illuminate\\Pipeline\\{closure}(Object(Illuminate\\Http\\Request))
#21 C:\\Users\\mahmo\\Barcody\\vendor\\laravel\\framework\\src\\Illuminate\\Foundation\\Http\\Middleware\\ConvertEmptyStringsToNull.php(31): Illuminate\\Foundation\\Http\\Middleware\\TransformsRequest->handle(Object(Illuminate\\Http\\Request), Object(Closure))
#22 C:\\Users\\mahmo\\Barcody\\vendor\\laravel\\framework\\src\\Illuminate\\Pipeline\\Pipeline.php(180): Illuminate\\Foundation\\Http\\Middleware\\ConvertEmptyStringsToNull->handle(Object(Illuminate\\Http\\Request), Object(Closure))
#23 C:\\Users\\mahmo\\Barcody\\vendor\\laravel\\framework\\src\\Illuminate\\Foundation\\Http\\Middleware\\TransformsRequest.php(21): Illuminate\\Pipeline\\Pipeline->Illuminate\\Pipeline\\{closure}(Object(Illuminate\\Http\\Request))
#24 C:\\Users\\mahmo\\Barcody\\vendor\\laravel\\framework\\src\\Illuminate\\Foundation\\Http\\Middleware\\TrimStrings.php(40): Illuminate\\Foundation\\Http\\Middleware\\TransformsRequest->handle(Object(Illuminate\\Http\\Request), Object(Closure))
#25 C:\\Users\\mahmo\\Barcody\\vendor\\laravel\\framework\\src\\Illuminate\\Pipeline\\Pipeline.php(180): Illuminate\\Foundation\\Http\\Middleware\\TrimStrings->handle(Object(Illuminate\\Http\\Request), Object(Closure))
#26 C:\\Users\\mahmo\\Barcody\\vendor\\laravel\\framework\\src\\Illuminate\\Foundation\\Http\\Middleware\\ValidatePostSize.php(27): Illuminate\\Pipeline\\Pipeline->Illuminate\\Pipeline\\{closure}(Object(Illuminate\\Http\\Request))
#27 C:\\Users\\mahmo\\Barcody\\vendor\\laravel\\framework\\src\\Illuminate\\Pipeline\\Pipeline.php(180): Illuminate\\Foundation\\Http\\Middleware\\ValidatePostSize->handle(Object(Illuminate\\Http\\Request), Object(Closure))
#28 C:\\Users\\mahmo\\Barcody\\vendor\\laravel\\framework\\src\\Illuminate\\Foundation\\Http\\Middleware\\PreventRequestsDuringMaintenance.php(86): Illuminate\\Pipeline\\Pipeline->Illuminate\\Pipeline\\{closure}(Object(Illuminate\\Http\\Request))
#29 C:\\Users\\mahmo\\Barcody\\vendor\\laravel\\framework\\src\\Illuminate\\Pipeline\\Pipeline.php(180): Illuminate\\Foundation\\Http\\Middleware\\PreventRequestsDuringMaintenance->handle(Object(Illuminate\\Http\\Request), Object(Closure))
#30 C:\\Users\\mahmo\\Barcody\\vendor\\laravel\\framework\\src\\Illuminate\\Http\\Middleware\\HandleCors.php(62): Illuminate\\Pipeline\\Pipeline->Illuminate\\Pipeline\\{closure}(Object(Illuminate\\Http\\Request))
#31 C:\\Users\\mahmo\\Barcody\\vendor\\laravel\\framework\\src\\Illuminate\\Pipeline\\Pipeline.php(180): Illuminate\\Http\\Middleware\\HandleCors->handle(Object(Illuminate\\Http\\Request), Object(Closure))
#32 C:\\Users\\mahmo\\Barcody\\vendor\\laravel\\framework\\src\\Illuminate\\Http\\Middleware\\TrustProxies.php(39): Illuminate\\Pipeline\\Pipeline->Illuminate\\Pipeline\\{closure}(Object(Illuminate\\Http\\Request))
#33 C:\\Users\\mahmo\\Barcody\\vendor\\laravel\\framework\\src\\Illuminate\\Pipeline\\Pipeline.php(180): Illuminate\\Http\\Middleware\\TrustProxies->handle(Object(Illuminate\\Http\\Request), Object(Closure))
#34 C:\\Users\\mahmo\\Barcody\\vendor\\laravel\\framework\\src\\Illuminate\\Pipeline\\Pipeline.php(116): Illuminate\\Pipeline\\Pipeline->Illuminate\\Pipeline\\{closure}(Object(Illuminate\\Http\\Request))
#35 C:\\Users\\mahmo\\Barcody\\vendor\\laravel\\framework\\src\\Illuminate\\Foundation\\Http\\Kernel.php(165): Illuminate\\Pipeline\\Pipeline->then(Object(Closure))
#36 C:\\Users\\mahmo\\Barcody\\vendor\\laravel\\framework\\src\\Illuminate\\Foundation\\Http\\Kernel.php(134): Illuminate\\Foundation\\Http\\Kernel->sendRequestThroughRouter(Object(Illuminate\\Http\\Request))
#37 C:\\Users\\mahmo\\Barcody\\public\\index.php(51): Illuminate\\Foundation\\Http\\Kernel->handle(Object(Illuminate\\Http\\Request))
#38 C:\\Users\\mahmo\\Barcody\\vendor\\laravel\\framework\\src\\Illuminate\\Foundation\\resources\\server.php(16): require_once('C:\\\\Users\\\\mahmo\\\\...')
#39 {main}"} 
[2026-05-31 22:13:54] local.ERROR: Failed to send OTP {"error":"WhatsApp API key not configured","phone":"966500000001","trace":"#0 C:\\Users\\mahmo\\Barcody\\app\\Http\\Controllers\\UserauthController.php(431): App\\Http\\Controllers\\UserauthController->sendWhatsappOTP('966500000001', 591835)
#1 C:\\Users\\mahmo\\Barcody\\vendor\\laravel\\framework\\src\\Illuminate\\Routing\\Controller.php(54): App\\Http\\Controllers\\UserauthController->loginApi(Object(Illuminate\\Http\\Request))
#2 C:\\Users\\mahmo\\Barcody\\vendor\\laravel\\framework\\src\\Illuminate\\Routing\\ControllerDispatcher.php(43): Illuminate\\Routing\\Controller->callAction('loginApi', Array)
#3 C:\\Users\\mahmo\\Barcody\\vendor\\laravel\\framework\\src\\Illuminate\\Routing\\Route.php(259): Illuminate\\Routing\\ControllerDispatcher->dispatch(Object(Illuminate\\Routing\\Route), Object(App\\Http\\Controllers\\UserauthController), 'loginApi')
#4 C:\\Users\\mahmo\\Barcody\\vendor\\laravel\\framework\\src\\Illuminate\\Routing\\Route.php(205): Illuminate\\Routing\\Route->runController()
#5 C:\\Users\\mahmo\\Barcody\\vendor\\laravel\\framework\\src\\Illuminate\\Routing\\Router.php(798): Illuminate\\Routing\\Route->run()
#6 C:\\Users\\mahmo\\Barcody\\vendor\\laravel\\framework\\src\\Illuminate\\Pipeline\\Pipeline.php(141): Illuminate\\Routing\\Router->Illuminate\\Routing\\{closure}(Object(Illuminate\\Http\\Request))
#7 C:\\Users\\mahmo\\Barcody\\vendor\\laravel\\framework\\src\\Illuminate\\Routing\\Middleware\\SubstituteBindings.php(50): Illuminate\\Pipeline\\Pipeline->Illuminate\\Pipeline\\{closure}(Object(Illuminate\\Http\\Request))
#8 C:\\Users\\mahmo\\Barcody\\vendor\\laravel\\framework\\src\\Illuminate\\Pipeline\\Pipeline.php(180): Illuminate\\Routing\\Middleware\\SubstituteBindings->handle(Object(Illuminate\\Http\\Request), Object(Closure))
#9 C:\\Users\\mahmo\\Barcody\\vendor\\laravel\\framework\\src\\Illuminate\\Routing\\Middleware\\ThrottleRequests.php(126): Illuminate\\Pipeline\\Pipeline->Illuminate\\Pipeline\\{closure}(Object(Illuminate\\Http\\Request))
#10 C:\\Users\\mahmo\\Barcody\\vendor\\laravel\\framework\\src\\Illuminate\\Routing\\Middleware\\ThrottleRequests.php(92): Illuminate\\Routing\\Middleware\\ThrottleRequests->handleRequest(Object(Illuminate\\Http\\Request), Object(Closure), Array)
#11 C:\\Users\\mahmo\\Barcody\\vendor\\laravel\\framework\\src\\Illuminate\\Routing\\Middleware\\ThrottleRequests.php(54): Illuminate\\Routing\\Middleware\\ThrottleRequests->handleRequestUsingNamedLimiter(Object(Illuminate\\Http\\Request), Object(Closure), 'api', Object(Closure))
#12 C:\\Users\\mahmo\\Barcody\\vendor\\laravel\\framework\\src\\Illuminate\\Pipeline\\Pipeline.php(180): Illuminate\\Routing\\Middleware\\ThrottleRequests->handle(Object(Illuminate\\Http\\Request), Object(Closure), 'api')
#13 C:\\Users\\mahmo\\Barcody\\vendor\\laravel\\framework\\src\\Illuminate\\Pipeline\\Pipeline.php(116): Illuminate\\Pipeline\\Pipeline->Illuminate\\Pipeline\\{closure}(Object(Illuminate\\Http\\Request))
#14 C:\\Users\\mahmo\\Barcody\\vendor\\laravel\\framework\\src\\Illuminate\\Routing\\Router.php(797): Illuminate\\Pipeline\\Pipeline->then(Object(Closure))
#15 C:\\Users\\mahmo\\Barcody\\vendor\\laravel\\framework\\src\\Illuminate\\Routing\\Router.php(776): Illuminate\\Routing\\Router->runRouteWithinStack(Object(Illuminate\\Routing\\Route), Object(Illuminate\\Http\\Request))
#16 C:\\Users\\mahmo\\Barcody\\vendor\\laravel\\framework\\src\\Illuminate\\Routing\\Router.php(740): Illuminate\\Routing\\Router->runRoute(Object(Illuminate\\Http\\Request), Object(Illuminate\\Routing\\Route))
#17 C:\\Users\\mahmo\\Barcody\\vendor\\laravel\\framework\\src\\Illuminate\\Routing\\Router.php(729): Illuminate\\Routing\\Router->dispatchToRoute(Object(Illuminate\\Http\\Request))
#18 C:\\Users\\mahmo\\Barcody\\vendor\\laravel\\framework\\src\\Illuminate\\Foundation\\Http\\Kernel.php(190): Illuminate\\Routing\\Router->dispatch(Object(Illuminate\\Http\\Request))
#19 C:\\Users\\mahmo\\Barcody\\vendor\\laravel\\framework\\src\\Illuminate\\Pipeline\\Pipeline.php(141): Illuminate\\Foundation\\Http\\Kernel->Illuminate\\Foundation\\Http\\{closure}(Object(Illuminate\\Http\\Request))
#20 C:\\Users\\mahmo\\Barcody\\vendor\\laravel\\framework\\src\\Illuminate\\Foundation\\Http\\Middleware\\TransformsRequest.php(21): Illuminate\\Pipeline\\Pipeline->Illuminate\\Pipeline\\{closure}(Object(Illuminate\\Http\\Request))
#21 C:\\Users\\mahmo\\Barcody\\vendor\\laravel\\framework\\src\\Illuminate\\Foundation\\Http\\Middleware\\ConvertEmptyStringsToNull.php(31): Illuminate\\Foundation\\Http\\Middleware\\TransformsRequest->handle(Object(Illuminate\\Http\\Request), Object(Closure))
#22 C:\\Users\\mahmo\\Barcody\\vendor\\laravel\\framework\\src\\Illuminate\\Pipeline\\Pipeline.php(180): Illuminate\\Foundation\\Http\\Middleware\\ConvertEmptyStringsToNull->handle(Object(Illuminate\\Http\\Request), Object(Closure))
#23 C:\\Users\\mahmo\\Barcody\\vendor\\laravel\\framework\\src\\Illuminate\\Foundation\\Http\\Middleware\\TransformsRequest.php(21): Illuminate\\Pipeline\\Pipeline->Illuminate\\Pipeline\\{closure}(Object(Illuminate\\Http\\Request))
#24 C:\\Users\\mahmo\\Barcody\\vendor\\laravel\\framework\\src\\Illuminate\\Foundation\\Http\\Middleware\\TrimStrings.php(40): Illuminate\\Foundation\\Http\\Middleware\\TransformsRequest->handle(Object(Illuminate\\Http\\Request), Object(Closure))
#25 C:\\Users\\mahmo\\Barcody\\vendor\\laravel\\framework\\src\\Illuminate\\Pipeline\\Pipeline.php(180): Illuminate\\Foundation\\Http\\Middleware\\TrimStrings->handle(Object(Illuminate\\Http\\Request), Object(Closure))
#26 C:\\Users\\mahmo\\Barcody\\vendor\\laravel\\framework\\src\\Illuminate\\Foundation\\Http\\Middleware\\ValidatePostSize.php(27): Illuminate\\Pipeline\\Pipeline->Illuminate\\Pipeline\\{closure}(Object(Illuminate\\Http\\Request))
#27 C:\\Users\\mahmo\\Barcody\\vendor\\laravel\\framework\\src\\Illuminate\\Pipeline\\Pipeline.php(180): Illuminate\\Foundation\\Http\\Middleware\\ValidatePostSize->handle(Object(Illuminate\\Http\\Request), Object(Closure))
#28 C:\\Users\\mahmo\\Barcody\\vendor\\laravel\\framework\\src\\Illuminate\\Foundation\\Http\\Middleware\\PreventRequestsDuringMaintenance.php(86): Illuminate\\Pipeline\\Pipeline->Illuminate\\Pipeline\\{closure}(Object(Illuminate\\Http\\Request))
#29 C:\\Users\\mahmo\\Barcody\\vendor\\laravel\\framework\\src\\Illuminate\\Pipeline\\Pipeline.php(180): Illuminate\\Foundation\\Http\\Middleware\\PreventRequestsDuringMaintenance->handle(Object(Illuminate\\Http\\Request), Object(Closure))
#30 C:\\Users\\mahmo\\Barcody\\vendor\\laravel\\framework\\src\\Illuminate\\Http\\Middleware\\HandleCors.php(62): Illuminate\\Pipeline\\Pipeline->Illuminate\\Pipeline\\{closure}(Object(Illuminate\\Http\\Request))
#31 C:\\Users\\mahmo\\Barcody\\vendor\\laravel\\framework\\src\\Illuminate\\Pipeline\\Pipeline.php(180): Illuminate\\Http\\Middleware\\HandleCors->handle(Object(Illuminate\\Http\\Request), Object(Closure))
#32 C:\\Users\\mahmo\\Barcody\\vendor\\laravel\\framework\\src\\Illuminate\\Http\\Middleware\\TrustProxies.php(39): Illuminate\\Pipeline\\Pipeline->Illuminate\\Pipeline\\{closure}(Object(Illuminate\\Http\\Request))
#33 C:\\Users\\mahmo\\Barcody\\vendor\\laravel\\framework\\src\\Illuminate\\Pipeline\\Pipeline.php(180): Illuminate\\Http\\Middleware\\TrustProxies->handle(Object(Illuminate\\Http\\Request), Object(Closure))
#34 C:\\Users\\mahmo\\Barcody\\vendor\\laravel\\framework\\src\\Illuminate\\Pipeline\\Pipeline.php(116): Illuminate\\Pipeline\\Pipeline->Illuminate\\Pipeline\\{closure}(Object(Illuminate\\Http\\Request))
#35 C:\\Users\\mahmo\\Barcody\\vendor\\laravel\\framework\\src\\Illuminate\\Foundation\\Http\\Kernel.php(165): Illuminate\\Pipeline\\Pipeline->then(Object(Closure))
#36 C:\\Users\\mahmo\\Barcody\\vendor\\laravel\\framework\\src\\Illuminate\\Foundation\\Http\\Kernel.php(134): Illuminate\\Foundation\\Http\\Kernel->sendRequestThroughRouter(Object(Illuminate\\Http\\Request))
#37 C:\\Users\\mahmo\\Barcody\\public\\index.php(51): Illuminate\\Foundation\\Http\\Kernel->handle(Object(Illuminate\\Http\\Request))
#38 C:\\Users\\mahmo\\Barcody\\vendor\\laravel\\framework\\src\\Illuminate\\Foundation\\resources\\server.php(16): require_once('C:\\\\Users\\\\mahmo\\\\...')
#39 {main}"} 
[2026-05-31 22:13:55] local.ERROR: Failed to send OTP {"error":"WhatsApp API key not configured","phone":"966500000001","trace":"#0 C:\\Users\\mahmo\\Barcody\\app\\Http\\Controllers\\UserauthController.php(605): App\\Http\\Controllers\\UserauthController->sendWhatsappOTP('966500000001', 294597)
#1 C:\\Users\\mahmo\\Barcody\\vendor\\laravel\\framework\\src\\Illuminate\\Routing\\Controller.php(54): App\\Http\\Controllers\\UserauthController->phoneLogin(Object(Illuminate\\Http\\Request))
#2 C:\\Users\\mahmo\\Barcody\\vendor\\laravel\\framework\\src\\Illuminate\\Routing\\ControllerDispatcher.php(43): Illuminate\\Routing\\Controller->callAction('phoneLogin', Array)
#3 C:\\Users\\mahmo\\Barcody\\vendor\\laravel\\framework\\src\\Illuminate\\Routing\\Route.php(259): Illuminate\\Routing\\ControllerDispatcher->dispatch(Object(Illuminate\\Routing\\Route), Object(App\\Http\\Controllers\\UserauthController), 'phoneLogin')
#4 C:\\Users\\mahmo\\Barcody\\vendor\\laravel\\framework\\src\\Illuminate\\Routing\\Route.php(205): Illuminate\\Routing\\Route->runController()
#5 C:\\Users\\mahmo\\Barcody\\vendor\\laravel\\framework\\src\\Illuminate\\Routing\\Router.php(798): Illuminate\\Routing\\Route->run()
#6 C:\\Users\\mahmo\\Barcody\\vendor\\laravel\\framework\\src\\Illuminate\\Pipeline\\Pipeline.php(141): Illuminate\\Routing\\Router->Illuminate\\Routing\\{closure}(Object(Illuminate\\Http\\Request))
#7 C:\\Users\\mahmo\\Barcody\\vendor\\laravel\\framework\\src\\Illuminate\\Routing\\Middleware\\SubstituteBindings.php(50): Illuminate\\Pipeline\\Pipeline->Illuminate\\Pipeline\\{closure}(Object(Illuminate\\Http\\Request))
#8 C:\\Users\\mahmo\\Barcody\\vendor\\laravel\\framework\\src\\Illuminate\\Pipeline\\Pipeline.php(180): Illuminate\\Routing\\Middleware\\SubstituteBindings->handle(Object(Illuminate\\Http\\Request), Object(Closure))
#9 C:\\Users\\mahmo\\Barcody\\vendor\\laravel\\framework\\src\\Illuminate\\Routing\\Middleware\\ThrottleRequests.php(126): Illuminate\\Pipeline\\Pipeline->Illuminate\\Pipeline\\{closure}(Object(Illuminate\\Http\\Request))
#10 C:\\Users\\mahmo\\Barcody\\vendor\\laravel\\framework\\src\\Illuminate\\Routing\\Middleware\\ThrottleRequests.php(92): Illuminate\\Routing\\Middleware\\ThrottleRequests->handleRequest(Object(Illuminate\\Http\\Request), Object(Closure), Array)
#11 C:\\Users\\mahmo\\Barcody\\vendor\\laravel\\framework\\src\\Illuminate\\Routing\\Middleware\\ThrottleRequests.php(54): Illuminate\\Routing\\Middleware\\ThrottleRequests->handleRequestUsingNamedLimiter(Object(Illuminate\\Http\\Request), Object(Closure), 'api', Object(Closure))
#12 C:\\Users\\mahmo\\Barcody\\vendor\\laravel\\framework\\src\\Illuminate\\Pipeline\\Pipeline.php(180): Illuminate\\Routing\\Middleware\\ThrottleRequests->handle(Object(Illuminate\\Http\\Request), Object(Closure), 'api')
#13 C:\\Users\\mahmo\\Barcody\\vendor\\laravel\\framework\\src\\Illuminate\\Pipeline\\Pipeline.php(116): Illuminate\\Pipeline\\Pipeline->Illuminate\\Pipeline\\{closure}(Object(Illuminate\\Http\\Request))
#14 C:\\Users\\mahmo\\Barcody\\vendor\\laravel\\framework\\src\\Illuminate\\Routing\\Router.php(797): Illuminate\\Pipeline\\Pipeline->then(Object(Closure))
#15 C:\\Users\\mahmo\\Barcody\\vendor\\laravel\\framework\\src\\Illuminate\\Routing\\Router.php(776): Illuminate\\Routing\\Router->runRouteWithinStack(Object(Illuminate\\Routing\\Route), Object(Illuminate\\Http\\Request))
#16 C:\\Users\\mahmo\\Barcody\\vendor\\laravel\\framework\\src\\Illuminate\\Routing\\Router.php(740): Illuminate\\Routing\\Router->runRoute(Object(Illuminate\\Http\\Request), Object(Illuminate\\Routing\\Route))
#17 C:\\Users\\mahmo\\Barcody\\vendor\\laravel\\framework\\src\\Illuminate\\Routing\\Router.php(729): Illuminate\\Routing\\Router->dispatchToRoute(Object(Illuminate\\Http\\Request))
#18 C:\\Users\\mahmo\\Barcody\\vendor\\laravel\\framework\\src\\Illuminate\\Foundation\\Http\\Kernel.php(190): Illuminate\\Routing\\Router->dispatch(Object(Illuminate\\Http\\Request))
#19 C:\\Users\\mahmo\\Barcody\\vendor\\laravel\\framework\\src\\Illuminate\\Pipeline\\Pipeline.php(141): Illuminate\\Foundation\\Http\\Kernel->Illuminate\\Foundation\\Http\\{closure}(Object(Illuminate\\Http\\Request))
#20 C:\\Users\\mahmo\\Barcody\\vendor\\laravel\\framework\\src\\Illuminate\\Foundation\\Http\\Middleware\\TransformsRequest.php(21): Illuminate\\Pipeline\\Pipeline->Illuminate\\Pipeline\\{closure}(Object(Illuminate\\Http\\Request))
#21 C:\\Users\\mahmo\\Barcody\\vendor\\laravel\\framework\\src\\Illuminate\\Foundation\\Http\\Middleware\\ConvertEmptyStringsToNull.php(31): Illuminate\\Foundation\\Http\\Middleware\\TransformsRequest->handle(Object(Illuminate\\Http\\Request), Object(Closure))
#22 C:\\Users\\mahmo\\Barcody\\vendor\\laravel\\framework\\src\\Illuminate\\Pipeline\\Pipeline.php(180): Illuminate\\Foundation\\Http\\Middleware\\ConvertEmptyStringsToNull->handle(Object(Illuminate\\Http\\Request), Object(Closure))
#23 C:\\Users\\mahmo\\Barcody\\vendor\\laravel\\framework\\src\\Illuminate\\Foundation\\Http\\Middleware\\TransformsRequest.php(21): Illuminate\\Pipeline\\Pipeline->Illuminate\\Pipeline\\{closure}(Object(Illuminate\\Http\\Request))
#24 C:\\Users\\mahmo\\Barcody\\vendor\\laravel\\framework\\src\\Illuminate\\Foundation\\Http\\Middleware\\TrimStrings.php(40): Illuminate\\Foundation\\Http\\Middleware\\TransformsRequest->handle(Object(Illuminate\\Http\\Request), Object(Closure))
#25 C:\\Users\\mahmo\\Barcody\\vendor\\laravel\\framework\\src\\Illuminate\\Pipeline\\Pipeline.php(180): Illuminate\\Foundation\\Http\\Middleware\\TrimStrings->handle(Object(Illuminate\\Http\\Request), Object(Closure))
#26 C:\\Users\\mahmo\\Barcody\\vendor\\laravel\\framework\\src\\Illuminate\\Foundation\\Http\\Middleware\\ValidatePostSize.php(27): Illuminate\\Pipeline\\Pipeline->Illuminate\\Pipeline\\{closure}(Object(Illuminate\\Http\\Request))
#27 C:\\Users\\mahmo\\Barcody\\vendor\\laravel\\framework\\src\\Illuminate\\Pipeline\\Pipeline.php(180): Illuminate\\Foundation\\Http\\Middleware\\ValidatePostSize->handle(Object(Illuminate\\Http\\Request), Object(Closure))
#28 C:\\Users\\mahmo\\Barcody\\vendor\\laravel\\framework\\src\\Illuminate\\Foundation\\Http\\Middleware\\PreventRequestsDuringMaintenance.php(86): Illuminate\\Pipeline\\Pipeline->Illuminate\\Pipeline\\{closure}(Object(Illuminate\\Http\\Request))
#29 C:\\Users\\mahmo\\Barcody\\vendor\\laravel\\framework\\src\\Illuminate\\Pipeline\\Pipeline.php(180): Illuminate\\Foundation\\Http\\Middleware\\PreventRequestsDuringMaintenance->handle(Object(Illuminate\\Http\\Request), Object(Closure))
#30 C:\\Users\\mahmo\\Barcody\\vendor\\laravel\\framework\\src\\Illuminate\\Http\\Middleware\\HandleCors.php(62): Illuminate\\Pipeline\\Pipeline->Illuminate\\Pipeline\\{closure}(Object(Illuminate\\Http\\Request))
#31 C:\\Users\\mahmo\\Barcody\\vendor\\laravel\\framework\\src\\Illuminate\\Pipeline\\Pipeline.php(180): Illuminate\\Http\\Middleware\\HandleCors->handle(Object(Illuminate\\Http\\Request), Object(Closure))
#32 C:\\Users\\mahmo\\Barcody\\vendor\\laravel\\framework\\src\\Illuminate\\Http\\Middleware\\TrustProxies.php(39): Illuminate\\Pipeline\\Pipeline->Illuminate\\Pipeline\\{closure}(Object(Illuminate\\Http\\Request))
#33 C:\\Users\\mahmo\\Barcody\\vendor\\laravel\\framework\\src\\Illuminate\\Pipeline\\Pipeline.php(180): Illuminate\\Http\\Middleware\\TrustProxies->handle(Object(Illuminate\\Http\\Request), Object(Closure))
#34 C:\\Users\\mahmo\\Barcody\\vendor\\laravel\\framework\\src\\Illuminate\\Pipeline\\Pipeline.php(116): Illuminate\\Pipeline\\Pipeline->Illuminate\\Pipeline\\{closure}(Object(Illuminate\\Http\\Request))
#35 C:\\Users\\mahmo\\Barcody\\vendor\\laravel\\framework\\src\\Illuminate\\Foundation\\Http\\Kernel.php(165): Illuminate\\Pipeline\\Pipeline->then(Object(Closure))
#36 C:\\Users\\mahmo\\Barcody\\vendor\\laravel\\framework\\src\\Illuminate\\Foundation\\Http\\Kernel.php(134): Illuminate\\Foundation\\Http\\Kernel->sendRequestThroughRouter(Object(Illuminate\\Http\\Request))
#37 C:\\Users\\mahmo\\Barcody\\public\\index.php(51): Illuminate\\Foundation\\Http\\Kernel->handle(Object(Illuminate\\Http\\Request))
#38 C:\\Users\\mahmo\\Barcody\\vendor\\laravel\\framework\\src\\Illuminate\\Foundation\\resources\\server.php(16): require_once('C:\\\\Users\\\\mahmo\\\\...')
#39 {main}"} 
[2026-05-31 22:13:57] local.ERROR: Failed to send OTP {"error":"WhatsApp API key not configured","phone":"966500000001","trace":"#0 C:\\Users\\mahmo\\Barcody\\app\\Http\\Controllers\\UserauthController.php(373): App\\Http\\Controllers\\UserauthController->sendWhatsappOTP('966500000001', 443861)
#1 C:\\Users\\mahmo\\Barcody\\vendor\\laravel\\framework\\src\\Illuminate\\Routing\\Controller.php(54): App\\Http\\Controllers\\UserauthController->resendOtpApi(Object(Illuminate\\Http\\Request))
#2 C:\\Users\\mahmo\\Barcody\\vendor\\laravel\\framework\\src\\Illuminate\\Routing\\ControllerDispatcher.php(43): Illuminate\\Routing\\Controller->callAction('resendOtpApi', Array)
#3 C:\\Users\\mahmo\\Barcody\\vendor\\laravel\\framework\\src\\Illuminate\\Routing\\Route.php(259): Illuminate\\Routing\\ControllerDispatcher->dispatch(Object(Illuminate\\Routing\\Route), Object(App\\Http\\Controllers\\UserauthController), 'resendOtpApi')
#4 C:\\Users\\mahmo\\Barcody\\vendor\\laravel\\framework\\src\\Illuminate\\Routing\\Route.php(205): Illuminate\\Routing\\Route->runController()
#5 C:\\Users\\mahmo\\Barcody\\vendor\\laravel\\framework\\src\\Illuminate\\Routing\\Router.php(798): Illuminate\\Routing\\Route->run()
#6 C:\\Users\\mahmo\\Barcody\\vendor\\laravel\\framework\\src\\Illuminate\\Pipeline\\Pipeline.php(141): Illuminate\\Routing\\Router->Illuminate\\Routing\\{closure}(Object(Illuminate\\Http\\Request))
#7 C:\\Users\\mahmo\\Barcody\\vendor\\laravel\\framework\\src\\Illuminate\\Routing\\Middleware\\SubstituteBindings.php(50): Illuminate\\Pipeline\\Pipeline->Illuminate\\Pipeline\\{closure}(Object(Illuminate\\Http\\Request))
#8 C:\\Users\\mahmo\\Barcody\\vendor\\laravel\\framework\\src\\Illuminate\\Pipeline\\Pipeline.php(180): Illuminate\\Routing\\Middleware\\SubstituteBindings->handle(Object(Illuminate\\Http\\Request), Object(Closure))
#9 C:\\Users\\mahmo\\Barcody\\vendor\\laravel\\framework\\src\\Illuminate\\Routing\\Middleware\\ThrottleRequests.php(126): Illuminate\\Pipeline\\Pipeline->Illuminate\\Pipeline\\{closure}(Object(Illuminate\\Http\\Request))
#10 C:\\Users\\mahmo\\Barcody\\vendor\\laravel\\framework\\src\\Illuminate\\Routing\\Middleware\\ThrottleRequests.php(92): Illuminate\\Routing\\Middleware\\ThrottleRequests->handleRequest(Object(Illuminate\\Http\\Request), Object(Closure), Array)
#11 C:\\Users\\mahmo\\Barcody\\vendor\\laravel\\framework\\src\\Illuminate\\Routing\\Middleware\\ThrottleRequests.php(54): Illuminate\\Routing\\Middleware\\ThrottleRequests->handleRequestUsingNamedLimiter(Object(Illuminate\\Http\\Request), Object(Closure), 'api', Object(Closure))
#12 C:\\Users\\mahmo\\Barcody\\vendor\\laravel\\framework\\src\\Illuminate\\Pipeline\\Pipeline.php(180): Illuminate\\Routing\\Middleware\\ThrottleRequests->handle(Object(Illuminate\\Http\\Request), Object(Closure), 'api')
#13 C:\\Users\\mahmo\\Barcody\\vendor\\laravel\\framework\\src\\Illuminate\\Pipeline\\Pipeline.php(116): Illuminate\\Pipeline\\Pipeline->Illuminate\\Pipeline\\{closure}(Object(Illuminate\\Http\\Request))
#14 C:\\Users\\mahmo\\Barcody\\vendor\\laravel\\framework\\src\\Illuminate\\Routing\\Router.php(797): Illuminate\\Pipeline\\Pipeline->then(Object(Closure))
#15 C:\\Users\\mahmo\\Barcody\\vendor\\laravel\\framework\\src\\Illuminate\\Routing\\Router.php(776): Illuminate\\Routing\\Router->runRouteWithinStack(Object(Illuminate\\Routing\\Route), Object(Illuminate\\Http\\Request))
#16 C:\\Users\\mahmo\\Barcody\\vendor\\laravel\\framework\\src\\Illuminate\\Routing\\Router.php(740): Illuminate\\Routing\\Router->runRoute(Object(Illuminate\\Http\\Request), Object(Illuminate\\Routing\\Route))
#17 C:\\Users\\mahmo\\Barcody\\vendor\\laravel\\framework\\src\\Illuminate\\Routing\\Router.php(729): Illuminate\\Routing\\Router->dispatchToRoute(Object(Illuminate\\Http\\Request))
#18 C:\\Users\\mahmo\\Barcody\\vendor\\laravel\\framework\\src\\Illuminate\\Foundation\\Http\\Kernel.php(190): Illuminate\\Routing\\Router->dispatch(Object(Illuminate\\Http\\Request))
#19 C:\\Users\\mahmo\\Barcody\\vendor\\laravel\\framework\\src\\Illuminate\\Pipeline\\Pipeline.php(141): Illuminate\\Foundation\\Http\\Kernel->Illuminate\\Foundation\\Http\\{closure}(Object(Illuminate\\Http\\Request))
#20 C:\\Users\\mahmo\\Barcody\\vendor\\laravel\\framework\\src\\Illuminate\\Foundation\\Http\\Middleware\\TransformsRequest.php(21): Illuminate\\Pipeline\\Pipeline->Illuminate\\Pipeline\\{closure}(Object(Illuminate\\Http\\Request))
#21 C:\\Users\\mahmo\\Barcody\\vendor\\laravel\\framework\\src\\Illuminate\\Foundation\\Http\\Middleware\\ConvertEmptyStringsToNull.php(31): Illuminate\\Foundation\\Http\\Middleware\\TransformsRequest->handle(Object(Illuminate\\Http\\Request), Object(Closure))
#22 C:\\Users\\mahmo\\Barcody\\vendor\\laravel\\framework\\src\\Illuminate\\Pipeline\\Pipeline.php(180): Illuminate\\Foundation\\Http\\Middleware\\ConvertEmptyStringsToNull->handle(Object(Illuminate\\Http\\Request), Object(Closure))
#23 C:\\Users\\mahmo\\Barcody\\vendor\\laravel\\framework\\src\\Illuminate\\Foundation\\Http\\Middleware\\TransformsRequest.php(21): Illuminate\\Pipeline\\Pipeline->Illuminate\\Pipeline\\{closure}(Object(Illuminate\\Http\\Request))
#24 C:\\Users\\mahmo\\Barcody\\vendor\\laravel\\framework\\src\\Illuminate\\Foundation\\Http\\Middleware\\TrimStrings.php(40): Illuminate\\Foundation\\Http\\Middleware\\TransformsRequest->handle(Object(Illuminate\\Http\\Request), Object(Closure))
#25 C:\\Users\\mahmo\\Barcody\\vendor\\laravel\\framework\\src\\Illuminate\\Pipeline\\Pipeline.php(180): Illuminate\\Foundation\\Http\\Middleware\\TrimStrings->handle(Object(Illuminate\\Http\\Request), Object(Closure))
#26 C:\\Users\\mahmo\\Barcody\\vendor\\laravel\\framework\\src\\Illuminate\\Foundation\\Http\\Middleware\\ValidatePostSize.php(27): Illuminate\\Pipeline\\Pipeline->Illuminate\\Pipeline\\{closure}(Object(Illuminate\\Http\\Request))
#27 C:\\Users\\mahmo\\Barcody\\vendor\\laravel\\framework\\src\\Illuminate\\Pipeline\\Pipeline.php(180): Illuminate\\Foundation\\Http\\Middleware\\ValidatePostSize->handle(Object(Illuminate\\Http\\Request), Object(Closure))
#28 C:\\Users\\mahmo\\Barcody\\vendor\\laravel\\framework\\src\\Illuminate\\Foundation\\Http\\Middleware\\PreventRequestsDuringMaintenance.php(86): Illuminate\\Pipeline\\Pipeline->Illuminate\\Pipeline\\{closure}(Object(Illuminate\\Http\\Request))
#29 C:\\Users\\mahmo\\Barcody\\vendor\\laravel\\framework\\src\\Illuminate\\Pipeline\\Pipeline.php(180): Illuminate\\Foundation\\Http\\Middleware\\PreventRequestsDuringMaintenance->handle(Object(Illuminate\\Http\\Request), Object(Closure))
#30 C:\\Users\\mahmo\\Barcody\\vendor\\laravel\\framework\\src\\Illuminate\\Http\\Middleware\\HandleCors.php(62): Illuminate\\Pipeline\\Pipeline->Illuminate\\Pipeline\\{closure}(Object(Illuminate\\Http\\Request))
#31 C:\\Users\\mahmo\\Barcody\\vendor\\laravel\\framework\\src\\Illuminate\\Pipeline\\Pipeline.php(180): Illuminate\\Http\\Middleware\\HandleCors->handle(Object(Illuminate\\Http\\Request), Object(Closure))
#32 C:\\Users\\mahmo\\Barcody\\vendor\\laravel\\framework\\src\\Illuminate\\Http\\Middleware\\TrustProxies.php(39): Illuminate\\Pipeline\\Pipeline->Illuminate\\Pipeline\\{closure}(Object(Illuminate\\Http\\Request))
#33 C:\\Users\\mahmo\\Barcody\\vendor\\laravel\\framework\\src\\Illuminate\\Pipeline\\Pipeline.php(180): Illuminate\\Http\\Middleware\\TrustProxies->handle(Object(Illuminate\\Http\\Request), Object(Closure))
#34 C:\\Users\\mahmo\\Barcody\\vendor\\laravel\\framework\\src\\Illuminate\\Pipeline\\Pipeline.php(116): Illuminate\\Pipeline\\Pipeline->Illuminate\\Pipeline\\{closure}(Object(Illuminate\\Http\\Request))
#35 C:\\Users\\mahmo\\Barcody\\vendor\\laravel\\framework\\src\\Illuminate\\Foundation\\Http\\Kernel.php(165): Illuminate\\Pipeline\\Pipeline->then(Object(Closure))
#36 C:\\Users\\mahmo\\Barcody\\vendor\\laravel\\framework\\src\\Illuminate\\Foundation\\Http\\Kernel.php(134): Illuminate\\Foundation\\Http\\Kernel->sendRequestThroughRouter(Object(Illuminate\\Http\\Request))
#37 C:\\Users\\mahmo\\Barcody\\public\\index.php(51): Illuminate\\Foundation\\Http\\Kernel->handle(Object(Illuminate\\Http\\Request))
#38 C:\\Users\\mahmo\\Barcody\\vendor\\laravel\\framework\\src\\Illuminate\\Foundation\\resources\\server.php(16): require_once('C:\\\\Users\\\\mahmo\\\\...')
#39 {main}"} 
[2026-05-31 22:13:58] local.ERROR: Failed to send OTP {"error":"WhatsApp API key not configured","phone":"966500000001","trace":"#0 C:\\Users\\mahmo\\Barcody\\app\\Http\\Controllers\\UserauthController.php(286): App\\Http\\Controllers\\UserauthController->sendWhatsappOTP('966500000001', 867269)
#1 C:\\Users\\mahmo\\Barcody\\vendor\\laravel\\framework\\src\\Illuminate\\Routing\\Controller.php(54): App\\Http\\Controllers\\UserauthController->forgotPassword(Object(Illuminate\\Http\\Request))
#2 C:\\Users\\mahmo\\Barcody\\vendor\\laravel\\framework\\src\\Illuminate\\Routing\\ControllerDispatcher.php(43): Illuminate\\Routing\\Controller->callAction('forgotPassword', Array)
#3 C:\\Users\\mahmo\\Barcody\\vendor\\laravel\\framework\\src\\Illuminate\\Routing\\Route.php(259): Illuminate\\Routing\\ControllerDispatcher->dispatch(Object(Illuminate\\Routing\\Route), Object(App\\Http\\Controllers\\UserauthController), 'forgotPassword')
#4 C:\\Users\\mahmo\\Barcody\\vendor\\laravel\\framework\\src\\Illuminate\\Routing\\Route.php(205): Illuminate\\Routing\\Route->runController()
#5 C:\\Users\\mahmo\\Barcody\\vendor\\laravel\\framework\\src\\Illuminate\\Routing\\Router.php(798): Illuminate\\Routing\\Route->run()
#6 C:\\Users\\mahmo\\Barcody\\vendor\\laravel\\framework\\src\\Illuminate\\Pipeline\\Pipeline.php(141): Illuminate\\Routing\\Router->Illuminate\\Routing\\{closure}(Object(Illuminate\\Http\\Request))
#7 C:\\Users\\mahmo\\Barcody\\vendor\\laravel\\framework\\src\\Illuminate\\Routing\\Middleware\\SubstituteBindings.php(50): Illuminate\\Pipeline\\Pipeline->Illuminate\\Pipeline\\{closure}(Object(Illuminate\\Http\\Request))
#8 C:\\Users\\mahmo\\Barcody\\vendor\\laravel\\framework\\src\\Illuminate\\Pipeline\\Pipeline.php(180): Illuminate\\Routing\\Middleware\\SubstituteBindings->handle(Object(Illuminate\\Http\\Request), Object(Closure))
#9 C:\\Users\\mahmo\\Barcody\\vendor\\laravel\\framework\\src\\Illuminate\\Routing\\Middleware\\ThrottleRequests.php(126): Illuminate\\Pipeline\\Pipeline->Illuminate\\Pipeline\\{closure}(Object(Illuminate\\Http\\Request))
#10 C:\\Users\\mahmo\\Barcody\\vendor\\laravel\\framework\\src\\Illuminate\\Routing\\Middleware\\ThrottleRequests.php(92): Illuminate\\Routing\\Middleware\\ThrottleRequests->handleRequest(Object(Illuminate\\Http\\Request), Object(Closure), Array)
#11 C:\\Users\\mahmo\\Barcody\\vendor\\laravel\\framework\\src\\Illuminate\\Routing\\Middleware\\ThrottleRequests.php(54): Illuminate\\Routing\\Middleware\\ThrottleRequests->handleRequestUsingNamedLimiter(Object(Illuminate\\Http\\Request), Object(Closure), 'api', Object(Closure))
#12 C:\\Users\\mahmo\\Barcody\\vendor\\laravel\\framework\\src\\Illuminate\\Pipeline\\Pipeline.php(180): Illuminate\\Routing\\Middleware\\ThrottleRequests->handle(Object(Illuminate\\Http\\Request), Object(Closure), 'api')
#13 C:\\Users\\mahmo\\Barcody\\vendor\\laravel\\framework\\src\\Illuminate\\Pipeline\\Pipeline.php(116): Illuminate\\Pipeline\\Pipeline->Illuminate\\Pipeline\\{closure}(Object(Illuminate\\Http\\Request))
#14 C:\\Users\\mahmo\\Barcody\\vendor\\laravel\\framework\\src\\Illuminate\\Routing\\Router.php(797): Illuminate\\Pipeline\\Pipeline->then(Object(Closure))
#15 C:\\Users\\mahmo\\Barcody\\vendor\\laravel\\framework\\src\\Illuminate\\Routing\\Router.php(776): Illuminate\\Routing\\Router->runRouteWithinStack(Object(Illuminate\\Routing\\Route), Object(Illuminate\\Http\\Request))
#16 C:\\Users\\mahmo\\Barcody\\vendor\\laravel\\framework\\src\\Illuminate\\Routing\\Router.php(740): Illuminate\\Routing\\Router->runRoute(Object(Illuminate\\Http\\Request), Object(Illuminate\\Routing\\Route))
#17 C:\\Users\\mahmo\\Barcody\\vendor\\laravel\\framework\\src\\Illuminate\\Routing\\Router.php(729): Illuminate\\Routing\\Router->dispatchToRoute(Object(Illuminate\\Http\\Request))
#18 C:\\Users\\mahmo\\Barcody\\vendor\\laravel\\framework\\src\\Illuminate\\Foundation\\Http\\Kernel.php(190): Illuminate\\Routing\\Router->dispatch(Object(Illuminate\\Http\\Request))
#19 C:\\Users\\mahmo\\Barcody\\vendor\\laravel\\framework\\src\\Illuminate\\Pipeline\\Pipeline.php(141): Illuminate\\Foundation\\Http\\Kernel->Illuminate\\Foundation\\Http\\{closure}(Object(Illuminate\\Http\\Request))
#20 C:\\Users\\mahmo\\Barcody\\vendor\\laravel\\framework\\src\\Illuminate\\Foundation\\Http\\Middleware\\TransformsRequest.php(21): Illuminate\\Pipeline\\Pipeline->Illuminate\\Pipeline\\{closure}(Object(Illuminate\\Http\\Request))
#21 C:\\Users\\mahmo\\Barcody\\vendor\\laravel\\framework\\src\\Illuminate\\Foundation\\Http\\Middleware\\ConvertEmptyStringsToNull.php(31): Illuminate\\Foundation\\Http\\Middleware\\TransformsRequest->handle(Object(Illuminate\\Http\\Request), Object(Closure))
#22 C:\\Users\\mahmo\\Barcody\\vendor\\laravel\\framework\\src\\Illuminate\\Pipeline\\Pipeline.php(180): Illuminate\\Foundation\\Http\\Middleware\\ConvertEmptyStringsToNull->handle(Object(Illuminate\\Http\\Request), Object(Closure))
#23 C:\\Users\\mahmo\\Barcody\\vendor\\laravel\\framework\\src\\Illuminate\\Foundation\\Http\\Middleware\\TransformsRequest.php(21): Illuminate\\Pipeline\\Pipeline->Illuminate\\Pipeline\\{closure}(Object(Illuminate\\Http\\Request))
#24 C:\\Users\\mahmo\\Barcody\\vendor\\laravel\\framework\\src\\Illuminate\\Foundation\\Http\\Middleware\\TrimStrings.php(40): Illuminate\\Foundation\\Http\\Middleware\\TransformsRequest->handle(Object(Illuminate\\Http\\Request), Object(Closure))
#25 C:\\Users\\mahmo\\Barcody\\vendor\\laravel\\framework\\src\\Illuminate\\Pipeline\\Pipeline.php(180): Illuminate\\Foundation\\Http\\Middleware\\TrimStrings->handle(Object(Illuminate\\Http\\Request), Object(Closure))
#26 C:\\Users\\mahmo\\Barcody\\vendor\\laravel\\framework\\src\\Illuminate\\Foundation\\Http\\Middleware\\ValidatePostSize.php(27): Illuminate\\Pipeline\\Pipeline->Illuminate\\Pipeline\\{closure}(Object(Illuminate\\Http\\Request))
#27 C:\\Users\\mahmo\\Barcody\\vendor\\laravel\\framework\\src\\Illuminate\\Pipeline\\Pipeline.php(180): Illuminate\\Foundation\\Http\\Middleware\\ValidatePostSize->handle(Object(Illuminate\\Http\\Request), Object(Closure))
#28 C:\\Users\\mahmo\\Barcody\\vendor\\laravel\\framework\\src\\Illuminate\\Foundation\\Http\\Middleware\\PreventRequestsDuringMaintenance.php(86): Illuminate\\Pipeline\\Pipeline->Illuminate\\Pipeline\\{closure}(Object(Illuminate\\Http\\Request))
#29 C:\\Users\\mahmo\\Barcody\\vendor\\laravel\\framework\\src\\Illuminate\\Pipeline\\Pipeline.php(180): Illuminate\\Foundation\\Http\\Middleware\\PreventRequestsDuringMaintenance->handle(Object(Illuminate\\Http\\Request), Object(Closure))
#30 C:\\Users\\mahmo\\Barcody\\vendor\\laravel\\framework\\src\\Illuminate\\Http\\Middleware\\HandleCors.php(62): Illuminate\\Pipeline\\Pipeline->Illuminate\\Pipeline\\{closure}(Object(Illuminate\\Http\\Request))
#31 C:\\Users\\mahmo\\Barcody\\vendor\\laravel\\framework\\src\\Illuminate\\Pipeline\\Pipeline.php(180): Illuminate\\Http\\Middleware\\HandleCors->handle(Object(Illuminate\\Http\\Request), Object(Closure))
#32 C:\\Users\\mahmo\\Barcody\\vendor\\laravel\\framework\\src\\Illuminate\\Http\\Middleware\\TrustProxies.php(39): Illuminate\\Pipeline\\Pipeline->Illuminate\\Pipeline\\{closure}(Object(Illuminate\\Http\\Request))
#33 C:\\Users\\mahmo\\Barcody\\vendor\\laravel\\framework\\src\\Illuminate\\Pipeline\\Pipeline.php(180): Illuminate\\Http\\Middleware\\TrustProxies->handle(Object(Illuminate\\Http\\Request), Object(Closure))
#34 C:\\Users\\mahmo\\Barcody\\vendor\\laravel\\framework\\src\\Illuminate\\Pipeline\\Pipeline.php(116): Illuminate\\Pipeline\\Pipeline->Illuminate\\Pipeline\\{closure}(Object(Illuminate\\Http\\Request))
#35 C:\\Users\\mahmo\\Barcody\\vendor\\laravel\\framework\\src\\Illuminate\\Foundation\\Http\\Kernel.php(165): Illuminate\\Pipeline\\Pipeline->then(Object(Closure))
#36 C:\\Users\\mahmo\\Barcody\\vendor\\laravel\\framework\\src\\Illuminate\\Foundation\\Http\\Kernel.php(134): Illuminate\\Foundation\\Http\\Kernel->sendRequestThroughRouter(Object(Illuminate\\Http\\Request))
#37 C:\\Users\\mahmo\\Barcody\\public\\index.php(51): Illuminate\\Foundation\\Http\\Kernel->handle(Object(Illuminate\\Http\\Request))
#38 C:\\Users\\mahmo\\Barcody\\vendor\\laravel\\framework\\src\\Illuminate\\Foundation\\resources\\server.php(16): require_once('C:\\\\Users\\\\mahmo\\\\...')
#39 {main}"} 
[2026-05-31 22:16:21] local.ERROR: Failed to send OTP {"error":"WhatsApp API key not configured","phone":"966500000001","trace":"#0 C:\\Users\\mahmo\\Barcody\\app\\Http\\Controllers\\UserauthController.php(431): App\\Http\\Controllers\\UserauthController->sendWhatsappOTP('966500000001', 452670)
#1 C:\\Users\\mahmo\\Barcody\\vendor\\laravel\\framework\\src\\Illuminate\\Routing\\Controller.php(54): App\\Http\\Controllers\\UserauthController->loginApi(Object(Illuminate\\Http\\Request))
#2 C:\\Users\\mahmo\\Barcody\\vendor\\laravel\\framework\\src\\Illuminate\\Routing\\ControllerDispatcher.php(43): Illuminate\\Routing\\Controller->callAction('loginApi', Array)
#3 C:\\Users\\mahmo\\Barcody\\vendor\\laravel\\framework\\src\\Illuminate\\Routing\\Route.php(259): Illuminate\\Routing\\ControllerDispatcher->dispatch(Object(Illuminate\\Routing\\Route), Object(App\\Http\\Controllers\\UserauthController), 'loginApi')
#4 C:\\Users\\mahmo\\Barcody\\vendor\\laravel\\framework\\src\\Illuminate\\Routing\\Route.php(205): Illuminate\\Routing\\Route->runController()
#5 C:\\Users\\mahmo\\Barcody\\vendor\\laravel\\framework\\src\\Illuminate\\Routing\\Router.php(798): Illuminate\\Routing\\Route->run()
#6 C:\\Users\\mahmo\\Barcody\\vendor\\laravel\\framework\\src\\Illuminate\\Pipeline\\Pipeline.php(141): Illuminate\\Routing\\Router->Illuminate\\Routing\\{closure}(Object(Illuminate\\Http\\Request))
#7 C:\\Users\\mahmo\\Barcody\\vendor\\laravel\\framework\\src\\Illuminate\\Routing\\Middleware\\SubstituteBindings.php(50): Illuminate\\Pipeline\\Pipeline->Illuminate\\Pipeline\\{closure}(Object(Illuminate\\Http\\Request))
#8 C:\\Users\\mahmo\\Barcody\\vendor\\laravel\\framework\\src\\Illuminate\\Pipeline\\Pipeline.php(180): Illuminate\\Routing\\Middleware\\SubstituteBindings->handle(Object(Illuminate\\Http\\Request), Object(Closure))
#9 C:\\Users\\mahmo\\Barcody\\vendor\\laravel\\framework\\src\\Illuminate\\Routing\\Middleware\\ThrottleRequests.php(126): Illuminate\\Pipeline\\Pipeline->Illuminate\\Pipeline\\{closure}(Object(Illuminate\\Http\\Request))
#10 C:\\Users\\mahmo\\Barcody\\vendor\\laravel\\framework\\src\\Illuminate\\Routing\\Middleware\\ThrottleRequests.php(92): Illuminate\\Routing\\Middleware\\ThrottleRequests->handleRequest(Object(Illuminate\\Http\\Request), Object(Closure), Array)
#11 C:\\Users\\mahmo\\Barcody\\vendor\\laravel\\framework\\src\\Illuminate\\Routing\\Middleware\\ThrottleRequests.php(54): Illuminate\\Routing\\Middleware\\ThrottleRequests->handleRequestUsingNamedLimiter(Object(Illuminate\\Http\\Request), Object(Closure), 'api', Object(Closure))
#12 C:\\Users\\mahmo\\Barcody\\vendor\\laravel\\framework\\src\\Illuminate\\Pipeline\\Pipeline.php(180): Illuminate\\Routing\\Middleware\\ThrottleRequests->handle(Object(Illuminate\\Http\\Request), Object(Closure), 'api')
#13 C:\\Users\\mahmo\\Barcody\\vendor\\laravel\\framework\\src\\Illuminate\\Pipeline\\Pipeline.php(116): Illuminate\\Pipeline\\Pipeline->Illuminate\\Pipeline\\{closure}(Object(Illuminate\\Http\\Request))
#14 C:\\Users\\mahmo\\Barcody\\vendor\\laravel\\framework\\src\\Illuminate\\Routing\\Router.php(797): Illuminate\\Pipeline\\Pipeline->then(Object(Closure))
#15 C:\\Users\\mahmo\\Barcody\\vendor\\laravel\\framework\\src\\Illuminate\\Routing\\Router.php(776): Illuminate\\Routing\\Router->runRouteWithinStack(Object(Illuminate\\Routing\\Route), Object(Illuminate\\Http\\Request))
#16 C:\\Users\\mahmo\\Barcody\\vendor\\laravel\\framework\\src\\Illuminate\\Routing\\Router.php(740): Illuminate\\Routing\\Router->runRoute(Object(Illuminate\\Http\\Request), Object(Illuminate\\Routing\\Route))
#17 C:\\Users\\mahmo\\Barcody\\vendor\\laravel\\framework\\src\\Illuminate\\Routing\\Router.php(729): Illuminate\\Routing\\Router->dispatchToRoute(Object(Illuminate\\Http\\Request))
#18 C:\\Users\\mahmo\\Barcody\\vendor\\laravel\\framework\\src\\Illuminate\\Foundation\\Http\\Kernel.php(190): Illuminate\\Routing\\Router->dispatch(Object(Illuminate\\Http\\Request))
#19 C:\\Users\\mahmo\\Barcody\\vendor\\laravel\\framework\\src\\Illuminate\\Pipeline\\Pipeline.php(141): Illuminate\\Foundation\\Http\\Kernel->Illuminate\\Foundation\\Http\\{closure}(Object(Illuminate\\Http\\Request))
#20 C:\\Users\\mahmo\\Barcody\\vendor\\laravel\\framework\\src\\Illuminate\\Foundation\\Http\\Middleware\\TransformsRequest.php(21): Illuminate\\Pipeline\\Pipeline->Illuminate\\Pipeline\\{closure}(Object(Illuminate\\Http\\Request))
#21 C:\\Users\\mahmo\\Barcody\\vendor\\laravel\\framework\\src\\Illuminate\\Foundation\\Http\\Middleware\\ConvertEmptyStringsToNull.php(31): Illuminate\\Foundation\\Http\\Middleware\\TransformsRequest->handle(Object(Illuminate\\Http\\Request), Object(Closure))
#22 C:\\Users\\mahmo\\Barcody\\vendor\\laravel\\framework\\src\\Illuminate\\Pipeline\\Pipeline.php(180): Illuminate\\Foundation\\Http\\Middleware\\ConvertEmptyStringsToNull->handle(Object(Illuminate\\Http\\Request), Object(Closure))
#23 C:\\Users\\mahmo\\Barcody\\vendor\\laravel\\framework\\src\\Illuminate\\Foundation\\Http\\Middleware\\TransformsRequest.php(21): Illuminate\\Pipeline\\Pipeline->Illuminate\\Pipeline\\{closure}(Object(Illuminate\\Http\\Request))
#24 C:\\Users\\mahmo\\Barcody\\vendor\\laravel\\framework\\src\\Illuminate\\Foundation\\Http\\Middleware\\TrimStrings.php(40): Illuminate\\Foundation\\Http\\Middleware\\TransformsRequest->handle(Object(Illuminate\\Http\\Request), Object(Closure))
#25 C:\\Users\\mahmo\\Barcody\\vendor\\laravel\\framework\\src\\Illuminate\\Pipeline\\Pipeline.php(180): Illuminate\\Foundation\\Http\\Middleware\\TrimStrings->handle(Object(Illuminate\\Http\\Request), Object(Closure))
#26 C:\\Users\\mahmo\\Barcody\\vendor\\laravel\\framework\\src\\Illuminate\\Foundation\\Http\\Middleware\\ValidatePostSize.php(27): Illuminate\\Pipeline\\Pipeline->Illuminate\\Pipeline\\{closure}(Object(Illuminate\\Http\\Request))
#27 C:\\Users\\mahmo\\Barcody\\vendor\\laravel\\framework\\src\\Illuminate\\Pipeline\\Pipeline.php(180): Illuminate\\Foundation\\Http\\Middleware\\ValidatePostSize->handle(Object(Illuminate\\Http\\Request), Object(Closure))
#28 C:\\Users\\mahmo\\Barcody\\vendor\\laravel\\framework\\src\\Illuminate\\Foundation\\Http\\Middleware\\PreventRequestsDuringMaintenance.php(86): Illuminate\\Pipeline\\Pipeline->Illuminate\\Pipeline\\{closure}(Object(Illuminate\\Http\\Request))
#29 C:\\Users\\mahmo\\Barcody\\vendor\\laravel\\framework\\src\\Illuminate\\Pipeline\\Pipeline.php(180): Illuminate\\Foundation\\Http\\Middleware\\PreventRequestsDuringMaintenance->handle(Object(Illuminate\\Http\\Request), Object(Closure))
#30 C:\\Users\\mahmo\\Barcody\\vendor\\laravel\\framework\\src\\Illuminate\\Http\\Middleware\\HandleCors.php(62): Illuminate\\Pipeline\\Pipeline->Illuminate\\Pipeline\\{closure}(Object(Illuminate\\Http\\Request))
#31 C:\\Users\\mahmo\\Barcody\\vendor\\laravel\\framework\\src\\Illuminate\\Pipeline\\Pipeline.php(180): Illuminate\\Http\\Middleware\\HandleCors->handle(Object(Illuminate\\Http\\Request), Object(Closure))
#32 C:\\Users\\mahmo\\Barcody\\vendor\\laravel\\framework\\src\\Illuminate\\Http\\Middleware\\TrustProxies.php(39): Illuminate\\Pipeline\\Pipeline->Illuminate\\Pipeline\\{closure}(Object(Illuminate\\Http\\Request))
#33 C:\\Users\\mahmo\\Barcody\\vendor\\laravel\\framework\\src\\Illuminate\\Pipeline\\Pipeline.php(180): Illuminate\\Http\\Middleware\\TrustProxies->handle(Object(Illuminate\\Http\\Request), Object(Closure))
#34 C:\\Users\\mahmo\\Barcody\\vendor\\laravel\\framework\\src\\Illuminate\\Pipeline\\Pipeline.php(116): Illuminate\\Pipeline\\Pipeline->Illuminate\\Pipeline\\{closure}(Object(Illuminate\\Http\\Request))
#35 C:\\Users\\mahmo\\Barcody\\vendor\\laravel\\framework\\src\\Illuminate\\Foundation\\Http\\Kernel.php(165): Illuminate\\Pipeline\\Pipeline->then(Object(Closure))
#36 C:\\Users\\mahmo\\Barcody\\vendor\\laravel\\framework\\src\\Illuminate\\Foundation\\Http\\Kernel.php(134): Illuminate\\Foundation\\Http\\Kernel->sendRequestThroughRouter(Object(Illuminate\\Http\\Request))
#37 C:\\Users\\mahmo\\Barcody\\public\\index.php(51): Illuminate\\Foundation\\Http\\Kernel->handle(Object(Illuminate\\Http\\Request))
#38 C:\\Users\\mahmo\\Barcody\\vendor\\laravel\\framework\\src\\Illuminate\\Foundation\\resources\\server.php(16): require_once('C:\\\\Users\\\\mahmo\\\\...')
#39 {main}"} 
[2026-05-31 22:16:22] local.ERROR: Failed to send OTP {"error":"WhatsApp API key not configured","phone":"966500000001","trace":"#0 C:\\Users\\mahmo\\Barcody\\app\\Http\\Controllers\\UserauthController.php(605): App\\Http\\Controllers\\UserauthController->sendWhatsappOTP('966500000001', 213348)
#1 C:\\Users\\mahmo\\Barcody\\vendor\\laravel\\framework\\src\\Illuminate\\Routing\\Controller.php(54): App\\Http\\Controllers\\UserauthController->phoneLogin(Object(Illuminate\\Http\\Request))
#2 C:\\Users\\mahmo\\Barcody\\vendor\\laravel\\framework\\src\\Illuminate\\Routing\\ControllerDispatcher.php(43): Illuminate\\Routing\\Controller->callAction('phoneLogin', Array)
#3 C:\\Users\\mahmo\\Barcody\\vendor\\laravel\\framework\\src\\Illuminate\\Routing\\Route.php(259): Illuminate\\Routing\\ControllerDispatcher->dispatch(Object(Illuminate\\Routing\\Route), Object(App\\Http\\Controllers\\UserauthController), 'phoneLogin')
#4 C:\\Users\\mahmo\\Barcody\\vendor\\laravel\\framework\\src\\Illuminate\\Routing\\Route.php(205): Illuminate\\Routing\\Route->runController()
#5 C:\\Users\\mahmo\\Barcody\\vendor\\laravel\\framework\\src\\Illuminate\\Routing\\Router.php(798): Illuminate\\Routing\\Route->run()
#6 C:\\Users\\mahmo\\Barcody\\vendor\\laravel\\framework\\src\\Illuminate\\Pipeline\\Pipeline.php(141): Illuminate\\Routing\\Router->Illuminate\\Routing\\{closure}(Object(Illuminate\\Http\\Request))
#7 C:\\Users\\mahmo\\Barcody\\vendor\\laravel\\framework\\src\\Illuminate\\Routing\\Middleware\\SubstituteBindings.php(50): Illuminate\\Pipeline\\Pipeline->Illuminate\\Pipeline\\{closure}(Object(Illuminate\\Http\\Request))
#8 C:\\Users\\mahmo\\Barcody\\vendor\\laravel\\framework\\src\\Illuminate\\Pipeline\\Pipeline.php(180): Illuminate\\Routing\\Middleware\\SubstituteBindings->handle(Object(Illuminate\\Http\\Request), Object(Closure))
#9 C:\\Users\\mahmo\\Barcody\\vendor\\laravel\\framework\\src\\Illuminate\\Routing\\Middleware\\ThrottleRequests.php(126): Illuminate\\Pipeline\\Pipeline->Illuminate\\Pipeline\\{closure}(Object(Illuminate\\Http\\Request))
#10 C:\\Users\\mahmo\\Barcody\\vendor\\laravel\\framework\\src\\Illuminate\\Routing\\Middleware\\ThrottleRequests.php(92): Illuminate\\Routing\\Middleware\\ThrottleRequests->handleRequest(Object(Illuminate\\Http\\Request), Object(Closure), Array)
#11 C:\\Users\\mahmo\\Barcody\\vendor\\laravel\\framework\\src\\Illuminate\\Routing\\Middleware\\ThrottleRequests.php(54): Illuminate\\Routing\\Middleware\\ThrottleRequests->handleRequestUsingNamedLimiter(Object(Illuminate\\Http\\Request), Object(Closure), 'api', Object(Closure))
#12 C:\\Users\\mahmo\\Barcody\\vendor\\laravel\\framework\\src\\Illuminate\\Pipeline\\Pipeline.php(180): Illuminate\\Routing\\Middleware\\ThrottleRequests->handle(Object(Illuminate\\Http\\Request), Object(Closure), 'api')
#13 C:\\Users\\mahmo\\Barcody\\vendor\\laravel\\framework\\src\\Illuminate\\Pipeline\\Pipeline.php(116): Illuminate\\Pipeline\\Pipeline->Illuminate\\Pipeline\\{closure}(Object(Illuminate\\Http\\Request))
#14 C:\\Users\\mahmo\\Barcody\\vendor\\laravel\\framework\\src\\Illuminate\\Routing\\Router.php(797): Illuminate\\Pipeline\\Pipeline->then(Object(Closure))
#15 C:\\Users\\mahmo\\Barcody\\vendor\\laravel\\framework\\src\\Illuminate\\Routing\\Router.php(776): Illuminate\\Routing\\Router->runRouteWithinStack(Object(Illuminate\\Routing\\Route), Object(Illuminate\\Http\\Request))
#16 C:\\Users\\mahmo\\Barcody\\vendor\\laravel\\framework\\src\\Illuminate\\Routing\\Router.php(740): Illuminate\\Routing\\Router->runRoute(Object(Illuminate\\Http\\Request), Object(Illuminate\\Routing\\Route))
#17 C:\\Users\\mahmo\\Barcody\\vendor\\laravel\\framework\\src\\Illuminate\\Routing\\Router.php(729): Illuminate\\Routing\\Router->dispatchToRoute(Object(Illuminate\\Http\\Request))
#18 C:\\Users\\mahmo\\Barcody\\vendor\\laravel\\framework\\src\\Illuminate\\Foundation\\Http\\Kernel.php(190): Illuminate\\Routing\\Router->dispatch(Object(Illuminate\\Http\\Request))
#19 C:\\Users\\mahmo\\Barcody\\vendor\\laravel\\framework\\src\\Illuminate\\Pipeline\\Pipeline.php(141): Illuminate\\Foundation\\Http\\Kernel->Illuminate\\Foundation\\Http\\{closure}(Object(Illuminate\\Http\\Request))
#20 C:\\Users\\mahmo\\Barcody\\vendor\\laravel\\framework\\src\\Illuminate\\Foundation\\Http\\Middleware\\TransformsRequest.php(21): Illuminate\\Pipeline\\Pipeline->Illuminate\\Pipeline\\{closure}(Object(Illuminate\\Http\\Request))
#21 C:\\Users\\mahmo\\Barcody\\vendor\\laravel\\framework\\src\\Illuminate\\Foundation\\Http\\Middleware\\ConvertEmptyStringsToNull.php(31): Illuminate\\Foundation\\Http\\Middleware\\TransformsRequest->handle(Object(Illuminate\\Http\\Request), Object(Closure))
#22 C:\\Users\\mahmo\\Barcody\\vendor\\laravel\\framework\\src\\Illuminate\\Pipeline\\Pipeline.php(180): Illuminate\\Foundation\\Http\\Middleware\\ConvertEmptyStringsToNull->handle(Object(Illuminate\\Http\\Request), Object(Closure))
#23 C:\\Users\\mahmo\\Barcody\\vendor\\laravel\\framework\\src\\Illuminate\\Foundation\\Http\\Middleware\\TransformsRequest.php(21): Illuminate\\Pipeline\\Pipeline->Illuminate\\Pipeline\\{closure}(Object(Illuminate\\Http\\Request))
#24 C:\\Users\\mahmo\\Barcody\\vendor\\laravel\\framework\\src\\Illuminate\\Foundation\\Http\\Middleware\\TrimStrings.php(40): Illuminate\\Foundation\\Http\\Middleware\\TransformsRequest->handle(Object(Illuminate\\Http\\Request), Object(Closure))
#25 C:\\Users\\mahmo\\Barcody\\vendor\\laravel\\framework\\src\\Illuminate\\Pipeline\\Pipeline.php(180): Illuminate\\Foundation\\Http\\Middleware\\TrimStrings->handle(Object(Illuminate\\Http\\Request), Object(Closure))
#26 C:\\Users\\mahmo\\Barcody\\vendor\\laravel\\framework\\src\\Illuminate\\Foundation\\Http\\Middleware\\ValidatePostSize.php(27): Illuminate\\Pipeline\\Pipeline->Illuminate\\Pipeline\\{closure}(Object(Illuminate\\Http\\Request))
#27 C:\\Users\\mahmo\\Barcody\\vendor\\laravel\\framework\\src\\Illuminate\\Pipeline\\Pipeline.php(180): Illuminate\\Foundation\\Http\\Middleware\\ValidatePostSize->handle(Object(Illuminate\\Http\\Request), Object(Closure))
#28 C:\\Users\\mahmo\\Barcody\\vendor\\laravel\\framework\\src\\Illuminate\\Foundation\\Http\\Middleware\\PreventRequestsDuringMaintenance.php(86): Illuminate\\Pipeline\\Pipeline->Illuminate\\Pipeline\\{closure}(Object(Illuminate\\Http\\Request))
#29 C:\\Users\\mahmo\\Barcody\\vendor\\laravel\\framework\\src\\Illuminate\\Pipeline\\Pipeline.php(180): Illuminate\\Foundation\\Http\\Middleware\\PreventRequestsDuringMaintenance->handle(Object(Illuminate\\Http\\Request), Object(Closure))
#30 C:\\Users\\mahmo\\Barcody\\vendor\\laravel\\framework\\src\\Illuminate\\Http\\Middleware\\HandleCors.php(62): Illuminate\\Pipeline\\Pipeline->Illuminate\\Pipeline\\{closure}(Object(Illuminate\\Http\\Request))
#31 C:\\Users\\mahmo\\Barcody\\vendor\\laravel\\framework\\src\\Illuminate\\Pipeline\\Pipeline.php(180): Illuminate\\Http\\Middleware\\HandleCors->handle(Object(Illuminate\\Http\\Request), Object(Closure))
#32 C:\\Users\\mahmo\\Barcody\\vendor\\laravel\\framework\\src\\Illuminate\\Http\\Middleware\\TrustProxies.php(39): Illuminate\\Pipeline\\Pipeline->Illuminate\\Pipeline\\{closure}(Object(Illuminate\\Http\\Request))
#33 C:\\Users\\mahmo\\Barcody\\vendor\\laravel\\framework\\src\\Illuminate\\Pipeline\\Pipeline.php(180): Illuminate\\Http\\Middleware\\TrustProxies->handle(Object(Illuminate\\Http\\Request), Object(Closure))
#34 C:\\Users\\mahmo\\Barcody\\vendor\\laravel\\framework\\src\\Illuminate\\Pipeline\\Pipeline.php(116): Illuminate\\Pipeline\\Pipeline->Illuminate\\Pipeline\\{closure}(Object(Illuminate\\Http\\Request))
#35 C:\\Users\\mahmo\\Barcody\\vendor\\laravel\\framework\\src\\Illuminate\\Foundation\\Http\\Kernel.php(165): Illuminate\\Pipeline\\Pipeline->then(Object(Closure))
#36 C:\\Users\\mahmo\\Barcody\\vendor\\laravel\\framework\\src\\Illuminate\\Foundation\\Http\\Kernel.php(134): Illuminate\\Foundation\\Http\\Kernel->sendRequestThroughRouter(Object(Illuminate\\Http\\Request))
#37 C:\\Users\\mahmo\\Barcody\\public\\index.php(51): Illuminate\\Foundation\\Http\\Kernel->handle(Object(Illuminate\\Http\\Request))
#38 C:\\Users\\mahmo\\Barcody\\vendor\\laravel\\framework\\src\\Illuminate\\Foundation\\resources\\server.php(16): require_once('C:\\\\Users\\\\mahmo\\\\...')
#39 {main}"} 
[2026-05-31 22:16:24] local.ERROR: Failed to send OTP {"error":"WhatsApp API key not configured","phone":"966500000001","trace":"#0 C:\\Users\\mahmo\\Barcody\\app\\Http\\Controllers\\UserauthController.php(373): App\\Http\\Controllers\\UserauthController->sendWhatsappOTP('966500000001', 338568)
#1 C:\\Users\\mahmo\\Barcody\\vendor\\laravel\\framework\\src\\Illuminate\\Routing\\Controller.php(54): App\\Http\\Controllers\\UserauthController->resendOtpApi(Object(Illuminate\\Http\\Request))
#2 C:\\Users\\mahmo\\Barcody\\vendor\\laravel\\framework\\src\\Illuminate\\Routing\\ControllerDispatcher.php(43): Illuminate\\Routing\\Controller->callAction('resendOtpApi', Array)
#3 C:\\Users\\mahmo\\Barcody\\vendor\\laravel\\framework\\src\\Illuminate\\Routing\\Route.php(259): Illuminate\\Routing\\ControllerDispatcher->dispatch(Object(Illuminate\\Routing\\Route), Object(App\\Http\\Controllers\\UserauthController), 'resendOtpApi')
#4 C:\\Users\\mahmo\\Barcody\\vendor\\laravel\\framework\\src\\Illuminate\\Routing\\Route.php(205): Illuminate\\Routing\\Route->runController()
#5 C:\\Users\\mahmo\\Barcody\\vendor\\laravel\\framework\\src\\Illuminate\\Routing\\Router.php(798): Illuminate\\Routing\\Route->run()
#6 C:\\Users\\mahmo\\Barcody\\vendor\\laravel\\framework\\src\\Illuminate\\Pipeline\\Pipeline.php(141): Illuminate\\Routing\\Router->Illuminate\\Routing\\{closure}(Object(Illuminate\\Http\\Request))
#7 C:\\Users\\mahmo\\Barcody\\vendor\\laravel\\framework\\src\\Illuminate\\Routing\\Middleware\\SubstituteBindings.php(50): Illuminate\\Pipeline\\Pipeline->Illuminate\\Pipeline\\{closure}(Object(Illuminate\\Http\\Request))
#8 C:\\Users\\mahmo\\Barcody\\vendor\\laravel\\framework\\src\\Illuminate\\Pipeline\\Pipeline.php(180): Illuminate\\Routing\\Middleware\\SubstituteBindings->handle(Object(Illuminate\\Http\\Request), Object(Closure))
#9 C:\\Users\\mahmo\\Barcody\\vendor\\laravel\\framework\\src\\Illuminate\\Routing\\Middleware\\ThrottleRequests.php(126): Illuminate\\Pipeline\\Pipeline->Illuminate\\Pipeline\\{closure}(Object(Illuminate\\Http\\Request))
#10 C:\\Users\\mahmo\\Barcody\\vendor\\laravel\\framework\\src\\Illuminate\\Routing\\Middleware\\ThrottleRequests.php(92): Illuminate\\Routing\\Middleware\\ThrottleRequests->handleRequest(Object(Illuminate\\Http\\Request), Object(Closure), Array)
#11 C:\\Users\\mahmo\\Barcody\\vendor\\laravel\\framework\\src\\Illuminate\\Routing\\Middleware\\ThrottleRequests.php(54): Illuminate\\Routing\\Middleware\\ThrottleRequests->handleRequestUsingNamedLimiter(Object(Illuminate\\Http\\Request), Object(Closure), 'api', Object(Closure))
#12 C:\\Users\\mahmo\\Barcody\\vendor\\laravel\\framework\\src\\Illuminate\\Pipeline\\Pipeline.php(180): Illuminate\\Routing\\Middleware\\ThrottleRequests->handle(Object(Illuminate\\Http\\Request), Object(Closure), 'api')
#13 C:\\Users\\mahmo\\Barcody\\vendor\\laravel\\framework\\src\\Illuminate\\Pipeline\\Pipeline.php(116): Illuminate\\Pipeline\\Pipeline->Illuminate\\Pipeline\\{closure}(Object(Illuminate\\Http\\Request))
#14 C:\\Users\\mahmo\\Barcody\\vendor\\laravel\\framework\\src\\Illuminate\\Routing\\Router.php(797): Illuminate\\Pipeline\\Pipeline->then(Object(Closure))
#15 C:\\Users\\mahmo\\Barcody\\vendor\\laravel\\framework\\src\\Illuminate\\Routing\\Router.php(776): Illuminate\\Routing\\Router->runRouteWithinStack(Object(Illuminate\\Routing\\Route), Object(Illuminate\\Http\\Request))
#16 C:\\Users\\mahmo\\Barcody\\vendor\\laravel\\framework\\src\\Illuminate\\Routing\\Router.php(740): Illuminate\\Routing\\Router->runRoute(Object(Illuminate\\Http\\Request), Object(Illuminate\\Routing\\Route))
#17 C:\\Users\\mahmo\\Barcody\\vendor\\laravel\\framework\\src\\Illuminate\\Routing\\Router.php(729): Illuminate\\Routing\\Router->dispatchToRoute(Object(Illuminate\\Http\\Request))
#18 C:\\Users\\mahmo\\Barcody\\vendor\\laravel\\framework\\src\\Illuminate\\Foundation\\Http\\Kernel.php(190): Illuminate\\Routing\\Router->dispatch(Object(Illuminate\\Http\\Request))
#19 C:\\Users\\mahmo\\Barcody\\vendor\\laravel\\framework\\src\\Illuminate\\Pipeline\\Pipeline.php(141): Illuminate\\Foundation\\Http\\Kernel->Illuminate\\Foundation\\Http\\{closure}(Object(Illuminate\\Http\\Request))
#20 C:\\Users\\mahmo\\Barcody\\vendor\\laravel\\framework\\src\\Illuminate\\Foundation\\Http\\Middleware\\TransformsRequest.php(21): Illuminate\\Pipeline\\Pipeline->Illuminate\\Pipeline\\{closure}(Object(Illuminate\\Http\\Request))
#21 C:\\Users\\mahmo\\Barcody\\vendor\\laravel\\framework\\src\\Illuminate\\Foundation\\Http\\Middleware\\ConvertEmptyStringsToNull.php(31): Illuminate\\Foundation\\Http\\Middleware\\TransformsRequest->handle(Object(Illuminate\\Http\\Request), Object(Closure))
#22 C:\\Users\\mahmo\\Barcody\\vendor\\laravel\\framework\\src\\Illuminate\\Pipeline\\Pipeline.php(180): Illuminate\\Foundation\\Http\\Middleware\\ConvertEmptyStringsToNull->handle(Object(Illuminate\\Http\\Request), Object(Closure))
#23 C:\\Users\\mahmo\\Barcody\\vendor\\laravel\\framework\\src\\Illuminate\\Foundation\\Http\\Middleware\\TransformsRequest.php(21): Illuminate\\Pipeline\\Pipeline->Illuminate\\Pipeline\\{closure}(Object(Illuminate\\Http\\Request))
#24 C:\\Users\\mahmo\\Barcody\\vendor\\laravel\\framework\\src\\Illuminate\\Foundation\\Http\\Middleware\\TrimStrings.php(40): Illuminate\\Foundation\\Http\\Middleware\\TransformsRequest->handle(Object(Illuminate\\Http\\Request), Object(Closure))
#25 C:\\Users\\mahmo\\Barcody\\vendor\\laravel\\framework\\src\\Illuminate\\Pipeline\\Pipeline.php(180): Illuminate\\Foundation\\Http\\Middleware\\TrimStrings->handle(Object(Illuminate\\Http\\Request), Object(Closure))
#26 C:\\Users\\mahmo\\Barcody\\vendor\\laravel\\framework\\src\\Illuminate\\Foundation\\Http\\Middleware\\ValidatePostSize.php(27): Illuminate\\Pipeline\\Pipeline->Illuminate\\Pipeline\\{closure}(Object(Illuminate\\Http\\Request))
#27 C:\\Users\\mahmo\\Barcody\\vendor\\laravel\\framework\\src\\Illuminate\\Pipeline\\Pipeline.php(180): Illuminate\\Foundation\\Http\\Middleware\\ValidatePostSize->handle(Object(Illuminate\\Http\\Request), Object(Closure))
#28 C:\\Users\\mahmo\\Barcody\\vendor\\laravel\\framework\\src\\Illuminate\\Foundation\\Http\\Middleware\\PreventRequestsDuringMaintenance.php(86): Illuminate\\Pipeline\\Pipeline->Illuminate\\Pipeline\\{closure}(Object(Illuminate\\Http\\Request))
#29 C:\\Users\\mahmo\\Barcody\\vendor\\laravel\\framework\\src\\Illuminate\\Pipeline\\Pipeline.php(180): Illuminate\\Foundation\\Http\\Middleware\\PreventRequestsDuringMaintenance->handle(Object(Illuminate\\Http\\Request), Object(Closure))
#30 C:\\Users\\mahmo\\Barcody\\vendor\\laravel\\framework\\src\\Illuminate\\Http\\Middleware\\HandleCors.php(62): Illuminate\\Pipeline\\Pipeline->Illuminate\\Pipeline\\{closure}(Object(Illuminate\\Http\\Request))
#31 C:\\Users\\mahmo\\Barcody\\vendor\\laravel\\framework\\src\\Illuminate\\Pipeline\\Pipeline.php(180): Illuminate\\Http\\Middleware\\HandleCors->handle(Object(Illuminate\\Http\\Request), Object(Closure))
#32 C:\\Users\\mahmo\\Barcody\\vendor\\laravel\\framework\\src\\Illuminate\\Http\\Middleware\\TrustProxies.php(39): Illuminate\\Pipeline\\Pipeline->Illuminate\\Pipeline\\{closure}(Object(Illuminate\\Http\\Request))
#33 C:\\Users\\mahmo\\Barcody\\vendor\\laravel\\framework\\src\\Illuminate\\Pipeline\\Pipeline.php(180): Illuminate\\Http\\Middleware\\TrustProxies->handle(Object(Illuminate\\Http\\Request), Object(Closure))
#34 C:\\Users\\mahmo\\Barcody\\vendor\\laravel\\framework\\src\\Illuminate\\Pipeline\\Pipeline.php(116): Illuminate\\Pipeline\\Pipeline->Illuminate\\Pipeline\\{closure}(Object(Illuminate\\Http\\Request))
#35 C:\\Users\\mahmo\\Barcody\\vendor\\laravel\\framework\\src\\Illuminate\\Foundation\\Http\\Kernel.php(165): Illuminate\\Pipeline\\Pipeline->then(Object(Closure))
#36 C:\\Users\\mahmo\\Barcody\\vendor\\laravel\\framework\\src\\Illuminate\\Foundation\\Http\\Kernel.php(134): Illuminate\\Foundation\\Http\\Kernel->sendRequestThroughRouter(Object(Illuminate\\Http\\Request))
#37 C:\\Users\\mahmo\\Barcody\\public\\index.php(51): Illuminate\\Foundation\\Http\\Kernel->handle(Object(Illuminate\\Http\\Request))
#38 C:\\Users\\mahmo\\Barcody\\vendor\\laravel\\framework\\src\\Illuminate\\Foundation\\resources\\server.php(16): require_once('C:\\\\Users\\\\mahmo\\\\...')
#39 {main}"} 
[2026-05-31 22:16:24] local.ERROR: Failed to send OTP {"error":"WhatsApp API key not configured","phone":"966500000001","trace":"#0 C:\\Users\\mahmo\\Barcody\\app\\Http\\Controllers\\UserauthController.php(286): App\\Http\\Controllers\\UserauthController->sendWhatsappOTP('966500000001', 513934)
#1 C:\\Users\\mahmo\\Barcody\\vendor\\laravel\\framework\\src\\Illuminate\\Routing\\Controller.php(54): App\\Http\\Controllers\\UserauthController->forgotPassword(Object(Illuminate\\Http\\Request))
#2 C:\\Users\\mahmo\\Barcody\\vendor\\laravel\\framework\\src\\Illuminate\\Routing\\ControllerDispatcher.php(43): Illuminate\\Routing\\Controller->callAction('forgotPassword', Array)
#3 C:\\Users\\mahmo\\Barcody\\vendor\\laravel\\framework\\src\\Illuminate\\Routing\\Route.php(259): Illuminate\\Routing\\ControllerDispatcher->dispatch(Object(Illuminate\\Routing\\Route), Object(App\\Http\\Controllers\\UserauthController), 'forgotPassword')
#4 C:\\Users\\mahmo\\Barcody\\vendor\\laravel\\framework\\src\\Illuminate\\Routing\\Route.php(205): Illuminate\\Routing\\Route->runController()
#5 C:\\Users\\mahmo\\Barcody\\vendor\\laravel\\framework\\src\\Illuminate\\Routing\\Router.php(798): Illuminate\\Routing\\Route->run()
#6 C:\\Users\\mahmo\\Barcody\\vendor\\laravel\\framework\\src\\Illuminate\\Pipeline\\Pipeline.php(141): Illuminate\\Routing\\Router->Illuminate\\Routing\\{closure}(Object(Illuminate\\Http\\Request))
#7 C:\\Users\\mahmo\\Barcody\\vendor\\laravel\\framework\\src\\Illuminate\\Routing\\Middleware\\SubstituteBindings.php(50): Illuminate\\Pipeline\\Pipeline->Illuminate\\Pipeline\\{closure}(Object(Illuminate\\Http\\Request))
#8 C:\\Users\\mahmo\\Barcody\\vendor\\laravel\\framework\\src\\Illuminate\\Pipeline\\Pipeline.php(180): Illuminate\\Routing\\Middleware\\SubstituteBindings->handle(Object(Illuminate\\Http\\Request), Object(Closure))
#9 C:\\Users\\mahmo\\Barcody\\vendor\\laravel\\framework\\src\\Illuminate\\Routing\\Middleware\\ThrottleRequests.php(126): Illuminate\\Pipeline\\Pipeline->Illuminate\\Pipeline\\{closure}(Object(Illuminate\\Http\\Request))
#10 C:\\Users\\mahmo\\Barcody\\vendor\\laravel\\framework\\src\\Illuminate\\Routing\\Middleware\\ThrottleRequests.php(92): Illuminate\\Routing\\Middleware\\ThrottleRequests->handleRequest(Object(Illuminate\\Http\\Request), Object(Closure), Array)
#11 C:\\Users\\mahmo\\Barcody\\vendor\\laravel\\framework\\src\\Illuminate\\Routing\\Middleware\\ThrottleRequests.php(54): Illuminate\\Routing\\Middleware\\ThrottleRequests->handleRequestUsingNamedLimiter(Object(Illuminate\\Http\\Request), Object(Closure), 'api', Object(Closure))
#12 C:\\Users\\mahmo\\Barcody\\vendor\\laravel\\framework\\src\\Illuminate\\Pipeline\\Pipeline.php(180): Illuminate\\Routing\\Middleware\\ThrottleRequests->handle(Object(Illuminate\\Http\\Request), Object(Closure), 'api')
#13 C:\\Users\\mahmo\\Barcody\\vendor\\laravel\\framework\\src\\Illuminate\\Pipeline\\Pipeline.php(116): Illuminate\\Pipeline\\Pipeline->Illuminate\\Pipeline\\{closure}(Object(Illuminate\\Http\\Request))
#14 C:\\Users\\mahmo\\Barcody\\vendor\\laravel\\framework\\src\\Illuminate\\Routing\\Router.php(797): Illuminate\\Pipeline\\Pipeline->then(Object(Closure))
#15 C:\\Users\\mahmo\\Barcody\\vendor\\laravel\\framework\\src\\Illuminate\\Routing\\Router.php(776): Illuminate\\Routing\\Router->runRouteWithinStack(Object(Illuminate\\Routing\\Route), Object(Illuminate\\Http\\Request))
#16 C:\\Users\\mahmo\\Barcody\\vendor\\laravel\\framework\\src\\Illuminate\\Routing\\Router.php(740): Illuminate\\Routing\\Router->runRoute(Object(Illuminate\\Http\\Request), Object(Illuminate\\Routing\\Route))
#17 C:\\Users\\mahmo\\Barcody\\vendor\\laravel\\framework\\src\\Illuminate\\Routing\\Router.php(729): Illuminate\\Routing\\Router->dispatchToRoute(Object(Illuminate\\Http\\Request))
#18 C:\\Users\\mahmo\\Barcody\\vendor\\laravel\\framework\\src\\Illuminate\\Foundation\\Http\\Kernel.php(190): Illuminate\\Routing\\Router->dispatch(Object(Illuminate\\Http\\Request))
#19 C:\\Users\\mahmo\\Barcody\\vendor\\laravel\\framework\\src\\Illuminate\\Pipeline\\Pipeline.php(141): Illuminate\\Foundation\\Http\\Kernel->Illuminate\\Foundation\\Http\\{closure}(Object(Illuminate\\Http\\Request))
#20 C:\\Users\\mahmo\\Barcody\\vendor\\laravel\\framework\\src\\Illuminate\\Foundation\\Http\\Middleware\\TransformsRequest.php(21): Illuminate\\Pipeline\\Pipeline->Illuminate\\Pipeline\\{closure}(Object(Illuminate\\Http\\Request))
#21 C:\\Users\\mahmo\\Barcody\\vendor\\laravel\\framework\\src\\Illuminate\\Foundation\\Http\\Middleware\\ConvertEmptyStringsToNull.php(31): Illuminate\\Foundation\\Http\\Middleware\\TransformsRequest->handle(Object(Illuminate\\Http\\Request), Object(Closure))
#22 C:\\Users\\mahmo\\Barcody\\vendor\\laravel\\framework\\src\\Illuminate\\Pipeline\\Pipeline.php(180): Illuminate\\Foundation\\Http\\Middleware\\ConvertEmptyStringsToNull->handle(Object(Illuminate\\Http\\Request), Object(Closure))
#23 C:\\Users\\mahmo\\Barcody\\vendor\\laravel\\framework\\src\\Illuminate\\Foundation\\Http\\Middleware\\TransformsRequest.php(21): Illuminate\\Pipeline\\Pipeline->Illuminate\\Pipeline\\{closure}(Object(Illuminate\\Http\\Request))
#24 C:\\Users\\mahmo\\Barcody\\vendor\\laravel\\framework\\src\\Illuminate\\Foundation\\Http\\Middleware\\TrimStrings.php(40): Illuminate\\Foundation\\Http\\Middleware\\TransformsRequest->handle(Object(Illuminate\\Http\\Request), Object(Closure))
#25 C:\\Users\\mahmo\\Barcody\\vendor\\laravel\\framework\\src\\Illuminate\\Pipeline\\Pipeline.php(180): Illuminate\\Foundation\\Http\\Middleware\\TrimStrings->handle(Object(Illuminate\\Http\\Request), Object(Closure))
#26 C:\\Users\\mahmo\\Barcody\\vendor\\laravel\\framework\\src\\Illuminate\\Foundation\\Http\\Middleware\\ValidatePostSize.php(27): Illuminate\\Pipeline\\Pipeline->Illuminate\\Pipeline\\{closure}(Object(Illuminate\\Http\\Request))
#27 C:\\Users\\mahmo\\Barcody\\vendor\\laravel\\framework\\src\\Illuminate\\Pipeline\\Pipeline.php(180): Illuminate\\Foundation\\Http\\Middleware\\ValidatePostSize->handle(Object(Illuminate\\Http\\Request), Object(Closure))
#28 C:\\Users\\mahmo\\Barcody\\vendor\\laravel\\framework\\src\\Illuminate\\Foundation\\Http\\Middleware\\PreventRequestsDuringMaintenance.php(86): Illuminate\\Pipeline\\Pipeline->Illuminate\\Pipeline\\{closure}(Object(Illuminate\\Http\\Request))
#29 C:\\Users\\mahmo\\Barcody\\vendor\\laravel\\framework\\src\\Illuminate\\Pipeline\\Pipeline.php(180): Illuminate\\Foundation\\Http\\Middleware\\PreventRequestsDuringMaintenance->handle(Object(Illuminate\\Http\\Request), Object(Closure))
#30 C:\\Users\\mahmo\\Barcody\\vendor\\laravel\\framework\\src\\Illuminate\\Http\\Middleware\\HandleCors.php(62): Illuminate\\Pipeline\\Pipeline->Illuminate\\Pipeline\\{closure}(Object(Illuminate\\Http\\Request))
#31 C:\\Users\\mahmo\\Barcody\\vendor\\laravel\\framework\\src\\Illuminate\\Pipeline\\Pipeline.php(180): Illuminate\\Http\\Middleware\\HandleCors->handle(Object(Illuminate\\Http\\Request), Object(Closure))
#32 C:\\Users\\mahmo\\Barcody\\vendor\\laravel\\framework\\src\\Illuminate\\Http\\Middleware\\TrustProxies.php(39): Illuminate\\Pipeline\\Pipeline->Illuminate\\Pipeline\\{closure}(Object(Illuminate\\Http\\Request))
#33 C:\\Users\\mahmo\\Barcody\\vendor\\laravel\\framework\\src\\Illuminate\\Pipeline\\Pipeline.php(180): Illuminate\\Http\\Middleware\\TrustProxies->handle(Object(Illuminate\\Http\\Request), Object(Closure))
#34 C:\\Users\\mahmo\\Barcody\\vendor\\laravel\\framework\\src\\Illuminate\\Pipeline\\Pipeline.php(116): Illuminate\\Pipeline\\Pipeline->Illuminate\\Pipeline\\{closure}(Object(Illuminate\\Http\\Request))
#35 C:\\Users\\mahmo\\Barcody\\vendor\\laravel\\framework\\src\\Illuminate\\Foundation\\Http\\Kernel.php(165): Illuminate\\Pipeline\\Pipeline->then(Object(Closure))
#36 C:\\Users\\mahmo\\Barcody\\vendor\\laravel\\framework\\src\\Illuminate\\Foundation\\Http\\Kernel.php(134): Illuminate\\Foundation\\Http\\Kernel->sendRequestThroughRouter(Object(Illuminate\\Http\\Request))
#37 C:\\Users\\mahmo\\Barcody\\public\\index.php(51): Illuminate\\Foundation\\Http\\Kernel->handle(Object(Illuminate\\Http\\Request))
#38 C:\\Users\\mahmo\\Barcody\\vendor\\laravel\\framework\\src\\Illuminate\\Foundation\\resources\\server.php(16): require_once('C:\\\\Users\\\\mahmo\\\\...')
#39 {main}"} 
[2026-05-31 22:20:00] local.ERROR: Failed to send OTP {"error":"WhatsApp API key not configured","phone":"966500000001","trace":"#0 C:\\Users\\mahmo\\Barcody\\app\\Http\\Controllers\\UserauthController.php(431): App\\Http\\Controllers\\UserauthController->sendWhatsappOTP('966500000001', 471002)
#1 C:\\Users\\mahmo\\Barcody\\vendor\\laravel\\framework\\src\\Illuminate\\Routing\\Controller.php(54): App\\Http\\Controllers\\UserauthController->loginApi(Object(Illuminate\\Http\\Request))
#2 C:\\Users\\mahmo\\Barcody\\vendor\\laravel\\framework\\src\\Illuminate\\Routing\\ControllerDispatcher.php(43): Illuminate\\Routing\\Controller->callAction('loginApi', Array)
#3 C:\\Users\\mahmo\\Barcody\\vendor\\laravel\\framework\\src\\Illuminate\\Routing\\Route.php(259): Illuminate\\Routing\\ControllerDispatcher->dispatch(Object(Illuminate\\Routing\\Route), Object(App\\Http\\Controllers\\UserauthController), 'loginApi')
#4 C:\\Users\\mahmo\\Barcody\\vendor\\laravel\\framework\\src\\Illuminate\\Routing\\Route.php(205): Illuminate\\Routing\\Route->runController()
#5 C:\\Users\\mahmo\\Barcody\\vendor\\laravel\\framework\\src\\Illuminate\\Routing\\Router.php(798): Illuminate\\Routing\\Route->run()
#6 C:\\Users\\mahmo\\Barcody\\vendor\\laravel\\framework\\src\\Illuminate\\Pipeline\\Pipeline.php(141): Illuminate\\Routing\\Router->Illuminate\\Routing\\{closure}(Object(Illuminate\\Http\\Request))
#7 C:\\Users\\mahmo\\Barcody\\vendor\\laravel\\framework\\src\\Illuminate\\Routing\\Middleware\\SubstituteBindings.php(50): Illuminate\\Pipeline\\Pipeline->Illuminate\\Pipeline\\{closure}(Object(Illuminate\\Http\\Request))
#8 C:\\Users\\mahmo\\Barcody\\vendor\\laravel\\framework\\src\\Illuminate\\Pipeline\\Pipeline.php(180): Illuminate\\Routing\\Middleware\\SubstituteBindings->handle(Object(Illuminate\\Http\\Request), Object(Closure))
#9 C:\\Users\\mahmo\\Barcody\\vendor\\laravel\\framework\\src\\Illuminate\\Routing\\Middleware\\ThrottleRequests.php(126): Illuminate\\Pipeline\\Pipeline->Illuminate\\Pipeline\\{closure}(Object(Illuminate\\Http\\Request))
#10 C:\\Users\\mahmo\\Barcody\\vendor\\laravel\\framework\\src\\Illuminate\\Routing\\Middleware\\ThrottleRequests.php(92): Illuminate\\Routing\\Middleware\\ThrottleRequests->handleRequest(Object(Illuminate\\Http\\Request), Object(Closure), Array)
#11 C:\\Users\\mahmo\\Barcody\\vendor\\laravel\\framework\\src\\Illuminate\\Routing\\Middleware\\ThrottleRequests.php(54): Illuminate\\Routing\\Middleware\\ThrottleRequests->handleRequestUsingNamedLimiter(Object(Illuminate\\Http\\Request), Object(Closure), 'api', Object(Closure))
#12 C:\\Users\\mahmo\\Barcody\\vendor\\laravel\\framework\\src\\Illuminate\\Pipeline\\Pipeline.php(180): Illuminate\\Routing\\Middleware\\ThrottleRequests->handle(Object(Illuminate\\Http\\Request), Object(Closure), 'api')
#13 C:\\Users\\mahmo\\Barcody\\vendor\\laravel\\framework\\src\\Illuminate\\Pipeline\\Pipeline.php(116): Illuminate\\Pipeline\\Pipeline->Illuminate\\Pipeline\\{closure}(Object(Illuminate\\Http\\Request))
#14 C:\\Users\\mahmo\\Barcody\\vendor\\laravel\\framework\\src\\Illuminate\\Routing\\Router.php(797): Illuminate\\Pipeline\\Pipeline->then(Object(Closure))
#15 C:\\Users\\mahmo\\Barcody\\vendor\\laravel\\framework\\src\\Illuminate\\Routing\\Router.php(776): Illuminate\\Routing\\Router->runRouteWithinStack(Object(Illuminate\\Routing\\Route), Object(Illuminate\\Http\\Request))
#16 C:\\Users\\mahmo\\Barcody\\vendor\\laravel\\framework\\src\\Illuminate\\Routing\\Router.php(740): Illuminate\\Routing\\Router->runRoute(Object(Illuminate\\Http\\Request), Object(Illuminate\\Routing\\Route))
#17 C:\\Users\\mahmo\\Barcody\\vendor\\laravel\\framework\\src\\Illuminate\\Routing\\Router.php(729): Illuminate\\Routing\\Router->dispatchToRoute(Object(Illuminate\\Http\\Request))
#18 C:\\Users\\mahmo\\Barcody\\vendor\\laravel\\framework\\src\\Illuminate\\Foundation\\Http\\Kernel.php(190): Illuminate\\Routing\\Router->dispatch(Object(Illuminate\\Http\\Request))
#19 C:\\Users\\mahmo\\Barcody\\vendor\\laravel\\framework\\src\\Illuminate\\Pipeline\\Pipeline.php(141): Illuminate\\Foundation\\Http\\Kernel->Illuminate\\Foundation\\Http\\{closure}(Object(Illuminate\\Http\\Request))
#20 C:\\Users\\mahmo\\Barcody\\vendor\\laravel\\framework\\src\\Illuminate\\Foundation\\Http\\Middleware\\TransformsRequest.php(21): Illuminate\\Pipeline\\Pipeline->Illuminate\\Pipeline\\{closure}(Object(Illuminate\\Http\\Request))
#21 C:\\Users\\mahmo\\Barcody\\vendor\\laravel\\framework\\src\\Illuminate\\Foundation\\Http\\Middleware\\ConvertEmptyStringsToNull.php(31): Illuminate\\Foundation\\Http\\Middleware\\TransformsRequest->handle(Object(Illuminate\\Http\\Request), Object(Closure))
#22 C:\\Users\\mahmo\\Barcody\\vendor\\laravel\\framework\\src\\Illuminate\\Pipeline\\Pipeline.php(180): Illuminate\\Foundation\\Http\\Middleware\\ConvertEmptyStringsToNull->handle(Object(Illuminate\\Http\\Request), Object(Closure))
#23 C:\\Users\\mahmo\\Barcody\\vendor\\laravel\\framework\\src\\Illuminate\\Foundation\\Http\\Middleware\\TransformsRequest.php(21): Illuminate\\Pipeline\\Pipeline->Illuminate\\Pipeline\\{closure}(Object(Illuminate\\Http\\Request))
#24 C:\\Users\\mahmo\\Barcody\\vendor\\laravel\\framework\\src\\Illuminate\\Foundation\\Http\\Middleware\\TrimStrings.php(40): Illuminate\\Foundation\\Http\\Middleware\\TransformsRequest->handle(Object(Illuminate\\Http\\Request), Object(Closure))
#25 C:\\Users\\mahmo\\Barcody\\vendor\\laravel\\framework\\src\\Illuminate\\Pipeline\\Pipeline.php(180): Illuminate\\Foundation\\Http\\Middleware\\TrimStrings->handle(Object(Illuminate\\Http\\Request), Object(Closure))
#26 C:\\Users\\mahmo\\Barcody\\vendor\\laravel\\framework\\src\\Illuminate\\Foundation\\Http\\Middleware\\ValidatePostSize.php(27): Illuminate\\Pipeline\\Pipeline->Illuminate\\Pipeline\\{closure}(Object(Illuminate\\Http\\Request))
#27 C:\\Users\\mahmo\\Barcody\\vendor\\laravel\\framework\\src\\Illuminate\\Pipeline\\Pipeline.php(180): Illuminate\\Foundation\\Http\\Middleware\\ValidatePostSize->handle(Object(Illuminate\\Http\\Request), Object(Closure))
#28 C:\\Users\\mahmo\\Barcody\\vendor\\laravel\\framework\\src\\Illuminate\\Foundation\\Http\\Middleware\\PreventRequestsDuringMaintenance.php(86): Illuminate\\Pipeline\\Pipeline->Illuminate\\Pipeline\\{closure}(Object(Illuminate\\Http\\Request))
#29 C:\\Users\\mahmo\\Barcody\\vendor\\laravel\\framework\\src\\Illuminate\\Pipeline\\Pipeline.php(180): Illuminate\\Foundation\\Http\\Middleware\\PreventRequestsDuringMaintenance->handle(Object(Illuminate\\Http\\Request), Object(Closure))
#30 C:\\Users\\mahmo\\Barcody\\vendor\\laravel\\framework\\src\\Illuminate\\Http\\Middleware\\HandleCors.php(62): Illuminate\\Pipeline\\Pipeline->Illuminate\\Pipeline\\{closure}(Object(Illuminate\\Http\\Request))
#31 C:\\Users\\mahmo\\Barcody\\vendor\\laravel\\framework\\src\\Illuminate\\Pipeline\\Pipeline.php(180): Illuminate\\Http\\Middleware\\HandleCors->handle(Object(Illuminate\\Http\\Request), Object(Closure))
#32 C:\\Users\\mahmo\\Barcody\\vendor\\laravel\\framework\\src\\Illuminate\\Http\\Middleware\\TrustProxies.php(39): Illuminate\\Pipeline\\Pipeline->Illuminate\\Pipeline\\{closure}(Object(Illuminate\\Http\\Request))
#33 C:\\Users\\mahmo\\Barcody\\vendor\\laravel\\framework\\src\\Illuminate\\Pipeline\\Pipeline.php(180): Illuminate\\Http\\Middleware\\TrustProxies->handle(Object(Illuminate\\Http\\Request), Object(Closure))
#34 C:\\Users\\mahmo\\Barcody\\vendor\\laravel\\framework\\src\\Illuminate\\Pipeline\\Pipeline.php(116): Illuminate\\Pipeline\\Pipeline->Illuminate\\Pipeline\\{closure}(Object(Illuminate\\Http\\Request))
#35 C:\\Users\\mahmo\\Barcody\\vendor\\laravel\\framework\\src\\Illuminate\\Foundation\\Http\\Kernel.php(165): Illuminate\\Pipeline\\Pipeline->then(Object(Closure))
#36 C:\\Users\\mahmo\\Barcody\\vendor\\laravel\\framework\\src\\Illuminate\\Foundation\\Http\\Kernel.php(134): Illuminate\\Foundation\\Http\\Kernel->sendRequestThroughRouter(Object(Illuminate\\Http\\Request))
#37 C:\\Users\\mahmo\\Barcody\\public\\index.php(51): Illuminate\\Foundation\\Http\\Kernel->handle(Object(Illuminate\\Http\\Request))
#38 C:\\Users\\mahmo\\Barcody\\vendor\\laravel\\framework\\src\\Illuminate\\Foundation\\resources\\server.php(16): require_once('C:\\\\Users\\\\mahmo\\\\...')
#39 {main}"} 
[2026-05-31 22:20:01] local.ERROR: Failed to send OTP {"error":"WhatsApp API key not configured","phone":"966500000001","trace":"#0 C:\\Users\\mahmo\\Barcody\\app\\Http\\Controllers\\UserauthController.php(605): App\\Http\\Controllers\\UserauthController->sendWhatsappOTP('966500000001', 382526)
#1 C:\\Users\\mahmo\\Barcody\\vendor\\laravel\\framework\\src\\Illuminate\\Routing\\Controller.php(54): App\\Http\\Controllers\\UserauthController->phoneLogin(Object(Illuminate\\Http\\Request))
#2 C:\\Users\\mahmo\\Barcody\\vendor\\laravel\\framework\\src\\Illuminate\\Routing\\ControllerDispatcher.php(43): Illuminate\\Routing\\Controller->callAction('phoneLogin', Array)
#3 C:\\Users\\mahmo\\Barcody\\vendor\\laravel\\framework\\src\\Illuminate\\Routing\\Route.php(259): Illuminate\\Routing\\ControllerDispatcher->dispatch(Object(Illuminate\\Routing\\Route), Object(App\\Http\\Controllers\\UserauthController), 'phoneLogin')
#4 C:\\Users\\mahmo\\Barcody\\vendor\\laravel\\framework\\src\\Illuminate\\Routing\\Route.php(205): Illuminate\\Routing\\Route->runController()
#5 C:\\Users\\mahmo\\Barcody\\vendor\\laravel\\framework\\src\\Illuminate\\Routing\\Router.php(798): Illuminate\\Routing\\Route->run()
#6 C:\\Users\\mahmo\\Barcody\\vendor\\laravel\\framework\\src\\Illuminate\\Pipeline\\Pipeline.php(141): Illuminate\\Routing\\Router->Illuminate\\Routing\\{closure}(Object(Illuminate\\Http\\Request))
#7 C:\\Users\\mahmo\\Barcody\\vendor\\laravel\\framework\\src\\Illuminate\\Routing\\Middleware\\SubstituteBindings.php(50): Illuminate\\Pipeline\\Pipeline->Illuminate\\Pipeline\\{closure}(Object(Illuminate\\Http\\Request))
#8 C:\\Users\\mahmo\\Barcody\\vendor\\laravel\\framework\\src\\Illuminate\\Pipeline\\Pipeline.php(180): Illuminate\\Routing\\Middleware\\SubstituteBindings->handle(Object(Illuminate\\Http\\Request), Object(Closure))
#9 C:\\Users\\mahmo\\Barcody\\vendor\\laravel\\framework\\src\\Illuminate\\Routing\\Middleware\\ThrottleRequests.php(126): Illuminate\\Pipeline\\Pipeline->Illuminate\\Pipeline\\{closure}(Object(Illuminate\\Http\\Request))
#10 C:\\Users\\mahmo\\Barcody\\vendor\\laravel\\framework\\src\\Illuminate\\Routing\\Middleware\\ThrottleRequests.php(92): Illuminate\\Routing\\Middleware\\ThrottleRequests->handleRequest(Object(Illuminate\\Http\\Request), Object(Closure), Array)
#11 C:\\Users\\mahmo\\Barcody\\vendor\\laravel\\framework\\src\\Illuminate\\Routing\\Middleware\\ThrottleRequests.php(54): Illuminate\\Routing\\Middleware\\ThrottleRequests->handleRequestUsingNamedLimiter(Object(Illuminate\\Http\\Request), Object(Closure), 'api', Object(Closure))
#12 C:\\Users\\mahmo\\Barcody\\vendor\\laravel\\framework\\src\\Illuminate\\Pipeline\\Pipeline.php(180): Illuminate\\Routing\\Middleware\\ThrottleRequests->handle(Object(Illuminate\\Http\\Request), Object(Closure), 'api')
#13 C:\\Users\\mahmo\\Barcody\\vendor\\laravel\\framework\\src\\Illuminate\\Pipeline\\Pipeline.php(116): Illuminate\\Pipeline\\Pipeline->Illuminate\\Pipeline\\{closure}(Object(Illuminate\\Http\\Request))
#14 C:\\Users\\mahmo\\Barcody\\vendor\\laravel\\framework\\src\\Illuminate\\Routing\\Router.php(797): Illuminate\\Pipeline\\Pipeline->then(Object(Closure))
#15 C:\\Users\\mahmo\\Barcody\\vendor\\laravel\\framework\\src\\Illuminate\\Routing\\Router.php(776): Illuminate\\Routing\\Router->runRouteWithinStack(Object(Illuminate\\Routing\\Route), Object(Illuminate\\Http\\Request))
#16 C:\\Users\\mahmo\\Barcody\\vendor\\laravel\\framework\\src\\Illuminate\\Routing\\Router.php(740): Illuminate\\Routing\\Router->runRoute(Object(Illuminate\\Http\\Request), Object(Illuminate\\Routing\\Route))
#17 C:\\Users\\mahmo\\Barcody\\vendor\\laravel\\framework\\src\\Illuminate\\Routing\\Router.php(729): Illuminate\\Routing\\Router->dispatchToRoute(Object(Illuminate\\Http\\Request))
#18 C:\\Users\\mahmo\\Barcody\\vendor\\laravel\\framework\\src\\Illuminate\\Foundation\\Http\\Kernel.php(190): Illuminate\\Routing\\Router->dispatch(Object(Illuminate\\Http\\Request))
#19 C:\\Users\\mahmo\\Barcody\\vendor\\laravel\\framework\\src\\Illuminate\\Pipeline\\Pipeline.php(141): Illuminate\\Foundation\\Http\\Kernel->Illuminate\\Foundation\\Http\\{closure}(Object(Illuminate\\Http\\Request))
#20 C:\\Users\\mahmo\\Barcody\\vendor\\laravel\\framework\\src\\Illuminate\\Foundation\\Http\\Middleware\\TransformsRequest.php(21): Illuminate\\Pipeline\\Pipeline->Illuminate\\Pipeline\\{closure}(Object(Illuminate\\Http\\Request))
#21 C:\\Users\\mahmo\\Barcody\\vendor\\laravel\\framework\\src\\Illuminate\\Foundation\\Http\\Middleware\\ConvertEmptyStringsToNull.php(31): Illuminate\\Foundation\\Http\\Middleware\\TransformsRequest->handle(Object(Illuminate\\Http\\Request), Object(Closure))
#22 C:\\Users\\mahmo\\Barcody\\vendor\\laravel\\framework\\src\\Illuminate\\Pipeline\\Pipeline.php(180): Illuminate\\Foundation\\Http\\Middleware\\ConvertEmptyStringsToNull->handle(Object(Illuminate\\Http\\Request), Object(Closure))
#23 C:\\Users\\mahmo\\Barcody\\vendor\\laravel\\framework\\src\\Illuminate\\Foundation\\Http\\Middleware\\TransformsRequest.php(21): Illuminate\\Pipeline\\Pipeline->Illuminate\\Pipeline\\{closure}(Object(Illuminate\\Http\\Request))
#24 C:\\Users\\mahmo\\Barcody\\vendor\\laravel\\framework\\src\\Illuminate\\Foundation\\Http\\Middleware\\TrimStrings.php(40): Illuminate\\Foundation\\Http\\Middleware\\TransformsRequest->handle(Object(Illuminate\\Http\\Request), Object(Closure))
#25 C:\\Users\\mahmo\\Barcody\\vendor\\laravel\\framework\\src\\Illuminate\\Pipeline\\Pipeline.php(180): Illuminate\\Foundation\\Http\\Middleware\\TrimStrings->handle(Object(Illuminate\\Http\\Request), Object(Closure))
#26 C:\\Users\\mahmo\\Barcody\\vendor\\laravel\\framework\\src\\Illuminate\\Foundation\\Http\\Middleware\\ValidatePostSize.php(27): Illuminate\\Pipeline\\Pipeline->Illuminate\\Pipeline\\{closure}(Object(Illuminate\\Http\\Request))
#27 C:\\Users\\mahmo\\Barcody\\vendor\\laravel\\framework\\src\\Illuminate\\Pipeline\\Pipeline.php(180): Illuminate\\Foundation\\Http\\Middleware\\ValidatePostSize->handle(Object(Illuminate\\Http\\Request), Object(Closure))
#28 C:\\Users\\mahmo\\Barcody\\vendor\\laravel\\framework\\src\\Illuminate\\Foundation\\Http\\Middleware\\PreventRequestsDuringMaintenance.php(86): Illuminate\\Pipeline\\Pipeline->Illuminate\\Pipeline\\{closure}(Object(Illuminate\\Http\\Request))
#29 C:\\Users\\mahmo\\Barcody\\vendor\\laravel\\framework\\src\\Illuminate\\Pipeline\\Pipeline.php(180): Illuminate\\Foundation\\Http\\Middleware\\PreventRequestsDuringMaintenance->handle(Object(Illuminate\\Http\\Request), Object(Closure))
#30 C:\\Users\\mahmo\\Barcody\\vendor\\laravel\\framework\\src\\Illuminate\\Http\\Middleware\\HandleCors.php(62): Illuminate\\Pipeline\\Pipeline->Illuminate\\Pipeline\\{closure}(Object(Illuminate\\Http\\Request))
#31 C:\\Users\\mahmo\\Barcody\\vendor\\laravel\\framework\\src\\Illuminate\\Pipeline\\Pipeline.php(180): Illuminate\\Http\\Middleware\\HandleCors->handle(Object(Illuminate\\Http\\Request), Object(Closure))
#32 C:\\Users\\mahmo\\Barcody\\vendor\\laravel\\framework\\src\\Illuminate\\Http\\Middleware\\TrustProxies.php(39): Illuminate\\Pipeline\\Pipeline->Illuminate\\Pipeline\\{closure}(Object(Illuminate\\Http\\Request))
#33 C:\\Users\\mahmo\\Barcody\\vendor\\laravel\\framework\\src\\Illuminate\\Pipeline\\Pipeline.php(180): Illuminate\\Http\\Middleware\\TrustProxies->handle(Object(Illuminate\\Http\\Request), Object(Closure))
#34 C:\\Users\\mahmo\\Barcody\\vendor\\laravel\\framework\\src\\Illuminate\\Pipeline\\Pipeline.php(116): Illuminate\\Pipeline\\Pipeline->Illuminate\\Pipeline\\{closure}(Object(Illuminate\\Http\\Request))
#35 C:\\Users\\mahmo\\Barcody\\vendor\\laravel\\framework\\src\\Illuminate\\Foundation\\Http\\Kernel.php(165): Illuminate\\Pipeline\\Pipeline->then(Object(Closure))
#36 C:\\Users\\mahmo\\Barcody\\vendor\\laravel\\framework\\src\\Illuminate\\Foundation\\Http\\Kernel.php(134): Illuminate\\Foundation\\Http\\Kernel->sendRequestThroughRouter(Object(Illuminate\\Http\\Request))
#37 C:\\Users\\mahmo\\Barcody\\public\\index.php(51): Illuminate\\Foundation\\Http\\Kernel->handle(Object(Illuminate\\Http\\Request))
#38 C:\\Users\\mahmo\\Barcody\\vendor\\laravel\\framework\\src\\Illuminate\\Foundation\\resources\\server.php(16): require_once('C:\\\\Users\\\\mahmo\\\\...')
#39 {main}"} 
[2026-05-31 22:20:03] local.ERROR: Failed to send OTP {"error":"WhatsApp API key not configured","phone":"966500000001","trace":"#0 C:\\Users\\mahmo\\Barcody\\app\\Http\\Controllers\\UserauthController.php(373): App\\Http\\Controllers\\UserauthController->sendWhatsappOTP('966500000001', 772368)
#1 C:\\Users\\mahmo\\Barcody\\vendor\\laravel\\framework\\src\\Illuminate\\Routing\\Controller.php(54): App\\Http\\Controllers\\UserauthController->resendOtpApi(Object(Illuminate\\Http\\Request))
#2 C:\\Users\\mahmo\\Barcody\\vendor\\laravel\\framework\\src\\Illuminate\\Routing\\ControllerDispatcher.php(43): Illuminate\\Routing\\Controller->callAction('resendOtpApi', Array)
#3 C:\\Users\\mahmo\\Barcody\\vendor\\laravel\\framework\\src\\Illuminate\\Routing\\Route.php(259): Illuminate\\Routing\\ControllerDispatcher->dispatch(Object(Illuminate\\Routing\\Route), Object(App\\Http\\Controllers\\UserauthController), 'resendOtpApi')
#4 C:\\Users\\mahmo\\Barcody\\vendor\\laravel\\framework\\src\\Illuminate\\Routing\\Route.php(205): Illuminate\\Routing\\Route->runController()
#5 C:\\Users\\mahmo\\Barcody\\vendor\\laravel\\framework\\src\\Illuminate\\Routing\\Router.php(798): Illuminate\\Routing\\Route->run()
#6 C:\\Users\\mahmo\\Barcody\\vendor\\laravel\\framework\\src\\Illuminate\\Pipeline\\Pipeline.php(141): Illuminate\\Routing\\Router->Illuminate\\Routing\\{closure}(Object(Illuminate\\Http\\Request))
#7 C:\\Users\\mahmo\\Barcody\\vendor\\laravel\\framework\\src\\Illuminate\\Routing\\Middleware\\SubstituteBindings.php(50): Illuminate\\Pipeline\\Pipeline->Illuminate\\Pipeline\\{closure}(Object(Illuminate\\Http\\Request))
#8 C:\\Users\\mahmo\\Barcody\\vendor\\laravel\\framework\\src\\Illuminate\\Pipeline\\Pipeline.php(180): Illuminate\\Routing\\Middleware\\SubstituteBindings->handle(Object(Illuminate\\Http\\Request), Object(Closure))
#9 C:\\Users\\mahmo\\Barcody\\vendor\\laravel\\framework\\src\\Illuminate\\Routing\\Middleware\\ThrottleRequests.php(126): Illuminate\\Pipeline\\Pipeline->Illuminate\\Pipeline\\{closure}(Object(Illuminate\\Http\\Request))
#10 C:\\Users\\mahmo\\Barcody\\vendor\\laravel\\framework\\src\\Illuminate\\Routing\\Middleware\\ThrottleRequests.php(92): Illuminate\\Routing\\Middleware\\ThrottleRequests->handleRequest(Object(Illuminate\\Http\\Request), Object(Closure), Array)
#11 C:\\Users\\mahmo\\Barcody\\vendor\\laravel\\framework\\src\\Illuminate\\Routing\\Middleware\\ThrottleRequests.php(54): Illuminate\\Routing\\Middleware\\ThrottleRequests->handleRequestUsingNamedLimiter(Object(Illuminate\\Http\\Request), Object(Closure), 'api', Object(Closure))
#12 C:\\Users\\mahmo\\Barcody\\vendor\\laravel\\framework\\src\\Illuminate\\Pipeline\\Pipeline.php(180): Illuminate\\Routing\\Middleware\\ThrottleRequests->handle(Object(Illuminate\\Http\\Request), Object(Closure), 'api')
#13 C:\\Users\\mahmo\\Barcody\\vendor\\laravel\\framework\\src\\Illuminate\\Pipeline\\Pipeline.php(116): Illuminate\\Pipeline\\Pipeline->Illuminate\\Pipeline\\{closure}(Object(Illuminate\\Http\\Request))
#14 C:\\Users\\mahmo\\Barcody\\vendor\\laravel\\framework\\src\\Illuminate\\Routing\\Router.php(797): Illuminate\\Pipeline\\Pipeline->then(Object(Closure))
#15 C:\\Users\\mahmo\\Barcody\\vendor\\laravel\\framework\\src\\Illuminate\\Routing\\Router.php(776): Illuminate\\Routing\\Router->runRouteWithinStack(Object(Illuminate\\Routing\\Route), Object(Illuminate\\Http\\Request))
#16 C:\\Users\\mahmo\\Barcody\\vendor\\laravel\\framework\\src\\Illuminate\\Routing\\Router.php(740): Illuminate\\Routing\\Router->runRoute(Object(Illuminate\\Http\\Request), Object(Illuminate\\Routing\\Route))
#17 C:\\Users\\mahmo\\Barcody\\vendor\\laravel\\framework\\src\\Illuminate\\Routing\\Router.php(729): Illuminate\\Routing\\Router->dispatchToRoute(Object(Illuminate\\Http\\Request))
#18 C:\\Users\\mahmo\\Barcody\\vendor\\laravel\\framework\\src\\Illuminate\\Foundation\\Http\\Kernel.php(190): Illuminate\\Routing\\Router->dispatch(Object(Illuminate\\Http\\Request))
#19 C:\\Users\\mahmo\\Barcody\\vendor\\laravel\\framework\\src\\Illuminate\\Pipeline\\Pipeline.php(141): Illuminate\\Foundation\\Http\\Kernel->Illuminate\\Foundation\\Http\\{closure}(Object(Illuminate\\Http\\Request))
#20 C:\\Users\\mahmo\\Barcody\\vendor\\laravel\\framework\\src\\Illuminate\\Foundation\\Http\\Middleware\\TransformsRequest.php(21): Illuminate\\Pipeline\\Pipeline->Illuminate\\Pipeline\\{closure}(Object(Illuminate\\Http\\Request))
#21 C:\\Users\\mahmo\\Barcody\\vendor\\laravel\\framework\\src\\Illuminate\\Foundation\\Http\\Middleware\\ConvertEmptyStringsToNull.php(31): Illuminate\\Foundation\\Http\\Middleware\\TransformsRequest->handle(Object(Illuminate\\Http\\Request), Object(Closure))
#22 C:\\Users\\mahmo\\Barcody\\vendor\\laravel\\framework\\src\\Illuminate\\Pipeline\\Pipeline.php(180): Illuminate\\Foundation\\Http\\Middleware\\ConvertEmptyStringsToNull->handle(Object(Illuminate\\Http\\Request), Object(Closure))
#23 C:\\Users\\mahmo\\Barcody\\vendor\\laravel\\framework\\src\\Illuminate\\Foundation\\Http\\Middleware\\TransformsRequest.php(21): Illuminate\\Pipeline\\Pipeline->Illuminate\\Pipeline\\{closure}(Object(Illuminate\\Http\\Request))
#24 C:\\Users\\mahmo\\Barcody\\vendor\\laravel\\framework\\src\\Illuminate\\Foundation\\Http\\Middleware\\TrimStrings.php(40): Illuminate\\Foundation\\Http\\Middleware\\TransformsRequest->handle(Object(Illuminate\\Http\\Request), Object(Closure))
#25 C:\\Users\\mahmo\\Barcody\\vendor\\laravel\\framework\\src\\Illuminate\\Pipeline\\Pipeline.php(180): Illuminate\\Foundation\\Http\\Middleware\\TrimStrings->handle(Object(Illuminate\\Http\\Request), Object(Closure))
#26 C:\\Users\\mahmo\\Barcody\\vendor\\laravel\\framework\\src\\Illuminate\\Foundation\\Http\\Middleware\\ValidatePostSize.php(27): Illuminate\\Pipeline\\Pipeline->Illuminate\\Pipeline\\{closure}(Object(Illuminate\\Http\\Request))
#27 C:\\Users\\mahmo\\Barcody\\vendor\\laravel\\framework\\src\\Illuminate\\Pipeline\\Pipeline.php(180): Illuminate\\Foundation\\Http\\Middleware\\ValidatePostSize->handle(Object(Illuminate\\Http\\Request), Object(Closure))
#28 C:\\Users\\mahmo\\Barcody\\vendor\\laravel\\framework\\src\\Illuminate\\Foundation\\Http\\Middleware\\PreventRequestsDuringMaintenance.php(86): Illuminate\\Pipeline\\Pipeline->Illuminate\\Pipeline\\{closure}(Object(Illuminate\\Http\\Request))
#29 C:\\Users\\mahmo\\Barcody\\vendor\\laravel\\framework\\src\\Illuminate\\Pipeline\\Pipeline.php(180): Illuminate\\Foundation\\Http\\Middleware\\PreventRequestsDuringMaintenance->handle(Object(Illuminate\\Http\\Request), Object(Closure))
#30 C:\\Users\\mahmo\\Barcody\\vendor\\laravel\\framework\\src\\Illuminate\\Http\\Middleware\\HandleCors.php(62): Illuminate\\Pipeline\\Pipeline->Illuminate\\Pipeline\\{closure}(Object(Illuminate\\Http\\Request))
#31 C:\\Users\\mahmo\\Barcody\\vendor\\laravel\\framework\\src\\Illuminate\\Pipeline\\Pipeline.php(180): Illuminate\\Http\\Middleware\\HandleCors->handle(Object(Illuminate\\Http\\Request), Object(Closure))
#32 C:\\Users\\mahmo\\Barcody\\vendor\\laravel\\framework\\src\\Illuminate\\Http\\Middleware\\TrustProxies.php(39): Illuminate\\Pipeline\\Pipeline->Illuminate\\Pipeline\\{closure}(Object(Illuminate\\Http\\Request))
#33 C:\\Users\\mahmo\\Barcody\\vendor\\laravel\\framework\\src\\Illuminate\\Pipeline\\Pipeline.php(180): Illuminate\\Http\\Middleware\\TrustProxies->handle(Object(Illuminate\\Http\\Request), Object(Closure))
#34 C:\\Users\\mahmo\\Barcody\\vendor\\laravel\\framework\\src\\Illuminate\\Pipeline\\Pipeline.php(116): Illuminate\\Pipeline\\Pipeline->Illuminate\\Pipeline\\{closure}(Object(Illuminate\\Http\\Request))
#35 C:\\Users\\mahmo\\Barcody\\vendor\\laravel\\framework\\src\\Illuminate\\Foundation\\Http\\Kernel.php(165): Illuminate\\Pipeline\\Pipeline->then(Object(Closure))
#36 C:\\Users\\mahmo\\Barcody\\vendor\\laravel\\framework\\src\\Illuminate\\Foundation\\Http\\Kernel.php(134): Illuminate\\Foundation\\Http\\Kernel->sendRequestThroughRouter(Object(Illuminate\\Http\\Request))
#37 C:\\Users\\mahmo\\Barcody\\public\\index.php(51): Illuminate\\Foundation\\Http\\Kernel->handle(Object(Illuminate\\Http\\Request))
#38 C:\\Users\\mahmo\\Barcody\\vendor\\laravel\\framework\\src\\Illuminate\\Foundation\\resources\\server.php(16): require_once('C:\\\\Users\\\\mahmo\\\\...')
#39 {main}"} 
[2026-05-31 22:20:03] local.ERROR: Failed to send OTP {"error":"WhatsApp API key not configured","phone":"966500000001","trace":"#0 C:\\Users\\mahmo\\Barcody\\app\\Http\\Controllers\\UserauthController.php(286): App\\Http\\Controllers\\UserauthController->sendWhatsappOTP('966500000001', 419450)
#1 C:\\Users\\mahmo\\Barcody\\vendor\\laravel\\framework\\src\\Illuminate\\Routing\\Controller.php(54): App\\Http\\Controllers\\UserauthController->forgotPassword(Object(Illuminate\\Http\\Request))
#2 C:\\Users\\mahmo\\Barcody\\vendor\\laravel\\framework\\src\\Illuminate\\Routing\\ControllerDispatcher.php(43): Illuminate\\Routing\\Controller->callAction('forgotPassword', Array)
#3 C:\\Users\\mahmo\\Barcody\\vendor\\laravel\\framework\\src\\Illuminate\\Routing\\Route.php(259): Illuminate\\Routing\\ControllerDispatcher->dispatch(Object(Illuminate\\Routing\\Route), Object(App\\Http\\Controllers\\UserauthController), 'forgotPassword')
#4 C:\\Users\\mahmo\\Barcody\\vendor\\laravel\\framework\\src\\Illuminate\\Routing\\Route.php(205): Illuminate\\Routing\\Route->runController()
#5 C:\\Users\\mahmo\\Barcody\\vendor\\laravel\\framework\\src\\Illuminate\\Routing\\Router.php(798): Illuminate\\Routing\\Route->run()
#6 C:\\Users\\mahmo\\Barcody\\vendor\\laravel\\framework\\src\\Illuminate\\Pipeline\\Pipeline.php(141): Illuminate\\Routing\\Router->Illuminate\\Routing\\{closure}(Object(Illuminate\\Http\\Request))
#7 C:\\Users\\mahmo\\Barcody\\vendor\\laravel\\framework\\src\\Illuminate\\Routing\\Middleware\\SubstituteBindings.php(50): Illuminate\\Pipeline\\Pipeline->Illuminate\\Pipeline\\{closure}(Object(Illuminate\\Http\\Request))
#8 C:\\Users\\mahmo\\Barcody\\vendor\\laravel\\framework\\src\\Illuminate\\Pipeline\\Pipeline.php(180): Illuminate\\Routing\\Middleware\\SubstituteBindings->handle(Object(Illuminate\\Http\\Request), Object(Closure))
#9 C:\\Users\\mahmo\\Barcody\\vendor\\laravel\\framework\\src\\Illuminate\\Routing\\Middleware\\ThrottleRequests.php(126): Illuminate\\Pipeline\\Pipeline->Illuminate\\Pipeline\\{closure}(Object(Illuminate\\Http\\Request))
#10 C:\\Users\\mahmo\\Barcody\\vendor\\laravel\\framework\\src\\Illuminate\\Routing\\Middleware\\ThrottleRequests.php(92): Illuminate\\Routing\\Middleware\\ThrottleRequests->handleRequest(Object(Illuminate\\Http\\Request), Object(Closure), Array)
#11 C:\\Users\\mahmo\\Barcody\\vendor\\laravel\\framework\\src\\Illuminate\\Routing\\Middleware\\ThrottleRequests.php(54): Illuminate\\Routing\\Middleware\\ThrottleRequests->handleRequestUsingNamedLimiter(Object(Illuminate\\Http\\Request), Object(Closure), 'api', Object(Closure))
#12 C:\\Users\\mahmo\\Barcody\\vendor\\laravel\\framework\\src\\Illuminate\\Pipeline\\Pipeline.php(180): Illuminate\\Routing\\Middleware\\ThrottleRequests->handle(Object(Illuminate\\Http\\Request), Object(Closure), 'api')
#13 C:\\Users\\mahmo\\Barcody\\vendor\\laravel\\framework\\src\\Illuminate\\Pipeline\\Pipeline.php(116): Illuminate\\Pipeline\\Pipeline->Illuminate\\Pipeline\\{closure}(Object(Illuminate\\Http\\Request))
#14 C:\\Users\\mahmo\\Barcody\\vendor\\laravel\\framework\\src\\Illuminate\\Routing\\Router.php(797): Illuminate\\Pipeline\\Pipeline->then(Object(Closure))
#15 C:\\Users\\mahmo\\Barcody\\vendor\\laravel\\framework\\src\\Illuminate\\Routing\\Router.php(776): Illuminate\\Routing\\Router->runRouteWithinStack(Object(Illuminate\\Routing\\Route), Object(Illuminate\\Http\\Request))
#16 C:\\Users\\mahmo\\Barcody\\vendor\\laravel\\framework\\src\\Illuminate\\Routing\\Router.php(740): Illuminate\\Routing\\Router->runRoute(Object(Illuminate\\Http\\Request), Object(Illuminate\\Routing\\Route))
#17 C:\\Users\\mahmo\\Barcody\\vendor\\laravel\\framework\\src\\Illuminate\\Routing\\Router.php(729): Illuminate\\Routing\\Router->dispatchToRoute(Object(Illuminate\\Http\\Request))
#18 C:\\Users\\mahmo\\Barcody\\vendor\\laravel\\framework\\src\\Illuminate\\Foundation\\Http\\Kernel.php(190): Illuminate\\Routing\\Router->dispatch(Object(Illuminate\\Http\\Request))
#19 C:\\Users\\mahmo\\Barcody\\vendor\\laravel\\framework\\src\\Illuminate\\Pipeline\\Pipeline.php(141): Illuminate\\Foundation\\Http\\Kernel->Illuminate\\Foundation\\Http\\{closure}(Object(Illuminate\\Http\\Request))
#20 C:\\Users\\mahmo\\Barcody\\vendor\\laravel\\framework\\src\\Illuminate\\Foundation\\Http\\Middleware\\TransformsRequest.php(21): Illuminate\\Pipeline\\Pipeline->Illuminate\\Pipeline\\{closure}(Object(Illuminate\\Http\\Request))
#21 C:\\Users\\mahmo\\Barcody\\vendor\\laravel\\framework\\src\\Illuminate\\Foundation\\Http\\Middleware\\ConvertEmptyStringsToNull.php(31): Illuminate\\Foundation\\Http\\Middleware\\TransformsRequest->handle(Object(Illuminate\\Http\\Request), Object(Closure))
#22 C:\\Users\\mahmo\\Barcody\\vendor\\laravel\\framework\\src\\Illuminate\\Pipeline\\Pipeline.php(180): Illuminate\\Foundation\\Http\\Middleware\\ConvertEmptyStringsToNull->handle(Object(Illuminate\\Http\\Request), Object(Closure))
#23 C:\\Users\\mahmo\\Barcody\\vendor\\laravel\\framework\\src\\Illuminate\\Foundation\\Http\\Middleware\\TransformsRequest.php(21): Illuminate\\Pipeline\\Pipeline->Illuminate\\Pipeline\\{closure}(Object(Illuminate\\Http\\Request))
#24 C:\\Users\\mahmo\\Barcody\\vendor\\laravel\\framework\\src\\Illuminate\\Foundation\\Http\\Middleware\\TrimStrings.php(40): Illuminate\\Foundation\\Http\\Middleware\\TransformsRequest->handle(Object(Illuminate\\Http\\Request), Object(Closure))
#25 C:\\Users\\mahmo\\Barcody\\vendor\\laravel\\framework\\src\\Illuminate\\Pipeline\\Pipeline.php(180): Illuminate\\Foundation\\Http\\Middleware\\TrimStrings->handle(Object(Illuminate\\Http\\Request), Object(Closure))
#26 C:\\Users\\mahmo\\Barcody\\vendor\\laravel\\framework\\src\\Illuminate\\Foundation\\Http\\Middleware\\ValidatePostSize.php(27): Illuminate\\Pipeline\\Pipeline->Illuminate\\Pipeline\\{closure}(Object(Illuminate\\Http\\Request))
#27 C:\\Users\\mahmo\\Barcody\\vendor\\laravel\\framework\\src\\Illuminate\\Pipeline\\Pipeline.php(180): Illuminate\\Foundation\\Http\\Middleware\\ValidatePostSize->handle(Object(Illuminate\\Http\\Request), Object(Closure))
#28 C:\\Users\\mahmo\\Barcody\\vendor\\laravel\\framework\\src\\Illuminate\\Foundation\\Http\\Middleware\\PreventRequestsDuringMaintenance.php(86): Illuminate\\Pipeline\\Pipeline->Illuminate\\Pipeline\\{closure}(Object(Illuminate\\Http\\Request))
#29 C:\\Users\\mahmo\\Barcody\\vendor\\laravel\\framework\\src\\Illuminate\\Pipeline\\Pipeline.php(180): Illuminate\\Foundation\\Http\\Middleware\\PreventRequestsDuringMaintenance->handle(Object(Illuminate\\Http\\Request), Object(Closure))
#30 C:\\Users\\mahmo\\Barcody\\vendor\\laravel\\framework\\src\\Illuminate\\Http\\Middleware\\HandleCors.php(62): Illuminate\\Pipeline\\Pipeline->Illuminate\\Pipeline\\{closure}(Object(Illuminate\\Http\\Request))
#31 C:\\Users\\mahmo\\Barcody\\vendor\\laravel\\framework\\src\\Illuminate\\Pipeline\\Pipeline.php(180): Illuminate\\Http\\Middleware\\HandleCors->handle(Object(Illuminate\\Http\\Request), Object(Closure))
#32 C:\\Users\\mahmo\\Barcody\\vendor\\laravel\\framework\\src\\Illuminate\\Http\\Middleware\\TrustProxies.php(39): Illuminate\\Pipeline\\Pipeline->Illuminate\\Pipeline\\{closure}(Object(Illuminate\\Http\\Request))
#33 C:\\Users\\mahmo\\Barcody\\vendor\\laravel\\framework\\src\\Illuminate\\Pipeline\\Pipeline.php(180): Illuminate\\Http\\Middleware\\TrustProxies->handle(Object(Illuminate\\Http\\Request), Object(Closure))
#34 C:\\Users\\mahmo\\Barcody\\vendor\\laravel\\framework\\src\\Illuminate\\Pipeline\\Pipeline.php(116): Illuminate\\Pipeline\\Pipeline->Illuminate\\Pipeline\\{closure}(Object(Illuminate\\Http\\Request))
#35 C:\\Users\\mahmo\\Barcody\\vendor\\laravel\\framework\\src\\Illuminate\\Foundation\\Http\\Kernel.php(165): Illuminate\\Pipeline\\Pipeline->then(Object(Closure))
#36 C:\\Users\\mahmo\\Barcody\\vendor\\laravel\\framework\\src\\Illuminate\\Foundation\\Http\\Kernel.php(134): Illuminate\\Foundation\\Http\\Kernel->sendRequestThroughRouter(Object(Illuminate\\Http\\Request))
#37 C:\\Users\\mahmo\\Barcody\\public\\index.php(51): Illuminate\\Foundation\\Http\\Kernel->handle(Object(Illuminate\\Http\\Request))
#38 C:\\Users\\mahmo\\Barcody\\vendor\\laravel\\framework\\src\\Illuminate\\Foundation\\resources\\server.php(16): require_once('C:\\\\Users\\\\mahmo\\\\...')
#39 {main}"} 
[2026-05-31 22:22:52] local.ERROR: Failed to send OTP {"error":"WhatsApp API key not configured","phone":"966500000001","trace":"#0 C:\\Users\\mahmo\\Barcody\\app\\Http\\Controllers\\UserauthController.php(431): App\\Http\\Controllers\\UserauthController->sendWhatsappOTP('966500000001', 149866)
#1 C:\\Users\\mahmo\\Barcody\\vendor\\laravel\\framework\\src\\Illuminate\\Routing\\Controller.php(54): App\\Http\\Controllers\\UserauthController->loginApi(Object(Illuminate\\Http\\Request))
#2 C:\\Users\\mahmo\\Barcody\\vendor\\laravel\\framework\\src\\Illuminate\\Routing\\ControllerDispatcher.php(43): Illuminate\\Routing\\Controller->callAction('loginApi', Array)
#3 C:\\Users\\mahmo\\Barcody\\vendor\\laravel\\framework\\src\\Illuminate\\Routing\\Route.php(259): Illuminate\\Routing\\ControllerDispatcher->dispatch(Object(Illuminate\\Routing\\Route), Object(App\\Http\\Controllers\\UserauthController), 'loginApi')
#4 C:\\Users\\mahmo\\Barcody\\vendor\\laravel\\framework\\src\\Illuminate\\Routing\\Route.php(205): Illuminate\\Routing\\Route->runController()
#5 C:\\Users\\mahmo\\Barcody\\vendor\\laravel\\framework\\src\\Illuminate\\Routing\\Router.php(798): Illuminate\\Routing\\Route->run()
#6 C:\\Users\\mahmo\\Barcody\\vendor\\laravel\\framework\\src\\Illuminate\\Pipeline\\Pipeline.php(141): Illuminate\\Routing\\Router->Illuminate\\Routing\\{closure}(Object(Illuminate\\Http\\Request))
#7 C:\\Users\\mahmo\\Barcody\\vendor\\laravel\\framework\\src\\Illuminate\\Routing\\Middleware\\SubstituteBindings.php(50): Illuminate\\Pipeline\\Pipeline->Illuminate\\Pipeline\\{closure}(Object(Illuminate\\Http\\Request))
#8 C:\\Users\\mahmo\\Barcody\\vendor\\laravel\\framework\\src\\Illuminate\\Pipeline\\Pipeline.php(180): Illuminate\\Routing\\Middleware\\SubstituteBindings->handle(Object(Illuminate\\Http\\Request), Object(Closure))
#9 C:\\Users\\mahmo\\Barcody\\vendor\\laravel\\framework\\src\\Illuminate\\Routing\\Middleware\\ThrottleRequests.php(126): Illuminate\\Pipeline\\Pipeline->Illuminate\\Pipeline\\{closure}(Object(Illuminate\\Http\\Request))
#10 C:\\Users\\mahmo\\Barcody\\vendor\\laravel\\framework\\src\\Illuminate\\Routing\\Middleware\\ThrottleRequests.php(92): Illuminate\\Routing\\Middleware\\ThrottleRequests->handleRequest(Object(Illuminate\\Http\\Request), Object(Closure), Array)
#11 C:\\Users\\mahmo\\Barcody\\vendor\\laravel\\framework\\src\\Illuminate\\Routing\\Middleware\\ThrottleRequests.php(54): Illuminate\\Routing\\Middleware\\ThrottleRequests->handleRequestUsingNamedLimiter(Object(Illuminate\\Http\\Request), Object(Closure), 'api', Object(Closure))
#12 C:\\Users\\mahmo\\Barcody\\vendor\\laravel\\framework\\src\\Illuminate\\Pipeline\\Pipeline.php(180): Illuminate\\Routing\\Middleware\\ThrottleRequests->handle(Object(Illuminate\\Http\\Request), Object(Closure), 'api')
#13 C:\\Users\\mahmo\\Barcody\\vendor\\laravel\\framework\\src\\Illuminate\\Pipeline\\Pipeline.php(116): Illuminate\\Pipeline\\Pipeline->Illuminate\\Pipeline\\{closure}(Object(Illuminate\\Http\\Request))
#14 C:\\Users\\mahmo\\Barcody\\vendor\\laravel\\framework\\src\\Illuminate\\Routing\\Router.php(797): Illuminate\\Pipeline\\Pipeline->then(Object(Closure))
#15 C:\\Users\\mahmo\\Barcody\\vendor\\laravel\\framework\\src\\Illuminate\\Routing\\Router.php(776): Illuminate\\Routing\\Router->runRouteWithinStack(Object(Illuminate\\Routing\\Route), Object(Illuminate\\Http\\Request))
#16 C:\\Users\\mahmo\\Barcody\\vendor\\laravel\\framework\\src\\Illuminate\\Routing\\Router.php(740): Illuminate\\Routing\\Router->runRoute(Object(Illuminate\\Http\\Request), Object(Illuminate\\Routing\\Route))
#17 C:\\Users\\mahmo\\Barcody\\vendor\\laravel\\framework\\src\\Illuminate\\Routing\\Router.php(729): Illuminate\\Routing\\Router->dispatchToRoute(Object(Illuminate\\Http\\Request))
#18 C:\\Users\\mahmo\\Barcody\\vendor\\laravel\\framework\\src\\Illuminate\\Foundation\\Http\\Kernel.php(190): Illuminate\\Routing\\Router->dispatch(Object(Illuminate\\Http\\Request))
#19 C:\\Users\\mahmo\\Barcody\\vendor\\laravel\\framework\\src\\Illuminate\\Pipeline\\Pipeline.php(141): Illuminate\\Foundation\\Http\\Kernel->Illuminate\\Foundation\\Http\\{closure}(Object(Illuminate\\Http\\Request))
#20 C:\\Users\\mahmo\\Barcody\\vendor\\laravel\\framework\\src\\Illuminate\\Foundation\\Http\\Middleware\\TransformsRequest.php(21): Illuminate\\Pipeline\\Pipeline->Illuminate\\Pipeline\\{closure}(Object(Illuminate\\Http\\Request))
#21 C:\\Users\\mahmo\\Barcody\\vendor\\laravel\\framework\\src\\Illuminate\\Foundation\\Http\\Middleware\\ConvertEmptyStringsToNull.php(31): Illuminate\\Foundation\\Http\\Middleware\\TransformsRequest->handle(Object(Illuminate\\Http\\Request), Object(Closure))
#22 C:\\Users\\mahmo\\Barcody\\vendor\\laravel\\framework\\src\\Illuminate\\Pipeline\\Pipeline.php(180): Illuminate\\Foundation\\Http\\Middleware\\ConvertEmptyStringsToNull->handle(Object(Illuminate\\Http\\Request), Object(Closure))
#23 C:\\Users\\mahmo\\Barcody\\vendor\\laravel\\framework\\src\\Illuminate\\Foundation\\Http\\Middleware\\TransformsRequest.php(21): Illuminate\\Pipeline\\Pipeline->Illuminate\\Pipeline\\{closure}(Object(Illuminate\\Http\\Request))
#24 C:\\Users\\mahmo\\Barcody\\vendor\\laravel\\framework\\src\\Illuminate\\Foundation\\Http\\Middleware\\TrimStrings.php(40): Illuminate\\Foundation\\Http\\Middleware\\TransformsRequest->handle(Object(Illuminate\\Http\\Request), Object(Closure))
#25 C:\\Users\\mahmo\\Barcody\\vendor\\laravel\\framework\\src\\Illuminate\\Pipeline\\Pipeline.php(180): Illuminate\\Foundation\\Http\\Middleware\\TrimStrings->handle(Object(Illuminate\\Http\\Request), Object(Closure))
#26 C:\\Users\\mahmo\\Barcody\\vendor\\laravel\\framework\\src\\Illuminate\\Foundation\\Http\\Middleware\\ValidatePostSize.php(27): Illuminate\\Pipeline\\Pipeline->Illuminate\\Pipeline\\{closure}(Object(Illuminate\\Http\\Request))
#27 C:\\Users\\mahmo\\Barcody\\vendor\\laravel\\framework\\src\\Illuminate\\Pipeline\\Pipeline.php(180): Illuminate\\Foundation\\Http\\Middleware\\ValidatePostSize->handle(Object(Illuminate\\Http\\Request), Object(Closure))
#28 C:\\Users\\mahmo\\Barcody\\vendor\\laravel\\framework\\src\\Illuminate\\Foundation\\Http\\Middleware\\PreventRequestsDuringMaintenance.php(86): Illuminate\\Pipeline\\Pipeline->Illuminate\\Pipeline\\{closure}(Object(Illuminate\\Http\\Request))
#29 C:\\Users\\mahmo\\Barcody\\vendor\\laravel\\framework\\src\\Illuminate\\Pipeline\\Pipeline.php(180): Illuminate\\Foundation\\Http\\Middleware\\PreventRequestsDuringMaintenance->handle(Object(Illuminate\\Http\\Request), Object(Closure))
#30 C:\\Users\\mahmo\\Barcody\\vendor\\laravel\\framework\\src\\Illuminate\\Http\\Middleware\\HandleCors.php(62): Illuminate\\Pipeline\\Pipeline->Illuminate\\Pipeline\\{closure}(Object(Illuminate\\Http\\Request))
#31 C:\\Users\\mahmo\\Barcody\\vendor\\laravel\\framework\\src\\Illuminate\\Pipeline\\Pipeline.php(180): Illuminate\\Http\\Middleware\\HandleCors->handle(Object(Illuminate\\Http\\Request), Object(Closure))
#32 C:\\Users\\mahmo\\Barcody\\vendor\\laravel\\framework\\src\\Illuminate\\Http\\Middleware\\TrustProxies.php(39): Illuminate\\Pipeline\\Pipeline->Illuminate\\Pipeline\\{closure}(Object(Illuminate\\Http\\Request))
#33 C:\\Users\\mahmo\\Barcody\\vendor\\laravel\\framework\\src\\Illuminate\\Pipeline\\Pipeline.php(180): Illuminate\\Http\\Middleware\\TrustProxies->handle(Object(Illuminate\\Http\\Request), Object(Closure))
#34 C:\\Users\\mahmo\\Barcody\\vendor\\laravel\\framework\\src\\Illuminate\\Pipeline\\Pipeline.php(116): Illuminate\\Pipeline\\Pipeline->Illuminate\\Pipeline\\{closure}(Object(Illuminate\\Http\\Request))
#35 C:\\Users\\mahmo\\Barcody\\vendor\\laravel\\framework\\src\\Illuminate\\Foundation\\Http\\Kernel.php(165): Illuminate\\Pipeline\\Pipeline->then(Object(Closure))
#36 C:\\Users\\mahmo\\Barcody\\vendor\\laravel\\framework\\src\\Illuminate\\Foundation\\Http\\Kernel.php(134): Illuminate\\Foundation\\Http\\Kernel->sendRequestThroughRouter(Object(Illuminate\\Http\\Request))
#37 C:\\Users\\mahmo\\Barcody\\public\\index.php(51): Illuminate\\Foundation\\Http\\Kernel->handle(Object(Illuminate\\Http\\Request))
#38 C:\\Users\\mahmo\\Barcody\\vendor\\laravel\\framework\\src\\Illuminate\\Foundation\\resources\\server.php(16): require_once('C:\\\\Users\\\\mahmo\\\\...')
#39 {main}"} 
[2026-05-31 22:22:53] local.ERROR: Failed to send OTP {"error":"WhatsApp API key not configured","phone":"966500000001","trace":"#0 C:\\Users\\mahmo\\Barcody\\app\\Http\\Controllers\\UserauthController.php(605): App\\Http\\Controllers\\UserauthController->sendWhatsappOTP('966500000001', 629689)
#1 C:\\Users\\mahmo\\Barcody\\vendor\\laravel\\framework\\src\\Illuminate\\Routing\\Controller.php(54): App\\Http\\Controllers\\UserauthController->phoneLogin(Object(Illuminate\\Http\\Request))
#2 C:\\Users\\mahmo\\Barcody\\vendor\\laravel\\framework\\src\\Illuminate\\Routing\\ControllerDispatcher.php(43): Illuminate\\Routing\\Controller->callAction('phoneLogin', Array)
#3 C:\\Users\\mahmo\\Barcody\\vendor\\laravel\\framework\\src\\Illuminate\\Routing\\Route.php(259): Illuminate\\Routing\\ControllerDispatcher->dispatch(Object(Illuminate\\Routing\\Route), Object(App\\Http\\Controllers\\UserauthController), 'phoneLogin')
#4 C:\\Users\\mahmo\\Barcody\\vendor\\laravel\\framework\\src\\Illuminate\\Routing\\Route.php(205): Illuminate\\Routing\\Route->runController()
#5 C:\\Users\\mahmo\\Barcody\\vendor\\laravel\\framework\\src\\Illuminate\\Routing\\Router.php(798): Illuminate\\Routing\\Route->run()
#6 C:\\Users\\mahmo\\Barcody\\vendor\\laravel\\framework\\src\\Illuminate\\Pipeline\\Pipeline.php(141): Illuminate\\Routing\\Router->Illuminate\\Routing\\{closure}(Object(Illuminate\\Http\\Request))
#7 C:\\Users\\mahmo\\Barcody\\vendor\\laravel\\framework\\src\\Illuminate\\Routing\\Middleware\\SubstituteBindings.php(50): Illuminate\\Pipeline\\Pipeline->Illuminate\\Pipeline\\{closure}(Object(Illuminate\\Http\\Request))
#8 C:\\Users\\mahmo\\Barcody\\vendor\\laravel\\framework\\src\\Illuminate\\Pipeline\\Pipeline.php(180): Illuminate\\Routing\\Middleware\\SubstituteBindings->handle(Object(Illuminate\\Http\\Request), Object(Closure))
#9 C:\\Users\\mahmo\\Barcody\\vendor\\laravel\\framework\\src\\Illuminate\\Routing\\Middleware\\ThrottleRequests.php(126): Illuminate\\Pipeline\\Pipeline->Illuminate\\Pipeline\\{closure}(Object(Illuminate\\Http\\Request))
#10 C:\\Users\\mahmo\\Barcody\\vendor\\laravel\\framework\\src\\Illuminate\\Routing\\Middleware\\ThrottleRequests.php(92): Illuminate\\Routing\\Middleware\\ThrottleRequests->handleRequest(Object(Illuminate\\Http\\Request), Object(Closure), Array)
#11 C:\\Users\\mahmo\\Barcody\\vendor\\laravel\\framework\\src\\Illuminate\\Routing\\Middleware\\ThrottleRequests.php(54): Illuminate\\Routing\\Middleware\\ThrottleRequests->handleRequestUsingNamedLimiter(Object(Illuminate\\Http\\Request), Object(Closure), 'api', Object(Closure))
#12 C:\\Users\\mahmo\\Barcody\\vendor\\laravel\\framework\\src\\Illuminate\\Pipeline\\Pipeline.php(180): Illuminate\\Routing\\Middleware\\ThrottleRequests->handle(Object(Illuminate\\Http\\Request), Object(Closure), 'api')
#13 C:\\Users\\mahmo\\Barcody\\vendor\\laravel\\framework\\src\\Illuminate\\Pipeline\\Pipeline.php(116): Illuminate\\Pipeline\\Pipeline->Illuminate\\Pipeline\\{closure}(Object(Illuminate\\Http\\Request))
#14 C:\\Users\\mahmo\\Barcody\\vendor\\laravel\\framework\\src\\Illuminate\\Routing\\Router.php(797): Illuminate\\Pipeline\\Pipeline->then(Object(Closure))
#15 C:\\Users\\mahmo\\Barcody\\vendor\\laravel\\framework\\src\\Illuminate\\Routing\\Router.php(776): Illuminate\\Routing\\Router->runRouteWithinStack(Object(Illuminate\\Routing\\Route), Object(Illuminate\\Http\\Request))
#16 C:\\Users\\mahmo\\Barcody\\vendor\\laravel\\framework\\src\\Illuminate\\Routing\\Router.php(740): Illuminate\\Routing\\Router->runRoute(Object(Illuminate\\Http\\Request), Object(Illuminate\\Routing\\Route))
#17 C:\\Users\\mahmo\\Barcody\\vendor\\laravel\\framework\\src\\Illuminate\\Routing\\Router.php(729): Illuminate\\Routing\\Router->dispatchToRoute(Object(Illuminate\\Http\\Request))
#18 C:\\Users\\mahmo\\Barcody\\vendor\\laravel\\framework\\src\\Illuminate\\Foundation\\Http\\Kernel.php(190): Illuminate\\Routing\\Router->dispatch(Object(Illuminate\\Http\\Request))
#19 C:\\Users\\mahmo\\Barcody\\vendor\\laravel\\framework\\src\\Illuminate\\Pipeline\\Pipeline.php(141): Illuminate\\Foundation\\Http\\Kernel->Illuminate\\Foundation\\Http\\{closure}(Object(Illuminate\\Http\\Request))
#20 C:\\Users\\mahmo\\Barcody\\vendor\\laravel\\framework\\src\\Illuminate\\Foundation\\Http\\Middleware\\TransformsRequest.php(21): Illuminate\\Pipeline\\Pipeline->Illuminate\\Pipeline\\{closure}(Object(Illuminate\\Http\\Request))
#21 C:\\Users\\mahmo\\Barcody\\vendor\\laravel\\framework\\src\\Illuminate\\Foundation\\Http\\Middleware\\ConvertEmptyStringsToNull.php(31): Illuminate\\Foundation\\Http\\Middleware\\TransformsRequest->handle(Object(Illuminate\\Http\\Request), Object(Closure))
#22 C:\\Users\\mahmo\\Barcody\\vendor\\laravel\\framework\\src\\Illuminate\\Pipeline\\Pipeline.php(180): Illuminate\\Foundation\\Http\\Middleware\\ConvertEmptyStringsToNull->handle(Object(Illuminate\\Http\\Request), Object(Closure))
#23 C:\\Users\\mahmo\\Barcody\\vendor\\laravel\\framework\\src\\Illuminate\\Foundation\\Http\\Middleware\\TransformsRequest.php(21): Illuminate\\Pipeline\\Pipeline->Illuminate\\Pipeline\\{closure}(Object(Illuminate\\Http\\Request))
#24 C:\\Users\\mahmo\\Barcody\\vendor\\laravel\\framework\\src\\Illuminate\\Foundation\\Http\\Middleware\\TrimStrings.php(40): Illuminate\\Foundation\\Http\\Middleware\\TransformsRequest->handle(Object(Illuminate\\Http\\Request), Object(Closure))
#25 C:\\Users\\mahmo\\Barcody\\vendor\\laravel\\framework\\src\\Illuminate\\Pipeline\\Pipeline.php(180): Illuminate\\Foundation\\Http\\Middleware\\TrimStrings->handle(Object(Illuminate\\Http\\Request), Object(Closure))
#26 C:\\Users\\mahmo\\Barcody\\vendor\\laravel\\framework\\src\\Illuminate\\Foundation\\Http\\Middleware\\ValidatePostSize.php(27): Illuminate\\Pipeline\\Pipeline->Illuminate\\Pipeline\\{closure}(Object(Illuminate\\Http\\Request))
#27 C:\\Users\\mahmo\\Barcody\\vendor\\laravel\\framework\\src\\Illuminate\\Pipeline\\Pipeline.php(180): Illuminate\\Foundation\\Http\\Middleware\\ValidatePostSize->handle(Object(Illuminate\\Http\\Request), Object(Closure))
#28 C:\\Users\\mahmo\\Barcody\\vendor\\laravel\\framework\\src\\Illuminate\\Foundation\\Http\\Middleware\\PreventRequestsDuringMaintenance.php(86): Illuminate\\Pipeline\\Pipeline->Illuminate\\Pipeline\\{closure}(Object(Illuminate\\Http\\Request))
#29 C:\\Users\\mahmo\\Barcody\\vendor\\laravel\\framework\\src\\Illuminate\\Pipeline\\Pipeline.php(180): Illuminate\\Foundation\\Http\\Middleware\\PreventRequestsDuringMaintenance->handle(Object(Illuminate\\Http\\Request), Object(Closure))
#30 C:\\Users\\mahmo\\Barcody\\vendor\\laravel\\framework\\src\\Illuminate\\Http\\Middleware\\HandleCors.php(62): Illuminate\\Pipeline\\Pipeline->Illuminate\\Pipeline\\{closure}(Object(Illuminate\\Http\\Request))
#31 C:\\Users\\mahmo\\Barcody\\vendor\\laravel\\framework\\src\\Illuminate\\Pipeline\\Pipeline.php(180): Illuminate\\Http\\Middleware\\HandleCors->handle(Object(Illuminate\\Http\\Request), Object(Closure))
#32 C:\\Users\\mahmo\\Barcody\\vendor\\laravel\\framework\\src\\Illuminate\\Http\\Middleware\\TrustProxies.php(39): Illuminate\\Pipeline\\Pipeline->Illuminate\\Pipeline\\{closure}(Object(Illuminate\\Http\\Request))
#33 C:\\Users\\mahmo\\Barcody\\vendor\\laravel\\framework\\src\\Illuminate\\Pipeline\\Pipeline.php(180): Illuminate\\Http\\Middleware\\TrustProxies->handle(Object(Illuminate\\Http\\Request), Object(Closure))
#34 C:\\Users\\mahmo\\Barcody\\vendor\\laravel\\framework\\src\\Illuminate\\Pipeline\\Pipeline.php(116): Illuminate\\Pipeline\\Pipeline->Illuminate\\Pipeline\\{closure}(Object(Illuminate\\Http\\Request))
#35 C:\\Users\\mahmo\\Barcody\\vendor\\laravel\\framework\\src\\Illuminate\\Foundation\\Http\\Kernel.php(165): Illuminate\\Pipeline\\Pipeline->then(Object(Closure))
#36 C:\\Users\\mahmo\\Barcody\\vendor\\laravel\\framework\\src\\Illuminate\\Foundation\\Http\\Kernel.php(134): Illuminate\\Foundation\\Http\\Kernel->sendRequestThroughRouter(Object(Illuminate\\Http\\Request))
#37 C:\\Users\\mahmo\\Barcody\\public\\index.php(51): Illuminate\\Foundation\\Http\\Kernel->handle(Object(Illuminate\\Http\\Request))
#38 C:\\Users\\mahmo\\Barcody\\vendor\\laravel\\framework\\src\\Illuminate\\Foundation\\resources\\server.php(16): require_once('C:\\\\Users\\\\mahmo\\\\...')
#39 {main}"} 
[2026-05-31 22:22:54] local.ERROR: Failed to send OTP {"error":"WhatsApp API key not configured","phone":"966500000001","trace":"#0 C:\\Users\\mahmo\\Barcody\\app\\Http\\Controllers\\UserauthController.php(373): App\\Http\\Controllers\\UserauthController->sendWhatsappOTP('966500000001', 555022)
#1 C:\\Users\\mahmo\\Barcody\\vendor\\laravel\\framework\\src\\Illuminate\\Routing\\Controller.php(54): App\\Http\\Controllers\\UserauthController->resendOtpApi(Object(Illuminate\\Http\\Request))
#2 C:\\Users\\mahmo\\Barcody\\vendor\\laravel\\framework\\src\\Illuminate\\Routing\\ControllerDispatcher.php(43): Illuminate\\Routing\\Controller->callAction('resendOtpApi', Array)
#3 C:\\Users\\mahmo\\Barcody\\vendor\\laravel\\framework\\src\\Illuminate\\Routing\\Route.php(259): Illuminate\\Routing\\ControllerDispatcher->dispatch(Object(Illuminate\\Routing\\Route), Object(App\\Http\\Controllers\\UserauthController), 'resendOtpApi')
#4 C:\\Users\\mahmo\\Barcody\\vendor\\laravel\\framework\\src\\Illuminate\\Routing\\Route.php(205): Illuminate\\Routing\\Route->runController()
#5 C:\\Users\\mahmo\\Barcody\\vendor\\laravel\\framework\\src\\Illuminate\\Routing\\Router.php(798): Illuminate\\Routing\\Route->run()
#6 C:\\Users\\mahmo\\Barcody\\vendor\\laravel\\framework\\src\\Illuminate\\Pipeline\\Pipeline.php(141): Illuminate\\Routing\\Router->Illuminate\\Routing\\{closure}(Object(Illuminate\\Http\\Request))
#7 C:\\Users\\mahmo\\Barcody\\vendor\\laravel\\framework\\src\\Illuminate\\Routing\\Middleware\\SubstituteBindings.php(50): Illuminate\\Pipeline\\Pipeline->Illuminate\\Pipeline\\{closure}(Object(Illuminate\\Http\\Request))
#8 C:\\Users\\mahmo\\Barcody\\vendor\\laravel\\framework\\src\\Illuminate\\Pipeline\\Pipeline.php(180): Illuminate\\Routing\\Middleware\\SubstituteBindings->handle(Object(Illuminate\\Http\\Request), Object(Closure))
#9 C:\\Users\\mahmo\\Barcody\\vendor\\laravel\\framework\\src\\Illuminate\\Routing\\Middleware\\ThrottleRequests.php(126): Illuminate\\Pipeline\\Pipeline->Illuminate\\Pipeline\\{closure}(Object(Illuminate\\Http\\Request))
#10 C:\\Users\\mahmo\\Barcody\\vendor\\laravel\\framework\\src\\Illuminate\\Routing\\Middleware\\ThrottleRequests.php(92): Illuminate\\Routing\\Middleware\\ThrottleRequests->handleRequest(Object(Illuminate\\Http\\Request), Object(Closure), Array)
#11 C:\\Users\\mahmo\\Barcody\\vendor\\laravel\\framework\\src\\Illuminate\\Routing\\Middleware\\ThrottleRequests.php(54): Illuminate\\Routing\\Middleware\\ThrottleRequests->handleRequestUsingNamedLimiter(Object(Illuminate\\Http\\Request), Object(Closure), 'api', Object(Closure))
#12 C:\\Users\\mahmo\\Barcody\\vendor\\laravel\\framework\\src\\Illuminate\\Pipeline\\Pipeline.php(180): Illuminate\\Routing\\Middleware\\ThrottleRequests->handle(Object(Illuminate\\Http\\Request), Object(Closure), 'api')
#13 C:\\Users\\mahmo\\Barcody\\vendor\\laravel\\framework\\src\\Illuminate\\Pipeline\\Pipeline.php(116): Illuminate\\Pipeline\\Pipeline->Illuminate\\Pipeline\\{closure}(Object(Illuminate\\Http\\Request))
#14 C:\\Users\\mahmo\\Barcody\\vendor\\laravel\\framework\\src\\Illuminate\\Routing\\Router.php(797): Illuminate\\Pipeline\\Pipeline->then(Object(Closure))
#15 C:\\Users\\mahmo\\Barcody\\vendor\\laravel\\framework\\src\\Illuminate\\Routing\\Router.php(776): Illuminate\\Routing\\Router->runRouteWithinStack(Object(Illuminate\\Routing\\Route), Object(Illuminate\\Http\\Request))
#16 C:\\Users\\mahmo\\Barcody\\vendor\\laravel\\framework\\src\\Illuminate\\Routing\\Router.php(740): Illuminate\\Routing\\Router->runRoute(Object(Illuminate\\Http\\Request), Object(Illuminate\\Routing\\Route))
#17 C:\\Users\\mahmo\\Barcody\\vendor\\laravel\\framework\\src\\Illuminate\\Routing\\Router.php(729): Illuminate\\Routing\\Router->dispatchToRoute(Object(Illuminate\\Http\\Request))
#18 C:\\Users\\mahmo\\Barcody\\vendor\\laravel\\framework\\src\\Illuminate\\Foundation\\Http\\Kernel.php(190): Illuminate\\Routing\\Router->dispatch(Object(Illuminate\\Http\\Request))
#19 C:\\Users\\mahmo\\Barcody\\vendor\\laravel\\framework\\src\\Illuminate\\Pipeline\\Pipeline.php(141): Illuminate\\Foundation\\Http\\Kernel->Illuminate\\Foundation\\Http\\{closure}(Object(Illuminate\\Http\\Request))
#20 C:\\Users\\mahmo\\Barcody\\vendor\\laravel\\framework\\src\\Illuminate\\Foundation\\Http\\Middleware\\TransformsRequest.php(21): Illuminate\\Pipeline\\Pipeline->Illuminate\\Pipeline\\{closure}(Object(Illuminate\\Http\\Request))
#21 C:\\Users\\mahmo\\Barcody\\vendor\\laravel\\framework\\src\\Illuminate\\Foundation\\Http\\Middleware\\ConvertEmptyStringsToNull.php(31): Illuminate\\Foundation\\Http\\Middleware\\TransformsRequest->handle(Object(Illuminate\\Http\\Request), Object(Closure))
#22 C:\\Users\\mahmo\\Barcody\\vendor\\laravel\\framework\\src\\Illuminate\\Pipeline\\Pipeline.php(180): Illuminate\\Foundation\\Http\\Middleware\\ConvertEmptyStringsToNull->handle(Object(Illuminate\\Http\\Request), Object(Closure))
#23 C:\\Users\\mahmo\\Barcody\\vendor\\laravel\\framework\\src\\Illuminate\\Foundation\\Http\\Middleware\\TransformsRequest.php(21): Illuminate\\Pipeline\\Pipeline->Illuminate\\Pipeline\\{closure}(Object(Illuminate\\Http\\Request))
#24 C:\\Users\\mahmo\\Barcody\\vendor\\laravel\\framework\\src\\Illuminate\\Foundation\\Http\\Middleware\\TrimStrings.php(40): Illuminate\\Foundation\\Http\\Middleware\\TransformsRequest->handle(Object(Illuminate\\Http\\Request), Object(Closure))
#25 C:\\Users\\mahmo\\Barcody\\vendor\\laravel\\framework\\src\\Illuminate\\Pipeline\\Pipeline.php(180): Illuminate\\Foundation\\Http\\Middleware\\TrimStrings->handle(Object(Illuminate\\Http\\Request), Object(Closure))
#26 C:\\Users\\mahmo\\Barcody\\vendor\\laravel\\framework\\src\\Illuminate\\Foundation\\Http\\Middleware\\ValidatePostSize.php(27): Illuminate\\Pipeline\\Pipeline->Illuminate\\Pipeline\\{closure}(Object(Illuminate\\Http\\Request))
#27 C:\\Users\\mahmo\\Barcody\\vendor\\laravel\\framework\\src\\Illuminate\\Pipeline\\Pipeline.php(180): Illuminate\\Foundation\\Http\\Middleware\\ValidatePostSize->handle(Object(Illuminate\\Http\\Request), Object(Closure))
#28 C:\\Users\\mahmo\\Barcody\\vendor\\laravel\\framework\\src\\Illuminate\\Foundation\\Http\\Middleware\\PreventRequestsDuringMaintenance.php(86): Illuminate\\Pipeline\\Pipeline->Illuminate\\Pipeline\\{closure}(Object(Illuminate\\Http\\Request))
#29 C:\\Users\\mahmo\\Barcody\\vendor\\laravel\\framework\\src\\Illuminate\\Pipeline\\Pipeline.php(180): Illuminate\\Foundation\\Http\\Middleware\\PreventRequestsDuringMaintenance->handle(Object(Illuminate\\Http\\Request), Object(Closure))
#30 C:\\Users\\mahmo\\Barcody\\vendor\\laravel\\framework\\src\\Illuminate\\Http\\Middleware\\HandleCors.php(62): Illuminate\\Pipeline\\Pipeline->Illuminate\\Pipeline\\{closure}(Object(Illuminate\\Http\\Request))
#31 C:\\Users\\mahmo\\Barcody\\vendor\\laravel\\framework\\src\\Illuminate\\Pipeline\\Pipeline.php(180): Illuminate\\Http\\Middleware\\HandleCors->handle(Object(Illuminate\\Http\\Request), Object(Closure))
#32 C:\\Users\\mahmo\\Barcody\\vendor\\laravel\\framework\\src\\Illuminate\\Http\\Middleware\\TrustProxies.php(39): Illuminate\\Pipeline\\Pipeline->Illuminate\\Pipeline\\{closure}(Object(Illuminate\\Http\\Request))
#33 C:\\Users\\mahmo\\Barcody\\vendor\\laravel\\framework\\src\\Illuminate\\Pipeline\\Pipeline.php(180): Illuminate\\Http\\Middleware\\TrustProxies->handle(Object(Illuminate\\Http\\Request), Object(Closure))
#34 C:\\Users\\mahmo\\Barcody\\vendor\\laravel\\framework\\src\\Illuminate\\Pipeline\\Pipeline.php(116): Illuminate\\Pipeline\\Pipeline->Illuminate\\Pipeline\\{closure}(Object(Illuminate\\Http\\Request))
#35 C:\\Users\\mahmo\\Barcody\\vendor\\laravel\\framework\\src\\Illuminate\\Foundation\\Http\\Kernel.php(165): Illuminate\\Pipeline\\Pipeline->then(Object(Closure))
#36 C:\\Users\\mahmo\\Barcody\\vendor\\laravel\\framework\\src\\Illuminate\\Foundation\\Http\\Kernel.php(134): Illuminate\\Foundation\\Http\\Kernel->sendRequestThroughRouter(Object(Illuminate\\Http\\Request))
#37 C:\\Users\\mahmo\\Barcody\\public\\index.php(51): Illuminate\\Foundation\\Http\\Kernel->handle(Object(Illuminate\\Http\\Request))
#38 C:\\Users\\mahmo\\Barcody\\vendor\\laravel\\framework\\src\\Illuminate\\Foundation\\resources\\server.php(16): require_once('C:\\\\Users\\\\mahmo\\\\...')
#39 {main}"} 
[2026-05-31 22:22:55] local.ERROR: Failed to send OTP {"error":"WhatsApp API key not configured","phone":"966500000001","trace":"#0 C:\\Users\\mahmo\\Barcody\\app\\Http\\Controllers\\UserauthController.php(286): App\\Http\\Controllers\\UserauthController->sendWhatsappOTP('966500000001', 295539)
#1 C:\\Users\\mahmo\\Barcody\\vendor\\laravel\\framework\\src\\Illuminate\\Routing\\Controller.php(54): App\\Http\\Controllers\\UserauthController->forgotPassword(Object(Illuminate\\Http\\Request))
#2 C:\\Users\\mahmo\\Barcody\\vendor\\laravel\\framework\\src\\Illuminate\\Routing\\ControllerDispatcher.php(43): Illuminate\\Routing\\Controller->callAction('forgotPassword', Array)
#3 C:\\Users\\mahmo\\Barcody\\vendor\\laravel\\framework\\src\\Illuminate\\Routing\\Route.php(259): Illuminate\\Routing\\ControllerDispatcher->dispatch(Object(Illuminate\\Routing\\Route), Object(App\\Http\\Controllers\\UserauthController), 'forgotPassword')
#4 C:\\Users\\mahmo\\Barcody\\vendor\\laravel\\framework\\src\\Illuminate\\Routing\\Route.php(205): Illuminate\\Routing\\Route->runController()
#5 C:\\Users\\mahmo\\Barcody\\vendor\\laravel\\framework\\src\\Illuminate\\Routing\\Router.php(798): Illuminate\\Routing\\Route->run()
#6 C:\\Users\\mahmo\\Barcody\\vendor\\laravel\\framework\\src\\Illuminate\\Pipeline\\Pipeline.php(141): Illuminate\\Routing\\Router->Illuminate\\Routing\\{closure}(Object(Illuminate\\Http\\Request))
#7 C:\\Users\\mahmo\\Barcody\\vendor\\laravel\\framework\\src\\Illuminate\\Routing\\Middleware\\SubstituteBindings.php(50): Illuminate\\Pipeline\\Pipeline->Illuminate\\Pipeline\\{closure}(Object(Illuminate\\Http\\Request))
#8 C:\\Users\\mahmo\\Barcody\\vendor\\laravel\\framework\\src\\Illuminate\\Pipeline\\Pipeline.php(180): Illuminate\\Routing\\Middleware\\SubstituteBindings->handle(Object(Illuminate\\Http\\Request), Object(Closure))
#9 C:\\Users\\mahmo\\Barcody\\vendor\\laravel\\framework\\src\\Illuminate\\Routing\\Middleware\\ThrottleRequests.php(126): Illuminate\\Pipeline\\Pipeline->Illuminate\\Pipeline\\{closure}(Object(Illuminate\\Http\\Request))
#10 C:\\Users\\mahmo\\Barcody\\vendor\\laravel\\framework\\src\\Illuminate\\Routing\\Middleware\\ThrottleRequests.php(92): Illuminate\\Routing\\Middleware\\ThrottleRequests->handleRequest(Object(Illuminate\\Http\\Request), Object(Closure), Array)
#11 C:\\Users\\mahmo\\Barcody\\vendor\\laravel\\framework\\src\\Illuminate\\Routing\\Middleware\\ThrottleRequests.php(54): Illuminate\\Routing\\Middleware\\ThrottleRequests->handleRequestUsingNamedLimiter(Object(Illuminate\\Http\\Request), Object(Closure), 'api', Object(Closure))
#12 C:\\Users\\mahmo\\Barcody\\vendor\\laravel\\framework\\src\\Illuminate\\Pipeline\\Pipeline.php(180): Illuminate\\Routing\\Middleware\\ThrottleRequests->handle(Object(Illuminate\\Http\\Request), Object(Closure), 'api')
#13 C:\\Users\\mahmo\\Barcody\\vendor\\laravel\\framework\\src\\Illuminate\\Pipeline\\Pipeline.php(116): Illuminate\\Pipeline\\Pipeline->Illuminate\\Pipeline\\{closure}(Object(Illuminate\\Http\\Request))
#14 C:\\Users\\mahmo\\Barcody\\vendor\\laravel\\framework\\src\\Illuminate\\Routing\\Router.php(797): Illuminate\\Pipeline\\Pipeline->then(Object(Closure))
#15 C:\\Users\\mahmo\\Barcody\\vendor\\laravel\\framework\\src\\Illuminate\\Routing\\Router.php(776): Illuminate\\Routing\\Router->runRouteWithinStack(Object(Illuminate\\Routing\\Route), Object(Illuminate\\Http\\Request))
#16 C:\\Users\\mahmo\\Barcody\\vendor\\laravel\\framework\\src\\Illuminate\\Routing\\Router.php(740): Illuminate\\Routing\\Router->runRoute(Object(Illuminate\\Http\\Request), Object(Illuminate\\Routing\\Route))
#17 C:\\Users\\mahmo\\Barcody\\vendor\\laravel\\framework\\src\\Illuminate\\Routing\\Router.php(729): Illuminate\\Routing\\Router->dispatchToRoute(Object(Illuminate\\Http\\Request))
#18 C:\\Users\\mahmo\\Barcody\\vendor\\laravel\\framework\\src\\Illuminate\\Foundation\\Http\\Kernel.php(190): Illuminate\\Routing\\Router->dispatch(Object(Illuminate\\Http\\Request))
#19 C:\\Users\\mahmo\\Barcody\\vendor\\laravel\\framework\\src\\Illuminate\\Pipeline\\Pipeline.php(141): Illuminate\\Foundation\\Http\\Kernel->Illuminate\\Foundation\\Http\\{closure}(Object(Illuminate\\Http\\Request))
#20 C:\\Users\\mahmo\\Barcody\\vendor\\laravel\\framework\\src\\Illuminate\\Foundation\\Http\\Middleware\\TransformsRequest.php(21): Illuminate\\Pipeline\\Pipeline->Illuminate\\Pipeline\\{closure}(Object(Illuminate\\Http\\Request))
#21 C:\\Users\\mahmo\\Barcody\\vendor\\laravel\\framework\\src\\Illuminate\\Foundation\\Http\\Middleware\\ConvertEmptyStringsToNull.php(31): Illuminate\\Foundation\\Http\\Middleware\\TransformsRequest->handle(Object(Illuminate\\Http\\Request), Object(Closure))
#22 C:\\Users\\mahmo\\Barcody\\vendor\\laravel\\framework\\src\\Illuminate\\Pipeline\\Pipeline.php(180): Illuminate\\Foundation\\Http\\Middleware\\ConvertEmptyStringsToNull->handle(Object(Illuminate\\Http\\Request), Object(Closure))
#23 C:\\Users\\mahmo\\Barcody\\vendor\\laravel\\framework\\src\\Illuminate\\Foundation\\Http\\Middleware\\TransformsRequest.php(21): Illuminate\\Pipeline\\Pipeline->Illuminate\\Pipeline\\{closure}(Object(Illuminate\\Http\\Request))
#24 C:\\Users\\mahmo\\Barcody\\vendor\\laravel\\framework\\src\\Illuminate\\Foundation\\Http\\Middleware\\TrimStrings.php(40): Illuminate\\Foundation\\Http\\Middleware\\TransformsRequest->handle(Object(Illuminate\\Http\\Request), Object(Closure))
#25 C:\\Users\\mahmo\\Barcody\\vendor\\laravel\\framework\\src\\Illuminate\\Pipeline\\Pipeline.php(180): Illuminate\\Foundation\\Http\\Middleware\\TrimStrings->handle(Object(Illuminate\\Http\\Request), Object(Closure))
#26 C:\\Users\\mahmo\\Barcody\\vendor\\laravel\\framework\\src\\Illuminate\\Foundation\\Http\\Middleware\\ValidatePostSize.php(27): Illuminate\\Pipeline\\Pipeline->Illuminate\\Pipeline\\{closure}(Object(Illuminate\\Http\\Request))
#27 C:\\Users\\mahmo\\Barcody\\vendor\\laravel\\framework\\src\\Illuminate\\Pipeline\\Pipeline.php(180): Illuminate\\Foundation\\Http\\Middleware\\ValidatePostSize->handle(Object(Illuminate\\Http\\Request), Object(Closure))
#28 C:\\Users\\mahmo\\Barcody\\vendor\\laravel\\framework\\src\\Illuminate\\Foundation\\Http\\Middleware\\PreventRequestsDuringMaintenance.php(86): Illuminate\\Pipeline\\Pipeline->Illuminate\\Pipeline\\{closure}(Object(Illuminate\\Http\\Request))
#29 C:\\Users\\mahmo\\Barcody\\vendor\\laravel\\framework\\src\\Illuminate\\Pipeline\\Pipeline.php(180): Illuminate\\Foundation\\Http\\Middleware\\PreventRequestsDuringMaintenance->handle(Object(Illuminate\\Http\\Request), Object(Closure))
#30 C:\\Users\\mahmo\\Barcody\\vendor\\laravel\\framework\\src\\Illuminate\\Http\\Middleware\\HandleCors.php(62): Illuminate\\Pipeline\\Pipeline->Illuminate\\Pipeline\\{closure}(Object(Illuminate\\Http\\Request))
#31 C:\\Users\\mahmo\\Barcody\\vendor\\laravel\\framework\\src\\Illuminate\\Pipeline\\Pipeline.php(180): Illuminate\\Http\\Middleware\\HandleCors->handle(Object(Illuminate\\Http\\Request), Object(Closure))
#32 C:\\Users\\mahmo\\Barcody\\vendor\\laravel\\framework\\src\\Illuminate\\Http\\Middleware\\TrustProxies.php(39): Illuminate\\Pipeline\\Pipeline->Illuminate\\Pipeline\\{closure}(Object(Illuminate\\Http\\Request))
#33 C:\\Users\\mahmo\\Barcody\\vendor\\laravel\\framework\\src\\Illuminate\\Pipeline\\Pipeline.php(180): Illuminate\\Http\\Middleware\\TrustProxies->handle(Object(Illuminate\\Http\\Request), Object(Closure))
#34 C:\\Users\\mahmo\\Barcody\\vendor\\laravel\\framework\\src\\Illuminate\\Pipeline\\Pipeline.php(116): Illuminate\\Pipeline\\Pipeline->Illuminate\\Pipeline\\{closure}(Object(Illuminate\\Http\\Request))
#35 C:\\Users\\mahmo\\Barcody\\vendor\\laravel\\framework\\src\\Illuminate\\Foundation\\Http\\Kernel.php(165): Illuminate\\Pipeline\\Pipeline->then(Object(Closure))
#36 C:\\Users\\mahmo\\Barcody\\vendor\\laravel\\framework\\src\\Illuminate\\Foundation\\Http\\Kernel.php(134): Illuminate\\Foundation\\Http\\Kernel->sendRequestThroughRouter(Object(Illuminate\\Http\\Request))
#37 C:\\Users\\mahmo\\Barcody\\public\\index.php(51): Illuminate\\Foundation\\Http\\Kernel->handle(Object(Illuminate\\Http\\Request))
#38 C:\\Users\\mahmo\\Barcody\\vendor\\laravel\\framework\\src\\Illuminate\\Foundation\\resources\\server.php(16): require_once('C:\\\\Users\\\\mahmo\\\\...')
#39 {main}"} 
[2026-05-31 22:27:27] local.ERROR: Failed to send OTP {"error":"WhatsApp API key not configured","phone":"966500000001","trace":"#0 C:\\Users\\mahmo\\Barcody\\app\\Http\\Controllers\\UserauthController.php(431): App\\Http\\Controllers\\UserauthController->sendWhatsappOTP('966500000001', 382529)
#1 C:\\Users\\mahmo\\Barcody\\vendor\\laravel\\framework\\src\\Illuminate\\Routing\\Controller.php(54): App\\Http\\Controllers\\UserauthController->loginApi(Object(Illuminate\\Http\\Request))
#2 C:\\Users\\mahmo\\Barcody\\vendor\\laravel\\framework\\src\\Illuminate\\Routing\\ControllerDispatcher.php(43): Illuminate\\Routing\\Controller->callAction('loginApi', Array)
#3 C:\\Users\\mahmo\\Barcody\\vendor\\laravel\\framework\\src\\Illuminate\\Routing\\Route.php(259): Illuminate\\Routing\\ControllerDispatcher->dispatch(Object(Illuminate\\Routing\\Route), Object(App\\Http\\Controllers\\UserauthController), 'loginApi')
#4 C:\\Users\\mahmo\\Barcody\\vendor\\laravel\\framework\\src\\Illuminate\\Routing\\Route.php(205): Illuminate\\Routing\\Route->runController()
#5 C:\\Users\\mahmo\\Barcody\\vendor\\laravel\\framework\\src\\Illuminate\\Routing\\Router.php(798): Illuminate\\Routing\\Route->run()
#6 C:\\Users\\mahmo\\Barcody\\vendor\\laravel\\framework\\src\\Illuminate\\Pipeline\\Pipeline.php(141): Illuminate\\Routing\\Router->Illuminate\\Routing\\{closure}(Object(Illuminate\\Http\\Request))
#7 C:\\Users\\mahmo\\Barcody\\vendor\\laravel\\framework\\src\\Illuminate\\Routing\\Middleware\\SubstituteBindings.php(50): Illuminate\\Pipeline\\Pipeline->Illuminate\\Pipeline\\{closure}(Object(Illuminate\\Http\\Request))
#8 C:\\Users\\mahmo\\Barcody\\vendor\\laravel\\framework\\src\\Illuminate\\Pipeline\\Pipeline.php(180): Illuminate\\Routing\\Middleware\\SubstituteBindings->handle(Object(Illuminate\\Http\\Request), Object(Closure))
#9 C:\\Users\\mahmo\\Barcody\\vendor\\laravel\\framework\\src\\Illuminate\\Routing\\Middleware\\ThrottleRequests.php(126): Illuminate\\Pipeline\\Pipeline->Illuminate\\Pipeline\\{closure}(Object(Illuminate\\Http\\Request))
#10 C:\\Users\\mahmo\\Barcody\\vendor\\laravel\\framework\\src\\Illuminate\\Routing\\Middleware\\ThrottleRequests.php(92): Illuminate\\Routing\\Middleware\\ThrottleRequests->handleRequest(Object(Illuminate\\Http\\Request), Object(Closure), Array)
#11 C:\\Users\\mahmo\\Barcody\\vendor\\laravel\\framework\\src\\Illuminate\\Routing\\Middleware\\ThrottleRequests.php(54): Illuminate\\Routing\\Middleware\\ThrottleRequests->handleRequestUsingNamedLimiter(Object(Illuminate\\Http\\Request), Object(Closure), 'api', Object(Closure))
#12 C:\\Users\\mahmo\\Barcody\\vendor\\laravel\\framework\\src\\Illuminate\\Pipeline\\Pipeline.php(180): Illuminate\\Routing\\Middleware\\ThrottleRequests->handle(Object(Illuminate\\Http\\Request), Object(Closure), 'api')
#13 C:\\Users\\mahmo\\Barcody\\vendor\\laravel\\framework\\src\\Illuminate\\Pipeline\\Pipeline.php(116): Illuminate\\Pipeline\\Pipeline->Illuminate\\Pipeline\\{closure}(Object(Illuminate\\Http\\Request))
#14 C:\\Users\\mahmo\\Barcody\\vendor\\laravel\\framework\\src\\Illuminate\\Routing\\Router.php(797): Illuminate\\Pipeline\\Pipeline->then(Object(Closure))
#15 C:\\Users\\mahmo\\Barcody\\vendor\\laravel\\framework\\src\\Illuminate\\Routing\\Router.php(776): Illuminate\\Routing\\Router->runRouteWithinStack(Object(Illuminate\\Routing\\Route), Object(Illuminate\\Http\\Request))
#16 C:\\Users\\mahmo\\Barcody\\vendor\\laravel\\framework\\src\\Illuminate\\Routing\\Router.php(740): Illuminate\\Routing\\Router->runRoute(Object(Illuminate\\Http\\Request), Object(Illuminate\\Routing\\Route))
#17 C:\\Users\\mahmo\\Barcody\\vendor\\laravel\\framework\\src\\Illuminate\\Routing\\Router.php(729): Illuminate\\Routing\\Router->dispatchToRoute(Object(Illuminate\\Http\\Request))
#18 C:\\Users\\mahmo\\Barcody\\vendor\\laravel\\framework\\src\\Illuminate\\Foundation\\Http\\Kernel.php(190): Illuminate\\Routing\\Router->dispatch(Object(Illuminate\\Http\\Request))
#19 C:\\Users\\mahmo\\Barcody\\vendor\\laravel\\framework\\src\\Illuminate\\Pipeline\\Pipeline.php(141): Illuminate\\Foundation\\Http\\Kernel->Illuminate\\Foundation\\Http\\{closure}(Object(Illuminate\\Http\\Request))
#20 C:\\Users\\mahmo\\Barcody\\vendor\\laravel\\framework\\src\\Illuminate\\Foundation\\Http\\Middleware\\TransformsRequest.php(21): Illuminate\\Pipeline\\Pipeline->Illuminate\\Pipeline\\{closure}(Object(Illuminate\\Http\\Request))
#21 C:\\Users\\mahmo\\Barcody\\vendor\\laravel\\framework\\src\\Illuminate\\Foundation\\Http\\Middleware\\ConvertEmptyStringsToNull.php(31): Illuminate\\Foundation\\Http\\Middleware\\TransformsRequest->handle(Object(Illuminate\\Http\\Request), Object(Closure))
#22 C:\\Users\\mahmo\\Barcody\\vendor\\laravel\\framework\\src\\Illuminate\\Pipeline\\Pipeline.php(180): Illuminate\\Foundation\\Http\\Middleware\\ConvertEmptyStringsToNull->handle(Object(Illuminate\\Http\\Request), Object(Closure))
#23 C:\\Users\\mahmo\\Barcody\\vendor\\laravel\\framework\\src\\Illuminate\\Foundation\\Http\\Middleware\\TransformsRequest.php(21): Illuminate\\Pipeline\\Pipeline->Illuminate\\Pipeline\\{closure}(Object(Illuminate\\Http\\Request))
#24 C:\\Users\\mahmo\\Barcody\\vendor\\laravel\\framework\\src\\Illuminate\\Foundation\\Http\\Middleware\\TrimStrings.php(40): Illuminate\\Foundation\\Http\\Middleware\\TransformsRequest->handle(Object(Illuminate\\Http\\Request), Object(Closure))
#25 C:\\Users\\mahmo\\Barcody\\vendor\\laravel\\framework\\src\\Illuminate\\Pipeline\\Pipeline.php(180): Illuminate\\Foundation\\Http\\Middleware\\TrimStrings->handle(Object(Illuminate\\Http\\Request), Object(Closure))
#26 C:\\Users\\mahmo\\Barcody\\vendor\\laravel\\framework\\src\\Illuminate\\Foundation\\Http\\Middleware\\ValidatePostSize.php(27): Illuminate\\Pipeline\\Pipeline->Illuminate\\Pipeline\\{closure}(Object(Illuminate\\Http\\Request))
#27 C:\\Users\\mahmo\\Barcody\\vendor\\laravel\\framework\\src\\Illuminate\\Pipeline\\Pipeline.php(180): Illuminate\\Foundation\\Http\\Middleware\\ValidatePostSize->handle(Object(Illuminate\\Http\\Request), Object(Closure))
#28 C:\\Users\\mahmo\\Barcody\\vendor\\laravel\\framework\\src\\Illuminate\\Foundation\\Http\\Middleware\\PreventRequestsDuringMaintenance.php(86): Illuminate\\Pipeline\\Pipeline->Illuminate\\Pipeline\\{closure}(Object(Illuminate\\Http\\Request))
#29 C:\\Users\\mahmo\\Barcody\\vendor\\laravel\\framework\\src\\Illuminate\\Pipeline\\Pipeline.php(180): Illuminate\\Foundation\\Http\\Middleware\\PreventRequestsDuringMaintenance->handle(Object(Illuminate\\Http\\Request), Object(Closure))
#30 C:\\Users\\mahmo\\Barcody\\vendor\\laravel\\framework\\src\\Illuminate\\Http\\Middleware\\HandleCors.php(62): Illuminate\\Pipeline\\Pipeline->Illuminate\\Pipeline\\{closure}(Object(Illuminate\\Http\\Request))
#31 C:\\Users\\mahmo\\Barcody\\vendor\\laravel\\framework\\src\\Illuminate\\Pipeline\\Pipeline.php(180): Illuminate\\Http\\Middleware\\HandleCors->handle(Object(Illuminate\\Http\\Request), Object(Closure))
#32 C:\\Users\\mahmo\\Barcody\\vendor\\laravel\\framework\\src\\Illuminate\\Http\\Middleware\\TrustProxies.php(39): Illuminate\\Pipeline\\Pipeline->Illuminate\\Pipeline\\{closure}(Object(Illuminate\\Http\\Request))
#33 C:\\Users\\mahmo\\Barcody\\vendor\\laravel\\framework\\src\\Illuminate\\Pipeline\\Pipeline.php(180): Illuminate\\Http\\Middleware\\TrustProxies->handle(Object(Illuminate\\Http\\Request), Object(Closure))
#34 C:\\Users\\mahmo\\Barcody\\vendor\\laravel\\framework\\src\\Illuminate\\Pipeline\\Pipeline.php(116): Illuminate\\Pipeline\\Pipeline->Illuminate\\Pipeline\\{closure}(Object(Illuminate\\Http\\Request))
#35 C:\\Users\\mahmo\\Barcody\\vendor\\laravel\\framework\\src\\Illuminate\\Foundation\\Http\\Kernel.php(165): Illuminate\\Pipeline\\Pipeline->then(Object(Closure))
#36 C:\\Users\\mahmo\\Barcody\\vendor\\laravel\\framework\\src\\Illuminate\\Foundation\\Http\\Kernel.php(134): Illuminate\\Foundation\\Http\\Kernel->sendRequestThroughRouter(Object(Illuminate\\Http\\Request))
#37 C:\\Users\\mahmo\\Barcody\\public\\index.php(51): Illuminate\\Foundation\\Http\\Kernel->handle(Object(Illuminate\\Http\\Request))
#38 C:\\Users\\mahmo\\Barcody\\vendor\\laravel\\framework\\src\\Illuminate\\Foundation\\resources\\server.php(16): require_once('C:\\\\Users\\\\mahmo\\\\...')
#39 {main}"} 
[2026-05-31 22:27:28] local.ERROR: Failed to send OTP {"error":"WhatsApp API key not configured","phone":"966500000001","trace":"#0 C:\\Users\\mahmo\\Barcody\\app\\Http\\Controllers\\UserauthController.php(605): App\\Http\\Controllers\\UserauthController->sendWhatsappOTP('966500000001', 846530)
#1 C:\\Users\\mahmo\\Barcody\\vendor\\laravel\\framework\\src\\Illuminate\\Routing\\Controller.php(54): App\\Http\\Controllers\\UserauthController->phoneLogin(Object(Illuminate\\Http\\Request))
#2 C:\\Users\\mahmo\\Barcody\\vendor\\laravel\\framework\\src\\Illuminate\\Routing\\ControllerDispatcher.php(43): Illuminate\\Routing\\Controller->callAction('phoneLogin', Array)
#3 C:\\Users\\mahmo\\Barcody\\vendor\\laravel\\framework\\src\\Illuminate\\Routing\\Route.php(259): Illuminate\\Routing\\ControllerDispatcher->dispatch(Object(Illuminate\\Routing\\Route), Object(App\\Http\\Controllers\\UserauthController), 'phoneLogin')
#4 C:\\Users\\mahmo\\Barcody\\vendor\\laravel\\framework\\src\\Illuminate\\Routing\\Route.php(205): Illuminate\\Routing\\Route->runController()
#5 C:\\Users\\mahmo\\Barcody\\vendor\\laravel\\framework\\src\\Illuminate\\Routing\\Router.php(798): Illuminate\\Routing\\Route->run()
#6 C:\\Users\\mahmo\\Barcody\\vendor\\laravel\\framework\\src\\Illuminate\\Pipeline\\Pipeline.php(141): Illuminate\\Routing\\Router->Illuminate\\Routing\\{closure}(Object(Illuminate\\Http\\Request))
#7 C:\\Users\\mahmo\\Barcody\\vendor\\laravel\\framework\\src\\Illuminate\\Routing\\Middleware\\SubstituteBindings.php(50): Illuminate\\Pipeline\\Pipeline->Illuminate\\Pipeline\\{closure}(Object(Illuminate\\Http\\Request))
#8 C:\\Users\\mahmo\\Barcody\\vendor\\laravel\\framework\\src\\Illuminate\\Pipeline\\Pipeline.php(180): Illuminate\\Routing\\Middleware\\SubstituteBindings->handle(Object(Illuminate\\Http\\Request), Object(Closure))
#9 C:\\Users\\mahmo\\Barcody\\vendor\\laravel\\framework\\src\\Illuminate\\Routing\\Middleware\\ThrottleRequests.php(126): Illuminate\\Pipeline\\Pipeline->Illuminate\\Pipeline\\{closure}(Object(Illuminate\\Http\\Request))
#10 C:\\Users\\mahmo\\Barcody\\vendor\\laravel\\framework\\src\\Illuminate\\Routing\\Middleware\\ThrottleRequests.php(92): Illuminate\\Routing\\Middleware\\ThrottleRequests->handleRequest(Object(Illuminate\\Http\\Request), Object(Closure), Array)
#11 C:\\Users\\mahmo\\Barcody\\vendor\\laravel\\framework\\src\\Illuminate\\Routing\\Middleware\\ThrottleRequests.php(54): Illuminate\\Routing\\Middleware\\ThrottleRequests->handleRequestUsingNamedLimiter(Object(Illuminate\\Http\\Request), Object(Closure), 'api', Object(Closure))
#12 C:\\Users\\mahmo\\Barcody\\vendor\\laravel\\framework\\src\\Illuminate\\Pipeline\\Pipeline.php(180): Illuminate\\Routing\\Middleware\\ThrottleRequests->handle(Object(Illuminate\\Http\\Request), Object(Closure), 'api')
#13 C:\\Users\\mahmo\\Barcody\\vendor\\laravel\\framework\\src\\Illuminate\\Pipeline\\Pipeline.php(116): Illuminate\\Pipeline\\Pipeline->Illuminate\\Pipeline\\{closure}(Object(Illuminate\\Http\\Request))
#14 C:\\Users\\mahmo\\Barcody\\vendor\\laravel\\framework\\src\\Illuminate\\Routing\\Router.php(797): Illuminate\\Pipeline\\Pipeline->then(Object(Closure))
#15 C:\\Users\\mahmo\\Barcody\\vendor\\laravel\\framework\\src\\Illuminate\\Routing\\Router.php(776): Illuminate\\Routing\\Router->runRouteWithinStack(Object(Illuminate\\Routing\\Route), Object(Illuminate\\Http\\Request))
#16 C:\\Users\\mahmo\\Barcody\\vendor\\laravel\\framework\\src\\Illuminate\\Routing\\Router.php(740): Illuminate\\Routing\\Router->runRoute(Object(Illuminate\\Http\\Request), Object(Illuminate\\Routing\\Route))
#17 C:\\Users\\mahmo\\Barcody\\vendor\\laravel\\framework\\src\\Illuminate\\Routing\\Router.php(729): Illuminate\\Routing\\Router->dispatchToRoute(Object(Illuminate\\Http\\Request))
#18 C:\\Users\\mahmo\\Barcody\\vendor\\laravel\\framework\\src\\Illuminate\\Foundation\\Http\\Kernel.php(190): Illuminate\\Routing\\Router->dispatch(Object(Illuminate\\Http\\Request))
#19 C:\\Users\\mahmo\\Barcody\\vendor\\laravel\\framework\\src\\Illuminate\\Pipeline\\Pipeline.php(141): Illuminate\\Foundation\\Http\\Kernel->Illuminate\\Foundation\\Http\\{closure}(Object(Illuminate\\Http\\Request))
#20 C:\\Users\\mahmo\\Barcody\\vendor\\laravel\\framework\\src\\Illuminate\\Foundation\\Http\\Middleware\\TransformsRequest.php(21): Illuminate\\Pipeline\\Pipeline->Illuminate\\Pipeline\\{closure}(Object(Illuminate\\Http\\Request))
#21 C:\\Users\\mahmo\\Barcody\\vendor\\laravel\\framework\\src\\Illuminate\\Foundation\\Http\\Middleware\\ConvertEmptyStringsToNull.php(31): Illuminate\\Foundation\\Http\\Middleware\\TransformsRequest->handle(Object(Illuminate\\Http\\Request), Object(Closure))
#22 C:\\Users\\mahmo\\Barcody\\vendor\\laravel\\framework\\src\\Illuminate\\Pipeline\\Pipeline.php(180): Illuminate\\Foundation\\Http\\Middleware\\ConvertEmptyStringsToNull->handle(Object(Illuminate\\Http\\Request), Object(Closure))
#23 C:\\Users\\mahmo\\Barcody\\vendor\\laravel\\framework\\src\\Illuminate\\Foundation\\Http\\Middleware\\TransformsRequest.php(21): Illuminate\\Pipeline\\Pipeline->Illuminate\\Pipeline\\{closure}(Object(Illuminate\\Http\\Request))
#24 C:\\Users\\mahmo\\Barcody\\vendor\\laravel\\framework\\src\\Illuminate\\Foundation\\Http\\Middleware\\TrimStrings.php(40): Illuminate\\Foundation\\Http\\Middleware\\TransformsRequest->handle(Object(Illuminate\\Http\\Request), Object(Closure))
#25 C:\\Users\\mahmo\\Barcody\\vendor\\laravel\\framework\\src\\Illuminate\\Pipeline\\Pipeline.php(180): Illuminate\\Foundation\\Http\\Middleware\\TrimStrings->handle(Object(Illuminate\\Http\\Request), Object(Closure))
#26 C:\\Users\\mahmo\\Barcody\\vendor\\laravel\\framework\\src\\Illuminate\\Foundation\\Http\\Middleware\\ValidatePostSize.php(27): Illuminate\\Pipeline\\Pipeline->Illuminate\\Pipeline\\{closure}(Object(Illuminate\\Http\\Request))
#27 C:\\Users\\mahmo\\Barcody\\vendor\\laravel\\framework\\src\\Illuminate\\Pipeline\\Pipeline.php(180): Illuminate\\Foundation\\Http\\Middleware\\ValidatePostSize->handle(Object(Illuminate\\Http\\Request), Object(Closure))
#28 C:\\Users\\mahmo\\Barcody\\vendor\\laravel\\framework\\src\\Illuminate\\Foundation\\Http\\Middleware\\PreventRequestsDuringMaintenance.php(86): Illuminate\\Pipeline\\Pipeline->Illuminate\\Pipeline\\{closure}(Object(Illuminate\\Http\\Request))
#29 C:\\Users\\mahmo\\Barcody\\vendor\\laravel\\framework\\src\\Illuminate\\Pipeline\\Pipeline.php(180): Illuminate\\Foundation\\Http\\Middleware\\PreventRequestsDuringMaintenance->handle(Object(Illuminate\\Http\\Request), Object(Closure))
#30 C:\\Users\\mahmo\\Barcody\\vendor\\laravel\\framework\\src\\Illuminate\\Http\\Middleware\\HandleCors.php(62): Illuminate\\Pipeline\\Pipeline->Illuminate\\Pipeline\\{closure}(Object(Illuminate\\Http\\Request))
#31 C:\\Users\\mahmo\\Barcody\\vendor\\laravel\\framework\\src\\Illuminate\\Pipeline\\Pipeline.php(180): Illuminate\\Http\\Middleware\\HandleCors->handle(Object(Illuminate\\Http\\Request), Object(Closure))
#32 C:\\Users\\mahmo\\Barcody\\vendor\\laravel\\framework\\src\\Illuminate\\Http\\Middleware\\TrustProxies.php(39): Illuminate\\Pipeline\\Pipeline->Illuminate\\Pipeline\\{closure}(Object(Illuminate\\Http\\Request))
#33 C:\\Users\\mahmo\\Barcody\\vendor\\laravel\\framework\\src\\Illuminate\\Pipeline\\Pipeline.php(180): Illuminate\\Http\\Middleware\\TrustProxies->handle(Object(Illuminate\\Http\\Request), Object(Closure))
#34 C:\\Users\\mahmo\\Barcody\\vendor\\laravel\\framework\\src\\Illuminate\\Pipeline\\Pipeline.php(116): Illuminate\\Pipeline\\Pipeline->Illuminate\\Pipeline\\{closure}(Object(Illuminate\\Http\\Request))
#35 C:\\Users\\mahmo\\Barcody\\vendor\\laravel\\framework\\src\\Illuminate\\Foundation\\Http\\Kernel.php(165): Illuminate\\Pipeline\\Pipeline->then(Object(Closure))
#36 C:\\Users\\mahmo\\Barcody\\vendor\\laravel\\framework\\src\\Illuminate\\Foundation\\Http\\Kernel.php(134): Illuminate\\Foundation\\Http\\Kernel->sendRequestThroughRouter(Object(Illuminate\\Http\\Request))
#37 C:\\Users\\mahmo\\Barcody\\public\\index.php(51): Illuminate\\Foundation\\Http\\Kernel->handle(Object(Illuminate\\Http\\Request))
#38 C:\\Users\\mahmo\\Barcody\\vendor\\laravel\\framework\\src\\Illuminate\\Foundation\\resources\\server.php(16): require_once('C:\\\\Users\\\\mahmo\\\\...')
#39 {main}"} 
[2026-05-31 22:27:29] local.ERROR: Failed to send OTP {"error":"WhatsApp API key not configured","phone":"966500000001","trace":"#0 C:\\Users\\mahmo\\Barcody\\app\\Http\\Controllers\\UserauthController.php(373): App\\Http\\Controllers\\UserauthController->sendWhatsappOTP('966500000001', 933006)
#1 C:\\Users\\mahmo\\Barcody\\vendor\\laravel\\framework\\src\\Illuminate\\Routing\\Controller.php(54): App\\Http\\Controllers\\UserauthController->resendOtpApi(Object(Illuminate\\Http\\Request))
#2 C:\\Users\\mahmo\\Barcody\\vendor\\laravel\\framework\\src\\Illuminate\\Routing\\ControllerDispatcher.php(43): Illuminate\\Routing\\Controller->callAction('resendOtpApi', Array)
#3 C:\\Users\\mahmo\\Barcody\\vendor\\laravel\\framework\\src\\Illuminate\\Routing\\Route.php(259): Illuminate\\Routing\\ControllerDispatcher->dispatch(Object(Illuminate\\Routing\\Route), Object(App\\Http\\Controllers\\UserauthController), 'resendOtpApi')
#4 C:\\Users\\mahmo\\Barcody\\vendor\\laravel\\framework\\src\\Illuminate\\Routing\\Route.php(205): Illuminate\\Routing\\Route->runController()
#5 C:\\Users\\mahmo\\Barcody\\vendor\\laravel\\framework\\src\\Illuminate\\Routing\\Router.php(798): Illuminate\\Routing\\Route->run()
#6 C:\\Users\\mahmo\\Barcody\\vendor\\laravel\\framework\\src\\Illuminate\\Pipeline\\Pipeline.php(141): Illuminate\\Routing\\Router->Illuminate\\Routing\\{closure}(Object(Illuminate\\Http\\Request))
#7 C:\\Users\\mahmo\\Barcody\\vendor\\laravel\\framework\\src\\Illuminate\\Routing\\Middleware\\SubstituteBindings.php(50): Illuminate\\Pipeline\\Pipeline->Illuminate\\Pipeline\\{closure}(Object(Illuminate\\Http\\Request))
#8 C:\\Users\\mahmo\\Barcody\\vendor\\laravel\\framework\\src\\Illuminate\\Pipeline\\Pipeline.php(180): Illuminate\\Routing\\Middleware\\SubstituteBindings->handle(Object(Illuminate\\Http\\Request), Object(Closure))
#9 C:\\Users\\mahmo\\Barcody\\vendor\\laravel\\framework\\src\\Illuminate\\Routing\\Middleware\\ThrottleRequests.php(126): Illuminate\\Pipeline\\Pipeline->Illuminate\\Pipeline\\{closure}(Object(Illuminate\\Http\\Request))
#10 C:\\Users\\mahmo\\Barcody\\vendor\\laravel\\framework\\src\\Illuminate\\Routing\\Middleware\\ThrottleRequests.php(92): Illuminate\\Routing\\Middleware\\ThrottleRequests->handleRequest(Object(Illuminate\\Http\\Request), Object(Closure), Array)
#11 C:\\Users\\mahmo\\Barcody\\vendor\\laravel\\framework\\src\\Illuminate\\Routing\\Middleware\\ThrottleRequests.php(54): Illuminate\\Routing\\Middleware\\ThrottleRequests->handleRequestUsingNamedLimiter(Object(Illuminate\\Http\\Request), Object(Closure), 'api', Object(Closure))
#12 C:\\Users\\mahmo\\Barcody\\vendor\\laravel\\framework\\src\\Illuminate\\Pipeline\\Pipeline.php(180): Illuminate\\Routing\\Middleware\\ThrottleRequests->handle(Object(Illuminate\\Http\\Request), Object(Closure), 'api')
#13 C:\\Users\\mahmo\\Barcody\\vendor\\laravel\\framework\\src\\Illuminate\\Pipeline\\Pipeline.php(116): Illuminate\\Pipeline\\Pipeline->Illuminate\\Pipeline\\{closure}(Object(Illuminate\\Http\\Request))
#14 C:\\Users\\mahmo\\Barcody\\vendor\\laravel\\framework\\src\\Illuminate\\Routing\\Router.php(797): Illuminate\\Pipeline\\Pipeline->then(Object(Closure))
#15 C:\\Users\\mahmo\\Barcody\\vendor\\laravel\\framework\\src\\Illuminate\\Routing\\Router.php(776): Illuminate\\Routing\\Router->runRouteWithinStack(Object(Illuminate\\Routing\\Route), Object(Illuminate\\Http\\Request))
#16 C:\\Users\\mahmo\\Barcody\\vendor\\laravel\\framework\\src\\Illuminate\\Routing\\Router.php(740): Illuminate\\Routing\\Router->runRoute(Object(Illuminate\\Http\\Request), Object(Illuminate\\Routing\\Route))
#17 C:\\Users\\mahmo\\Barcody\\vendor\\laravel\\framework\\src\\Illuminate\\Routing\\Router.php(729): Illuminate\\Routing\\Router->dispatchToRoute(Object(Illuminate\\Http\\Request))
#18 C:\\Users\\mahmo\\Barcody\\vendor\\laravel\\framework\\src\\Illuminate\\Foundation\\Http\\Kernel.php(190): Illuminate\\Routing\\Router->dispatch(Object(Illuminate\\Http\\Request))
#19 C:\\Users\\mahmo\\Barcody\\vendor\\laravel\\framework\\src\\Illuminate\\Pipeline\\Pipeline.php(141): Illuminate\\Foundation\\Http\\Kernel->Illuminate\\Foundation\\Http\\{closure}(Object(Illuminate\\Http\\Request))
#20 C:\\Users\\mahmo\\Barcody\\vendor\\laravel\\framework\\src\\Illuminate\\Foundation\\Http\\Middleware\\TransformsRequest.php(21): Illuminate\\Pipeline\\Pipeline->Illuminate\\Pipeline\\{closure}(Object(Illuminate\\Http\\Request))
#21 C:\\Users\\mahmo\\Barcody\\vendor\\laravel\\framework\\src\\Illuminate\\Foundation\\Http\\Middleware\\ConvertEmptyStringsToNull.php(31): Illuminate\\Foundation\\Http\\Middleware\\TransformsRequest->handle(Object(Illuminate\\Http\\Request), Object(Closure))
#22 C:\\Users\\mahmo\\Barcody\\vendor\\laravel\\framework\\src\\Illuminate\\Pipeline\\Pipeline.php(180): Illuminate\\Foundation\\Http\\Middleware\\ConvertEmptyStringsToNull->handle(Object(Illuminate\\Http\\Request), Object(Closure))
#23 C:\\Users\\mahmo\\Barcody\\vendor\\laravel\\framework\\src\\Illuminate\\Foundation\\Http\\Middleware\\TransformsRequest.php(21): Illuminate\\Pipeline\\Pipeline->Illuminate\\Pipeline\\{closure}(Object(Illuminate\\Http\\Request))
#24 C:\\Users\\mahmo\\Barcody\\vendor\\laravel\\framework\\src\\Illuminate\\Foundation\\Http\\Middleware\\TrimStrings.php(40): Illuminate\\Foundation\\Http\\Middleware\\TransformsRequest->handle(Object(Illuminate\\Http\\Request), Object(Closure))
#25 C:\\Users\\mahmo\\Barcody\\vendor\\laravel\\framework\\src\\Illuminate\\Pipeline\\Pipeline.php(180): Illuminate\\Foundation\\Http\\Middleware\\TrimStrings->handle(Object(Illuminate\\Http\\Request), Object(Closure))
#26 C:\\Users\\mahmo\\Barcody\\vendor\\laravel\\framework\\src\\Illuminate\\Foundation\\Http\\Middleware\\ValidatePostSize.php(27): Illuminate\\Pipeline\\Pipeline->Illuminate\\Pipeline\\{closure}(Object(Illuminate\\Http\\Request))
#27 C:\\Users\\mahmo\\Barcody\\vendor\\laravel\\framework\\src\\Illuminate\\Pipeline\\Pipeline.php(180): Illuminate\\Foundation\\Http\\Middleware\\ValidatePostSize->handle(Object(Illuminate\\Http\\Request), Object(Closure))
#28 C:\\Users\\mahmo\\Barcody\\vendor\\laravel\\framework\\src\\Illuminate\\Foundation\\Http\\Middleware\\PreventRequestsDuringMaintenance.php(86): Illuminate\\Pipeline\\Pipeline->Illuminate\\Pipeline\\{closure}(Object(Illuminate\\Http\\Request))
#29 C:\\Users\\mahmo\\Barcody\\vendor\\laravel\\framework\\src\\Illuminate\\Pipeline\\Pipeline.php(180): Illuminate\\Foundation\\Http\\Middleware\\PreventRequestsDuringMaintenance->handle(Object(Illuminate\\Http\\Request), Object(Closure))
#30 C:\\Users\\mahmo\\Barcody\\vendor\\laravel\\framework\\src\\Illuminate\\Http\\Middleware\\HandleCors.php(62): Illuminate\\Pipeline\\Pipeline->Illuminate\\Pipeline\\{closure}(Object(Illuminate\\Http\\Request))
#31 C:\\Users\\mahmo\\Barcody\\vendor\\laravel\\framework\\src\\Illuminate\\Pipeline\\Pipeline.php(180): Illuminate\\Http\\Middleware\\HandleCors->handle(Object(Illuminate\\Http\\Request), Object(Closure))
#32 C:\\Users\\mahmo\\Barcody\\vendor\\laravel\\framework\\src\\Illuminate\\Http\\Middleware\\TrustProxies.php(39): Illuminate\\Pipeline\\Pipeline->Illuminate\\Pipeline\\{closure}(Object(Illuminate\\Http\\Request))
#33 C:\\Users\\mahmo\\Barcody\\vendor\\laravel\\framework\\src\\Illuminate\\Pipeline\\Pipeline.php(180): Illuminate\\Http\\Middleware\\TrustProxies->handle(Object(Illuminate\\Http\\Request), Object(Closure))
#34 C:\\Users\\mahmo\\Barcody\\vendor\\laravel\\framework\\src\\Illuminate\\Pipeline\\Pipeline.php(116): Illuminate\\Pipeline\\Pipeline->Illuminate\\Pipeline\\{closure}(Object(Illuminate\\Http\\Request))
#35 C:\\Users\\mahmo\\Barcody\\vendor\\laravel\\framework\\src\\Illuminate\\Foundation\\Http\\Kernel.php(165): Illuminate\\Pipeline\\Pipeline->then(Object(Closure))
#36 C:\\Users\\mahmo\\Barcody\\vendor\\laravel\\framework\\src\\Illuminate\\Foundation\\Http\\Kernel.php(134): Illuminate\\Foundation\\Http\\Kernel->sendRequestThroughRouter(Object(Illuminate\\Http\\Request))
#37 C:\\Users\\mahmo\\Barcody\\public\\index.php(51): Illuminate\\Foundation\\Http\\Kernel->handle(Object(Illuminate\\Http\\Request))
#38 C:\\Users\\mahmo\\Barcody\\vendor\\laravel\\framework\\src\\Illuminate\\Foundation\\resources\\server.php(16): require_once('C:\\\\Users\\\\mahmo\\\\...')
#39 {main}"} 
[2026-05-31 22:27:30] local.ERROR: Failed to send OTP {"error":"WhatsApp API key not configured","phone":"966500000001","trace":"#0 C:\\Users\\mahmo\\Barcody\\app\\Http\\Controllers\\UserauthController.php(286): App\\Http\\Controllers\\UserauthController->sendWhatsappOTP('966500000001', 887425)
#1 C:\\Users\\mahmo\\Barcody\\vendor\\laravel\\framework\\src\\Illuminate\\Routing\\Controller.php(54): App\\Http\\Controllers\\UserauthController->forgotPassword(Object(Illuminate\\Http\\Request))
#2 C:\\Users\\mahmo\\Barcody\\vendor\\laravel\\framework\\src\\Illuminate\\Routing\\ControllerDispatcher.php(43): Illuminate\\Routing\\Controller->callAction('forgotPassword', Array)
#3 C:\\Users\\mahmo\\Barcody\\vendor\\laravel\\framework\\src\\Illuminate\\Routing\\Route.php(259): Illuminate\\Routing\\ControllerDispatcher->dispatch(Object(Illuminate\\Routing\\Route), Object(App\\Http\\Controllers\\UserauthController), 'forgotPassword')
#4 C:\\Users\\mahmo\\Barcody\\vendor\\laravel\\framework\\src\\Illuminate\\Routing\\Route.php(205): Illuminate\\Routing\\Route->runController()
#5 C:\\Users\\mahmo\\Barcody\\vendor\\laravel\\framework\\src\\Illuminate\\Routing\\Router.php(798): Illuminate\\Routing\\Route->run()
#6 C:\\Users\\mahmo\\Barcody\\vendor\\laravel\\framework\\src\\Illuminate\\Pipeline\\Pipeline.php(141): Illuminate\\Routing\\Router->Illuminate\\Routing\\{closure}(Object(Illuminate\\Http\\Request))
#7 C:\\Users\\mahmo\\Barcody\\vendor\\laravel\\framework\\src\\Illuminate\\Routing\\Middleware\\SubstituteBindings.php(50): Illuminate\\Pipeline\\Pipeline->Illuminate\\Pipeline\\{closure}(Object(Illuminate\\Http\\Request))
#8 C:\\Users\\mahmo\\Barcody\\vendor\\laravel\\framework\\src\\Illuminate\\Pipeline\\Pipeline.php(180): Illuminate\\Routing\\Middleware\\SubstituteBindings->handle(Object(Illuminate\\Http\\Request), Object(Closure))
#9 C:\\Users\\mahmo\\Barcody\\vendor\\laravel\\framework\\src\\Illuminate\\Routing\\Middleware\\ThrottleRequests.php(126): Illuminate\\Pipeline\\Pipeline->Illuminate\\Pipeline\\{closure}(Object(Illuminate\\Http\\Request))
#10 C:\\Users\\mahmo\\Barcody\\vendor\\laravel\\framework\\src\\Illuminate\\Routing\\Middleware\\ThrottleRequests.php(92): Illuminate\\Routing\\Middleware\\ThrottleRequests->handleRequest(Object(Illuminate\\Http\\Request), Object(Closure), Array)
#11 C:\\Users\\mahmo\\Barcody\\vendor\\laravel\\framework\\src\\Illuminate\\Routing\\Middleware\\ThrottleRequests.php(54): Illuminate\\Routing\\Middleware\\ThrottleRequests->handleRequestUsingNamedLimiter(Object(Illuminate\\Http\\Request), Object(Closure), 'api', Object(Closure))
#12 C:\\Users\\mahmo\\Barcody\\vendor\\laravel\\framework\\src\\Illuminate\\Pipeline\\Pipeline.php(180): Illuminate\\Routing\\Middleware\\ThrottleRequests->handle(Object(Illuminate\\Http\\Request), Object(Closure), 'api')
#13 C:\\Users\\mahmo\\Barcody\\vendor\\laravel\\framework\\src\\Illuminate\\Pipeline\\Pipeline.php(116): Illuminate\\Pipeline\\Pipeline->Illuminate\\Pipeline\\{closure}(Object(Illuminate\\Http\\Request))
#14 C:\\Users\\mahmo\\Barcody\\vendor\\laravel\\framework\\src\\Illuminate\\Routing\\Router.php(797): Illuminate\\Pipeline\\Pipeline->then(Object(Closure))
#15 C:\\Users\\mahmo\\Barcody\\vendor\\laravel\\framework\\src\\Illuminate\\Routing\\Router.php(776): Illuminate\\Routing\\Router->runRouteWithinStack(Object(Illuminate\\Routing\\Route), Object(Illuminate\\Http\\Request))
#16 C:\\Users\\mahmo\\Barcody\\vendor\\laravel\\framework\\src\\Illuminate\\Routing\\Router.php(740): Illuminate\\Routing\\Router->runRoute(Object(Illuminate\\Http\\Request), Object(Illuminate\\Routing\\Route))
#17 C:\\Users\\mahmo\\Barcody\\vendor\\laravel\\framework\\src\\Illuminate\\Routing\\Router.php(729): Illuminate\\Routing\\Router->dispatchToRoute(Object(Illuminate\\Http\\Request))
#18 C:\\Users\\mahmo\\Barcody\\vendor\\laravel\\framework\\src\\Illuminate\\Foundation\\Http\\Kernel.php(190): Illuminate\\Routing\\Router->dispatch(Object(Illuminate\\Http\\Request))
#19 C:\\Users\\mahmo\\Barcody\\vendor\\laravel\\framework\\src\\Illuminate\\Pipeline\\Pipeline.php(141): Illuminate\\Foundation\\Http\\Kernel->Illuminate\\Foundation\\Http\\{closure}(Object(Illuminate\\Http\\Request))
#20 C:\\Users\\mahmo\\Barcody\\vendor\\laravel\\framework\\src\\Illuminate\\Foundation\\Http\\Middleware\\TransformsRequest.php(21): Illuminate\\Pipeline\\Pipeline->Illuminate\\Pipeline\\{closure}(Object(Illuminate\\Http\\Request))
#21 C:\\Users\\mahmo\\Barcody\\vendor\\laravel\\framework\\src\\Illuminate\\Foundation\\Http\\Middleware\\ConvertEmptyStringsToNull.php(31): Illuminate\\Foundation\\Http\\Middleware\\TransformsRequest->handle(Object(Illuminate\\Http\\Request), Object(Closure))
#22 C:\\Users\\mahmo\\Barcody\\vendor\\laravel\\framework\\src\\Illuminate\\Pipeline\\Pipeline.php(180): Illuminate\\Foundation\\Http\\Middleware\\ConvertEmptyStringsToNull->handle(Object(Illuminate\\Http\\Request), Object(Closure))
#23 C:\\Users\\mahmo\\Barcody\\vendor\\laravel\\framework\\src\\Illuminate\\Foundation\\Http\\Middleware\\TransformsRequest.php(21): Illuminate\\Pipeline\\Pipeline->Illuminate\\Pipeline\\{closure}(Object(Illuminate\\Http\\Request))
#24 C:\\Users\\mahmo\\Barcody\\vendor\\laravel\\framework\\src\\Illuminate\\Foundation\\Http\\Middleware\\TrimStrings.php(40): Illuminate\\Foundation\\Http\\Middleware\\TransformsRequest->handle(Object(Illuminate\\Http\\Request), Object(Closure))
#25 C:\\Users\\mahmo\\Barcody\\vendor\\laravel\\framework\\src\\Illuminate\\Pipeline\\Pipeline.php(180): Illuminate\\Foundation\\Http\\Middleware\\TrimStrings->handle(Object(Illuminate\\Http\\Request), Object(Closure))
#26 C:\\Users\\mahmo\\Barcody\\vendor\\laravel\\framework\\src\\Illuminate\\Foundation\\Http\\Middleware\\ValidatePostSize.php(27): Illuminate\\Pipeline\\Pipeline->Illuminate\\Pipeline\\{closure}(Object(Illuminate\\Http\\Request))
#27 C:\\Users\\mahmo\\Barcody\\vendor\\laravel\\framework\\src\\Illuminate\\Pipeline\\Pipeline.php(180): Illuminate\\Foundation\\Http\\Middleware\\ValidatePostSize->handle(Object(Illuminate\\Http\\Request), Object(Closure))
#28 C:\\Users\\mahmo\\Barcody\\vendor\\laravel\\framework\\src\\Illuminate\\Foundation\\Http\\Middleware\\PreventRequestsDuringMaintenance.php(86): Illuminate\\Pipeline\\Pipeline->Illuminate\\Pipeline\\{closure}(Object(Illuminate\\Http\\Request))
#29 C:\\Users\\mahmo\\Barcody\\vendor\\laravel\\framework\\src\\Illuminate\\Pipeline\\Pipeline.php(180): Illuminate\\Foundation\\Http\\Middleware\\PreventRequestsDuringMaintenance->handle(Object(Illuminate\\Http\\Request), Object(Closure))
#30 C:\\Users\\mahmo\\Barcody\\vendor\\laravel\\framework\\src\\Illuminate\\Http\\Middleware\\HandleCors.php(62): Illuminate\\Pipeline\\Pipeline->Illuminate\\Pipeline\\{closure}(Object(Illuminate\\Http\\Request))
#31 C:\\Users\\mahmo\\Barcody\\vendor\\laravel\\framework\\src\\Illuminate\\Pipeline\\Pipeline.php(180): Illuminate\\Http\\Middleware\\HandleCors->handle(Object(Illuminate\\Http\\Request), Object(Closure))
#32 C:\\Users\\mahmo\\Barcody\\vendor\\laravel\\framework\\src\\Illuminate\\Http\\Middleware\\TrustProxies.php(39): Illuminate\\Pipeline\\Pipeline->Illuminate\\Pipeline\\{closure}(Object(Illuminate\\Http\\Request))
#33 C:\\Users\\mahmo\\Barcody\\vendor\\laravel\\framework\\src\\Illuminate\\Pipeline\\Pipeline.php(180): Illuminate\\Http\\Middleware\\TrustProxies->handle(Object(Illuminate\\Http\\Request), Object(Closure))
#34 C:\\Users\\mahmo\\Barcody\\vendor\\laravel\\framework\\src\\Illuminate\\Pipeline\\Pipeline.php(116): Illuminate\\Pipeline\\Pipeline->Illuminate\\Pipeline\\{closure}(Object(Illuminate\\Http\\Request))
#35 C:\\Users\\mahmo\\Barcody\\vendor\\laravel\\framework\\src\\Illuminate\\Foundation\\Http\\Kernel.php(165): Illuminate\\Pipeline\\Pipeline->then(Object(Closure))
#36 C:\\Users\\mahmo\\Barcody\\vendor\\laravel\\framework\\src\\Illuminate\\Foundation\\Http\\Kernel.php(134): Illuminate\\Foundation\\Http\\Kernel->sendRequestThroughRouter(Object(Illuminate\\Http\\Request))
#37 C:\\Users\\mahmo\\Barcody\\public\\index.php(51): Illuminate\\Foundation\\Http\\Kernel->handle(Object(Illuminate\\Http\\Request))
#38 C:\\Users\\mahmo\\Barcody\\vendor\\laravel\\framework\\src\\Illuminate\\Foundation\\resources\\server.php(16): require_once('C:\\\\Users\\\\mahmo\\\\...')
#39 {main}"} 
[2026-05-31 22:35:56] local.INFO: Attempting to send OTP {"phone":"971567616368","otp":894721,"time":"2026-05-31 22:35:56"} 
[2026-05-31 22:35:58] local.INFO: OTP sent successfully {"phone":"971567616368","response":{"status":"success","message_id":1919113,"message_wamid":"wamid.HBgMOTcxNTY3NjE2MzY4FQIAERgSNEE4QzkwQTlBMzc1NjU5QkY2AA=="}} 
[2026-05-31 22:38:01] local.INFO: Attempting to send OTP {"phone":"966500000001","otp":767040,"time":"2026-05-31 22:38:01"} 
[2026-05-31 22:38:03] local.INFO: OTP sent successfully {"phone":"966500000001","response":{"status":"success","message_id":1919114,"message_wamid":"wamid.HBgMOTY2NTAwMDAwMDAxFQIAERgSNUQ3MkM3NDZGRDZFRDMwQUM0AA=="}} 
[2026-05-31 22:38:04] local.INFO: Attempting to send OTP {"phone":"966500000001","otp":785058,"time":"2026-05-31 22:38:04"} 
[2026-05-31 22:38:05] local.INFO: OTP sent successfully {"phone":"966500000001","response":{"status":"success","message_id":1919115,"message_wamid":"wamid.HBgMOTY2NTAwMDAwMDAxFQIAERgSODRDMDIxQzEwQUVBRDlDRTUyAA=="}} 
[2026-05-31 22:38:06] local.INFO: Attempting to send OTP {"phone":"966500000001","otp":869309,"time":"2026-05-31 22:38:06"} 
[2026-05-31 22:38:08] local.INFO: OTP sent successfully {"phone":"966500000001","response":{"status":"success","message_id":1919116,"message_wamid":"wamid.HBgMOTY2NTAwMDAwMDAxFQIAERgSNUEwNDA3RTNFMjhGRkIwNTVCAA=="}} 
[2026-05-31 22:38:08] local.INFO: Attempting to send OTP {"phone":"966500000001","otp":778227,"time":"2026-05-31 22:38:08"} 
[2026-05-31 22:38:10] local.INFO: OTP sent successfully {"phone":"966500000001","response":{"status":"success","message_id":1919117,"message_wamid":"wamid.HBgMOTY2NTAwMDAwMDAxFQIAERgSMTlBOTU5NjY5ODgxNENFMUM4AA=="}} 
[2026-05-31 22:43:33] local.INFO: Attempting to send OTP {"phone":"966500000001","otp":829767,"time":"2026-05-31 22:43:33"} 
[2026-05-31 22:43:34] local.INFO: OTP sent successfully {"phone":"966500000001","response":{"status":"success","message_id":1919120,"message_wamid":"wamid.HBgMOTY2NTAwMDAwMDAxFQIAERgSQTZEMjhDRjA0NDgxQ0I4OEU4AA=="}} 
[2026-05-31 22:43:35] local.INFO: Attempting to send OTP {"phone":"966500000001","otp":724578,"time":"2026-05-31 22:43:35"} 
[2026-05-31 22:43:36] local.INFO: OTP sent successfully {"phone":"966500000001","response":{"status":"success","message_id":1919121,"message_wamid":"wamid.HBgMOTY2NTAwMDAwMDAxFQIAERgSMjQ3NzBGNDcyNDA4QjFCMTQ2AA=="}} 
[2026-05-31 22:43:37] local.INFO: Attempting to send OTP {"phone":"966500000001","otp":114144,"time":"2026-05-31 22:43:37"} 
[2026-05-31 22:43:39] local.INFO: OTP sent successfully {"phone":"966500000001","response":{"status":"success","message_id":1919122,"message_wamid":"wamid.HBgMOTY2NTAwMDAwMDAxFQIAERgSNzQ4Q0JBNjZENkM5OTNFRTQ1AA=="}} 
[2026-05-31 22:43:40] local.INFO: Attempting to send OTP {"phone":"966500000001","otp":649544,"time":"2026-05-31 22:43:40"} 
[2026-05-31 22:43:41] local.INFO: OTP sent successfully {"phone":"966500000001","response":{"status":"success","message_id":1919123,"message_wamid":"wamid.HBgMOTY2NTAwMDAwMDAxFQIAERgSQzhCMDNFRTQ2OTJEQzY1NTQ1AA=="}} 
[2026-05-31 22:51:28] local.INFO: Attempting to send OTP {"phone":"971567616368","otp":844528,"time":"2026-05-31 22:51:28"} 
[2026-05-31 22:51:29] local.INFO: OTP sent successfully {"phone":"971567616368","response":{"status":"success","message_id":1919124,"message_wamid":"wamid.HBgMOTcxNTY3NjE2MzY4FQIAERgSNzM5RkFCRTJFQjRENzU3ODVBAA=="}} 
[2026-05-31 22:51:30] local.INFO: Attempting to send OTP {"phone":"971567616368","otp":543626,"time":"2026-05-31 22:51:30"} 
[2026-05-31 22:51:31] local.INFO: OTP sent successfully {"phone":"971567616368","response":{"status":"success","message_id":1919125,"message_wamid":"wamid.HBgMOTcxNTY3NjE2MzY4FQIAERgSNTU1NTQzNDhEOEY2M0I3MTQ4AA=="}} 
[2026-05-31 22:51:33] local.INFO: Attempting to send OTP {"phone":"971567616368","otp":207441,"time":"2026-05-31 22:51:33"} 
[2026-05-31 22:51:34] local.INFO: OTP sent successfully {"phone":"971567616368","response":{"status":"success","message_id":1919126,"message_wamid":"wamid.HBgMOTcxNTY3NjE2MzY4FQIAERgSQjNBQTBFNUI2OENDQkJDMEJCAA=="}} 
[2026-05-31 22:51:35] local.INFO: Attempting to send OTP {"phone":"971567616368","otp":369743,"time":"2026-05-31 22:51:35"} 
[2026-05-31 22:51:36] local.INFO: OTP sent successfully {"phone":"971567616368","response":{"status":"success","message_id":1919127,"message_wamid":"wamid.HBgMOTcxNTY3NjE2MzY4FQIAERgSMzEzOUUxMUY2MEMwMDZERUIyAA=="}} 
[2026-05-31 22:52:26] local.INFO: Attempting to send OTP {"phone":"971567616368","otp":678100,"time":"2026-05-31 22:52:26"} 
[2026-05-31 22:52:27] local.INFO: OTP sent successfully {"phone":"971567616368","response":{"status":"success","message_id":1919129,"message_wamid":"wamid.HBgMOTcxNTY3NjE2MzY4FQIAERgSNTU3ODgwNERCNDIxNTVBNEE4AA=="}} 
[2026-05-31 22:52:28] local.INFO: Attempting to send OTP {"phone":"971567616368","otp":263939,"time":"2026-05-31 22:52:28"} 
[2026-05-31 22:52:29] local.INFO: OTP sent successfully {"phone":"971567616368","response":{"status":"success","message_id":1919130,"message_wamid":"wamid.HBgMOTcxNTY3NjE2MzY4FQIAERgSNURDODE4NDA0MzdFQzNEMzE1AA=="}} 
[2026-05-31 22:52:31] local.INFO: Attempting to send OTP {"phone":"971567616368","otp":722590,"time":"2026-05-31 22:52:31"} 
[2026-05-31 22:52:32] local.INFO: OTP sent successfully {"phone":"971567616368","response":{"status":"success","message_id":1919131,"message_wamid":"wamid.HBgMOTcxNTY3NjE2MzY4FQIAERgSQ0U5MEZFNUQxODM2MEYzNkEzAA=="}} 
[2026-05-31 22:52:33] local.INFO: Attempting to send OTP {"phone":"971567616368","otp":339045,"time":"2026-05-31 22:52:33"} 
[2026-05-31 22:52:34] local.INFO: OTP sent successfully {"phone":"971567616368","response":{"status":"success","message_id":1919132,"message_wamid":"wamid.HBgMOTcxNTY3NjE2MzY4FQIAERgSNUQwQTIxQTAwMjQyNzg4MkY4AA=="}} 
